order_id,order_date,product_line,units,order_value,country,fulfillment_center,carrier,promo_type,shipping_cost,delivery_days,promised_days,late_delivery,returned,return_reason
ORD000001,2025-05-26,Signature Hoodie,1,89.0,Australia,3PL_International,Passport_Global,none,18.2,3.8,9,False,True,fit_issue
ORD000002,2025-03-22,Cloud Sweatpants,2,132.6,United States,3PL_East,Carrier_A,influencer_drop,6.35,3.8,5,False,False,none
ORD000003,2025-06-09,Lounge Set,1,142.0,United States,3PL_West,Carrier_A,none,5.72,3.7,5,False,True,changed_mind
ORD000004,2025-05-10,Cloud Sweatpants,1,78.0,Canada,3PL_International,Passport_Global,none,17.75,5.1,9,False,False,none
ORD000005,2025-01-19,Cloud Sweatpants,1,70.2,United States,3PL_Central,Carrier_C,email_drop,5.41,2.7,5,False,False,none
ORD000006,2025-06-27,Signature Hoodie,1,89.0,United States,3PL_West,Carrier_C,none,4.88,5.9,5,True,False,none
ORD000007,2025-05-23,Signature Hoodie,1,89.0,United States,3PL_East,Carrier_A,none,5.52,3.9,5,False,False,none
ORD000008,2025-05-28,Weighted Tee,4,216.0,United States,3PL_West,Carrier_B,none,9.21,4.2,5,False,False,none
ORD000009,2025-01-26,Signature Hoodie,3,213.6,Canada,3PL_International,Passport_Global,product_launch,19.46,9.0,9,False,False,none
ORD000010,2025-03-24,Signature Hoodie,2,142.4,Germany,3PL_International,Passport_Global,holiday_sale,19.2,6.9,9,False,False,none
ORD000011,2025-03-12,Cloud Sweatpants,1,78.0,United States,3PL_East,Carrier_C,none,3.88,5.0,5,False,False,none
ORD000012,2025-06-20,Signature Hoodie,1,89.0,United States,3PL_West,Carrier_D,none,8.21,4.3,5,False,False,none
ORD000013,2025-04-30,Signature Hoodie,4,356.0,United States,3PL_West,Carrier_A,none,7.89,3.4,5,False,False,none
ORD000014,2025-06-04,Signature Hoodie,3,240.3,United States,3PL_East,Carrier_C,product_launch,6.34,4.9,5,False,False,none
ORD000015,2025-03-23,Cloud Sweatpants,3,234.0,United States,3PL_West,Carrier_B,none,7.32,2.7,5,False,False,none
ORD000016,2025-02-15,Cloud Sweatpants,2,156.0,United States,3PL_East,Carrier_C,none,6.75,3.3,5,False,False,none
ORD000017,2025-04-12,Lounge Set,1,127.8,United States,3PL_West,Carrier_B,product_launch,5.19,5.6,5,True,False,none
ORD000018,2025-01-13,Signature Hoodie,2,178.0,United States,3PL_East,Carrier_B,none,7.22,3.6,5,False,False,none
ORD000019,2025-06-04,Weighted Tee,2,108.0,United States,3PL_West,Carrier_C,none,6.39,5.0,5,False,False,none
ORD000020,2025-04-27,Signature Hoodie,1,89.0,United States,3PL_West,Carrier_C,none,5.27,4.3,5,False,False,none
ORD000021,2025-05-23,Signature Hoodie,1,89.0,Canada,3PL_International,Passport_Global,none,17.72,3.5,9,False,False,none
ORD000022,2025-03-10,Weighted Tee,1,54.0,United States,3PL_West,Carrier_B,none,6.8,4.4,5,False,False,none
ORD000023,2025-06-26,Lounge Set,4,454.4,United States,3PL_West,Carrier_D,product_launch,10.36,4.5,5,False,True,quality_issue
ORD000024,2025-06-14,Signature Hoodie,1,89.0,United States,3PL_Central,Carrier_C,none,7.45,3.4,5,False,False,none
ORD000025,2025-05-27,Cloud Sweatpants,3,234.0,United States,3PL_Central,Carrier_B,none,9.33,5.2,5,True,False,none
ORD000026,2025-02-09,Lounge Set,4,482.8,United States,3PL_Central,Carrier_B,influencer_drop,7.95,4.6,5,False,False,none
ORD000027,2025-03-27,Signature Hoodie,1,75.65,Canada,3PL_International,Passport_Global,influencer_drop,18.59,4.7,9,False,False,none
ORD000028,2025-01-09,Signature Hoodie,2,142.4,United States,3PL_East,Carrier_B,email_drop,6.11,1.6,5,False,False,none
ORD000029,2025-02-01,Cloud Sweatpants,1,62.4,United States,3PL_West,Carrier_A,email_drop,5.57,3.6,5,False,False,none
ORD000030,2025-05-08,Lounge Set,3,426.0,United States,3PL_East,Carrier_A,none,6.47,6.5,5,True,False,none
ORD000031,2025-05-20,Cloud Sweatpants,2,132.6,United States,3PL_West,Carrier_A,email_drop,6.53,3.4,5,False,False,none
ORD000032,2025-06-26,Cloud Sweatpants,1,78.0,United States,3PL_East,Carrier_A,none,7.68,3.9,5,False,False,none
ORD000033,2025-03-05,Weighted Tee,3,162.0,United Kingdom,3PL_International,Passport_Global,none,19.53,5.7,9,False,False,none
ORD000034,2025-03-12,Signature Hoodie,3,226.95,United States,3PL_East,Carrier_C,product_launch,8.37,4.9,5,False,False,none
ORD000035,2025-03-27,Lounge Set,4,482.8,Canada,3PL_International,Passport_Global,email_drop,21.43,3.7,9,False,False,none
ORD000036,2025-02-08,Signature Hoodie,2,178.0,Canada,3PL_International,Passport_Global,none,18.6,5.1,9,False,False,none
ORD000037,2025-01-26,Zip Hoodie,4,384.0,United States,3PL_East,Carrier_A,none,9.9,3.1,5,False,True,fit_issue
ORD000038,2025-03-28,Cloud Sweatpants,2,132.6,United States,3PL_West,Carrier_A,product_launch,6.26,2.3,5,False,False,none
ORD000039,2025-02-15,Signature Hoodie,2,178.0,United States,3PL_West,Carrier_B,none,6.6,1.5,5,False,False,none
ORD000040,2025-05-05,Cloud Sweatpants,1,78.0,United States,3PL_Central,Carrier_B,none,5.67,3.5,5,False,False,none
ORD000041,2025-03-22,Lounge Set,1,142.0,United States,3PL_West,Carrier_D,none,8.26,2.4,5,False,False,none
ORD000042,2025-06-05,Cloud Sweatpants,2,156.0,United States,3PL_West,Carrier_B,none,6.32,4.6,5,False,False,none
ORD000043,2025-05-11,Signature Hoodie,3,267.0,United States,3PL_East,Carrier_C,none,9.59,3.7,5,False,False,none
ORD000044,2025-03-03,Signature Hoodie,1,71.2,United States,3PL_West,Carrier_A,product_launch,4.05,4.7,5,False,False,none
ORD000045,2025-06-05,Zip Hoodie,1,96.0,United States,3PL_East,Carrier_C,none,5.0,3.9,5,False,True,fit_issue
ORD000046,2025-06-01,Zip Hoodie,1,96.0,Germany,3PL_International,Passport_Global,none,18.87,3.0,9,False,False,none
ORD000047,2025-03-15,Cloud Sweatpants,1,70.2,United States,3PL_West,Carrier_D,email_drop,6.82,3.8,5,False,False,none
ORD000048,2025-02-28,Signature Hoodie,3,267.0,United States,3PL_Central,Carrier_C,none,7.92,3.0,5,False,False,none
ORD000049,2025-05-08,Zip Hoodie,2,163.2,United States,3PL_West,Carrier_D,email_drop,7.66,5.2,5,True,False,none
ORD000050,2025-01-29,Signature Hoodie,1,71.2,United States,3PL_East,Carrier_C,email_drop,4.34,3.4,5,False,False,none
ORD000051,2025-02-09,Signature Hoodie,3,267.0,United States,3PL_East,Carrier_D,none,9.16,4.5,5,False,True,changed_mind
ORD000052,2025-01-02,Cloud Sweatpants,1,66.3,United States,3PL_East,Carrier_B,email_drop,6.08,5.3,5,True,False,none
ORD000053,2025-05-29,Cloud Sweatpants,1,66.3,United States,3PL_East,Carrier_A,influencer_drop,4.99,2.6,5,False,False,none
ORD000054,2025-05-04,Weighted Tee,4,172.8,United States,3PL_East,Carrier_B,email_drop,8.86,2.9,5,False,False,none
ORD000055,2025-05-12,Cloud Sweatpants,1,70.2,United States,3PL_Central,Carrier_D,influencer_drop,6.88,2.4,5,False,False,none
ORD000056,2025-05-27,Signature Hoodie,1,89.0,United States,3PL_West,Carrier_D,none,7.82,5.2,5,True,False,none
ORD000057,2025-03-26,Lounge Set,1,120.7,United States,3PL_West,Carrier_D,email_drop,6.0,4.5,5,False,False,none
ORD000058,2025-04-15,Signature Hoodie,2,160.2,United States,3PL_West,Carrier_B,email_drop,6.54,3.3,5,False,False,none
ORD000059,2025-01-29,Weighted Tee,2,108.0,United States,3PL_East,Carrier_C,none,6.35,4.3,5,False,False,none
ORD000060,2025-01-24,Signature Hoodie,3,213.6,United States,3PL_West,Carrier_B,holiday_sale,7.05,6.3,5,True,False,none
ORD000061,2025-05-05,Lounge Set,4,568.0,United States,3PL_East,Carrier_C,none,9.9,2.4,5,False,False,none
ORD000062,2025-03-28,Lounge Set,3,426.0,United States,3PL_Central,Carrier_B,none,6.39,3.3,5,False,False,none
ORD000063,2025-04-14,Lounge Set,2,227.2,Germany,3PL_International,Passport_Global,holiday_sale,19.32,5.0,9,False,False,none
ORD000064,2025-05-24,Signature Hoodie,1,89.0,United States,3PL_East,Carrier_B,none,5.84,5.4,5,True,True,changed_mind
ORD000065,2025-04-28,Lounge Set,4,568.0,United States,3PL_West,Carrier_A,none,8.61,2.9,5,False,True,fit_issue
ORD000066,2025-04-12,Zip Hoodie,2,192.0,Canada,3PL_International,Passport_Global,none,20.58,5.2,9,False,False,none
ORD000067,2025-04-13,Signature Hoodie,1,75.65,United States,3PL_East,Carrier_C,holiday_sale,5.82,4.8,5,False,False,none
ORD000068,2025-03-02,Cloud Sweatpants,2,156.0,United States,3PL_East,Carrier_A,none,6.05,4.3,5,False,False,none
ORD000069,2025-01-07,Zip Hoodie,1,76.8,United States,3PL_East,Carrier_C,email_drop,5.97,4.6,5,False,False,none
ORD000070,2025-03-22,Weighted Tee,1,43.2,Canada,3PL_International,Passport_Global,influencer_drop,17.5,5.2,9,False,False,none
ORD000071,2025-02-13,Lounge Set,2,255.6,United States,3PL_Central,Carrier_A,email_drop,6.3,3.8,5,False,False,none
ORD000072,2025-03-18,Cloud Sweatpants,3,210.6,United States,3PL_West,Carrier_A,product_launch,8.68,3.5,5,False,False,none
ORD000073,2025-06-08,Zip Hoodie,1,76.8,Canada,3PL_International,Passport_Global,influencer_drop,18.31,3.6,9,False,False,none
ORD000074,2025-02-16,Signature Hoodie,4,356.0,Canada,3PL_International,Passport_Global,none,22.19,6.0,9,False,False,none
ORD000075,2025-01-12,Cloud Sweatpants,1,62.4,United States,3PL_East,Carrier_C,product_launch,3.49,3.8,5,False,False,none
ORD000076,2025-02-26,Lounge Set,1,142.0,United States,3PL_East,Carrier_C,none,5.76,2.4,5,False,False,none
ORD000077,2025-02-28,Zip Hoodie,2,192.0,United States,3PL_West,Carrier_C,none,7.85,4.7,5,False,False,none
ORD000078,2025-05-03,Lounge Set,1,142.0,Canada,3PL_International,Passport_Global,none,16.99,3.8,9,False,False,none
ORD000079,2025-04-12,Cloud Sweatpants,3,187.2,United States,3PL_East,Carrier_C,email_drop,7.92,3.6,5,False,True,changed_mind
ORD000080,2025-05-28,Cloud Sweatpants,3,234.0,Canada,3PL_International,Passport_Global,none,20.0,4.9,9,False,False,none
ORD000081,2025-05-04,Zip Hoodie,2,192.0,United States,3PL_East,Carrier_A,none,7.21,5.1,5,True,False,none
ORD000082,2025-03-18,Signature Hoodie,2,178.0,Australia,3PL_International,Passport_Global,none,18.6,5.3,9,False,False,none
ORD000083,2025-06-02,Weighted Tee,4,216.0,United States,3PL_West,Carrier_B,none,9.57,5.8,5,True,False,none
ORD000084,2025-02-03,Weighted Tee,3,162.0,United States,3PL_West,Carrier_D,none,9.36,1.8,5,False,False,none
ORD000085,2025-01-05,Lounge Set,2,255.6,Canada,3PL_International,Passport_Global,holiday_sale,21.21,5.9,9,False,False,none
ORD000086,2025-01-19,Lounge Set,1,142.0,United States,3PL_West,Carrier_B,none,5.78,2.8,5,False,False,none
ORD000087,2025-05-16,Cloud Sweatpants,2,156.0,United States,3PL_West,Carrier_D,none,10.27,3.3,5,False,False,none
ORD000088,2025-03-26,Cloud Sweatpants,1,78.0,United States,3PL_West,Carrier_A,none,6.01,4.7,5,False,False,none
ORD000089,2025-02-02,Lounge Set,1,142.0,United Kingdom,3PL_International,Passport_Global,none,17.59,4.7,9,False,False,none
ORD000090,2025-04-01,Signature Hoodie,2,142.4,United States,3PL_East,Carrier_C,email_drop,6.67,2.4,5,False,False,none
ORD000091,2025-01-31,Lounge Set,1,142.0,United States,3PL_West,Carrier_C,none,5.8,3.2,5,False,False,none
ORD000092,2025-05-10,Signature Hoodie,4,356.0,United States,3PL_East,Carrier_B,none,7.1,1.7,5,False,False,none
ORD000093,2025-03-23,Lounge Set,4,482.8,Canada,3PL_International,Passport_Global,holiday_sale,22.11,5.8,9,False,False,none
ORD000094,2025-03-14,Cloud Sweatpants,1,78.0,Australia,3PL_International,Passport_Global,none,18.03,5.4,9,False,False,none
ORD000095,2025-03-02,Lounge Set,4,568.0,United States,3PL_Central,Carrier_B,none,9.38,4.4,5,False,False,none
ORD000096,2025-04-27,Cloud Sweatpants,4,280.8,United States,3PL_West,Carrier_B,influencer_drop,9.44,4.4,5,False,False,none
ORD000097,2025-03-11,Zip Hoodie,1,86.4,United States,3PL_East,Carrier_B,email_drop,4.46,4.2,5,False,False,none
ORD000098,2025-01-18,Weighted Tee,1,45.9,United States,3PL_West,Carrier_B,email_drop,5.56,6.5,5,True,False,none
ORD000099,2025-01-24,Cloud Sweatpants,4,312.0,United States,3PL_West,Carrier_B,none,8.95,2.6,5,False,False,none
ORD000100,2025-06-25,Signature Hoodie,1,89.0,United States,3PL_Central,Carrier_A,none,4.49,4.6,5,False,False,none
ORD000101,2025-06-17,Signature Hoodie,1,89.0,United States,3PL_West,Carrier_A,none,6.65,4.0,5,False,False,none
ORD000102,2025-05-11,Cloud Sweatpants,2,156.0,United States,3PL_East,Carrier_D,none,9.94,1.9,5,False,False,none
ORD000103,2025-02-23,Zip Hoodie,4,384.0,United States,3PL_Central,Carrier_C,none,8.63,5.0,5,False,True,duplicate_order
ORD000104,2025-06-26,Zip Hoodie,1,76.8,Canada,3PL_International,Passport_Global,product_launch,18.3,3.9,9,False,False,none
ORD000105,2025-05-27,Signature Hoodie,3,240.3,United States,3PL_Central,Carrier_B,email_drop,7.74,2.2,5,False,False,none
ORD000106,2025-05-14,Signature Hoodie,2,178.0,Canada,3PL_International,Passport_Global,none,18.75,6.3,9,False,True,late_delivery
ORD000107,2025-03-24,Lounge Set,1,142.0,Canada,3PL_International,Passport_Global,none,17.53,4.7,9,False,False,none
ORD000108,2025-02-24,Zip Hoodie,1,86.4,United States,3PL_Central,Carrier_C,email_drop,4.47,2.6,5,False,False,none
ORD000109,2025-01-20,Signature Hoodie,2,178.0,United States,3PL_East,Carrier_A,none,6.92,3.1,5,False,False,none
ORD000110,2025-06-16,Signature Hoodie,2,178.0,United States,3PL_East,Carrier_A,none,6.12,4.2,5,False,False,none
ORD000111,2025-03-25,Signature Hoodie,1,89.0,United States,3PL_West,Carrier_B,none,5.96,3.3,5,False,False,none
ORD000112,2025-02-10,Lounge Set,1,113.6,United States,3PL_West,Carrier_C,email_drop,5.12,4.2,5,False,False,none
ORD000113,2025-03-02,Zip Hoodie,2,172.8,United States,3PL_West,Carrier_B,email_drop,5.68,3.3,5,False,False,none
ORD000114,2025-04-17,Zip Hoodie,3,288.0,United States,3PL_West,Carrier_B,none,7.22,6.8,5,True,False,none
ORD000115,2025-02-05,Zip Hoodie,1,96.0,United Kingdom,3PL_International,Passport_Global,none,18.15,2.9,9,False,False,none
ORD000116,2025-06-09,Lounge Set,4,511.2,United States,3PL_West,Carrier_D,email_drop,10.44,2.9,5,False,False,none
ORD000117,2025-05-23,Signature Hoodie,2,178.0,United States,3PL_Central,Carrier_B,none,5.87,3.4,5,False,False,none
ORD000118,2025-05-15,Signature Hoodie,1,75.65,United States,3PL_Central,Carrier_A,email_drop,6.75,3.5,5,False,False,none
ORD000119,2025-03-22,Cloud Sweatpants,2,156.0,United Kingdom,3PL_International,Passport_Global,none,17.92,4.2,9,False,False,none
ORD000120,2025-04-26,Weighted Tee,2,86.4,Germany,3PL_International,Passport_Global,email_drop,20.05,3.5,9,False,False,none
ORD000121,2025-04-18,Cloud Sweatpants,3,198.9,United States,3PL_East,Carrier_C,product_launch,8.66,4.4,5,False,False,none
ORD000122,2025-05-01,Cloud Sweatpants,4,312.0,United States,3PL_West,Carrier_D,none,11.42,5.1,5,True,False,none
ORD000123,2025-01-18,Lounge Set,3,426.0,United States,3PL_West,Carrier_B,none,8.37,3.3,5,False,False,none
ORD000124,2025-03-19,Signature Hoodie,1,71.2,United States,3PL_West,Carrier_A,email_drop,4.84,4.2,5,False,False,none
ORD000125,2025-01-09,Cloud Sweatpants,1,78.0,United Kingdom,3PL_International,Passport_Global,none,17.42,3.7,9,False,False,none
ORD000126,2025-03-31,Zip Hoodie,3,288.0,United States,3PL_West,Carrier_D,none,11.1,5.3,5,True,False,none
ORD000127,2025-03-06,Weighted Tee,3,162.0,United States,3PL_West,Carrier_A,none,8.6,3.9,5,False,False,none
ORD000128,2025-01-30,Signature Hoodie,2,151.3,United States,3PL_West,Carrier_B,holiday_sale,7.01,5.5,5,True,False,none
ORD000129,2025-01-21,Cloud Sweatpants,1,78.0,United States,3PL_East,Carrier_B,none,5.01,2.9,5,False,False,none
ORD000130,2025-04-19,Lounge Set,4,454.4,United States,3PL_West,Carrier_B,holiday_sale,8.2,4.8,5,False,False,none
ORD000131,2025-02-04,Zip Hoodie,2,192.0,United States,3PL_Central,Carrier_B,none,5.68,2.2,5,False,False,none
ORD000132,2025-06-19,Zip Hoodie,1,96.0,United States,3PL_West,Carrier_B,none,4.91,5.0,5,False,False,none
ORD000133,2025-04-17,Signature Hoodie,1,89.0,United States,3PL_West,Carrier_D,none,7.05,4.8,5,False,False,none
ORD000134,2025-03-09,Signature Hoodie,1,71.2,United States,3PL_East,Carrier_A,email_drop,5.6,2.2,5,False,False,none
ORD000135,2025-04-19,Signature Hoodie,1,89.0,United States,3PL_East,Carrier_C,none,6.43,3.6,5,False,True,late_delivery
ORD000136,2025-01-05,Signature Hoodie,1,89.0,United Kingdom,3PL_International,Passport_Global,none,19.58,4.7,9,False,False,none
ORD000137,2025-06-24,Lounge Set,2,284.0,United States,3PL_East,Carrier_A,none,7.82,4.8,5,False,False,none
ORD000138,2025-03-29,Zip Hoodie,1,96.0,United States,3PL_East,Carrier_A,none,4.46,3.3,5,False,False,none
ORD000139,2025-05-28,Lounge Set,1,142.0,United States,3PL_West,Carrier_A,none,4.86,3.4,5,False,False,none
ORD000140,2025-01-17,Signature Hoodie,1,89.0,United Kingdom,3PL_International,Passport_Global,none,17.11,5.7,9,False,False,none
ORD000141,2025-03-30,Signature Hoodie,2,178.0,United States,3PL_Central,Carrier_B,none,7.5,4.7,5,False,False,none
ORD000142,2025-03-30,Zip Hoodie,4,326.4,Australia,3PL_International,Passport_Global,product_launch,21.96,4.6,9,False,False,none
ORD000143,2025-06-21,Signature Hoodie,3,267.0,United States,3PL_East,Carrier_C,none,7.39,4.5,5,False,False,none
ORD000144,2025-04-15,Signature Hoodie,1,89.0,United States,3PL_East,Carrier_C,none,5.4,5.0,5,False,False,none
ORD000145,2025-03-28,Cloud Sweatpants,2,156.0,United States,3PL_East,Carrier_D,none,8.62,2.8,5,False,False,none
ORD000146,2025-02-23,Signature Hoodie,1,89.0,United States,3PL_West,Carrier_C,none,5.94,3.9,5,False,False,none
ORD000147,2025-03-06,Signature Hoodie,1,75.65,United States,3PL_West,Carrier_B,email_drop,6.49,4.5,5,False,False,none
ORD000148,2025-04-05,Signature Hoodie,1,89.0,United States,3PL_West,Carrier_B,none,5.67,3.8,5,False,False,none
ORD000149,2025-03-22,Lounge Set,2,284.0,United States,3PL_Central,Carrier_D,none,8.28,2.5,5,False,False,none
ORD000150,2025-01-05,Signature Hoodie,1,71.2,United States,3PL_East,Carrier_B,email_drop,5.83,1.8,5,False,False,none
ORD000151,2025-06-04,Cloud Sweatpants,2,156.0,United States,3PL_West,Carrier_B,none,6.48,5.3,5,True,False,none
ORD000152,2025-06-15,Cloud Sweatpants,2,124.8,United States,3PL_East,Carrier_A,product_launch,6.97,6.7,5,True,False,none
ORD000153,2025-01-29,Cloud Sweatpants,4,280.8,United States,3PL_East,Carrier_A,product_launch,8.8,4.0,5,False,False,none
ORD000154,2025-04-12,Cloud Sweatpants,1,78.0,United States,3PL_East,Carrier_C,none,6.45,4.4,5,False,False,none
ORD000155,2025-01-22,Signature Hoodie,4,356.0,United States,3PL_West,Carrier_A,none,9.97,5.1,5,True,False,none
ORD000156,2025-05-05,Signature Hoodie,3,267.0,United States,3PL_Central,Carrier_A,none,7.64,2.7,5,False,False,none
ORD000157,2025-02-26,Cloud Sweatpants,2,156.0,United Kingdom,3PL_International,Passport_Global,none,20.71,5.1,9,False,True,changed_mind
ORD000158,2025-05-03,Weighted Tee,3,162.0,United States,3PL_East,Carrier_C,none,7.96,4.9,5,False,True,quality_issue
ORD000159,2025-05-16,Cloud Sweatpants,1,78.0,United States,3PL_Central,Carrier_D,none,7.64,3.3,5,False,False,none
ORD000160,2025-05-25,Cloud Sweatpants,1,78.0,United States,3PL_West,Carrier_C,none,6.65,3.6,5,False,False,none
ORD000161,2025-01-22,Weighted Tee,1,54.0,United States,3PL_West,Carrier_B,none,7.12,4.9,5,False,False,none
ORD000162,2025-06-18,Lounge Set,3,426.0,United States,3PL_East,Carrier_B,none,8.74,3.5,5,False,False,none
ORD000163,2025-02-16,Lounge Set,1,120.7,United States,3PL_East,Carrier_A,product_launch,5.76,3.3,5,False,False,none
ORD000164,2025-01-08,Cloud Sweatpants,1,62.4,United States,3PL_West,Carrier_A,product_launch,5.2,4.8,5,False,False,none
ORD000165,2025-04-12,Lounge Set,2,284.0,United States,3PL_East,Carrier_D,none,8.7,5.4,5,True,False,none
ORD000166,2025-03-12,Cloud Sweatpants,1,70.2,United States,3PL_West,Carrier_C,email_drop,5.98,4.6,5,False,False,none
ORD000167,2025-06-05,Zip Hoodie,2,192.0,United States,3PL_East,Carrier_A,none,6.98,4.1,5,False,False,none
ORD000168,2025-06-01,Lounge Set,4,511.2,United States,3PL_West,Carrier_B,email_drop,8.77,4.6,5,False,False,none
ORD000169,2025-03-04,Cloud Sweatpants,1,78.0,United States,3PL_West,Carrier_D,none,6.69,3.4,5,False,False,none
ORD000170,2025-06-23,Weighted Tee,4,194.4,United States,3PL_East,Carrier_B,holiday_sale,9.11,5.8,5,True,False,none
ORD000171,2025-02-28,Weighted Tee,2,108.0,United States,3PL_East,Carrier_A,none,6.11,3.7,5,False,False,none
ORD000172,2025-04-04,Cloud Sweatpants,1,78.0,United States,3PL_East,Carrier_A,none,4.14,3.5,5,False,False,none
ORD000173,2025-02-21,Signature Hoodie,4,320.4,United States,3PL_West,Carrier_B,product_launch,8.22,4.8,5,False,False,none
ORD000174,2025-06-21,Lounge Set,2,284.0,Australia,3PL_International,Passport_Global,none,18.66,4.7,9,False,False,none
ORD000175,2025-02-02,Signature Hoodie,1,89.0,Canada,3PL_International,Passport_Global,none,17.24,6.8,9,False,False,none
ORD000176,2025-01-10,Cloud Sweatpants,1,62.4,United States,3PL_East,Carrier_B,email_drop,5.64,3.0,5,False,False,none
ORD000177,2025-03-22,Signature Hoodie,3,240.3,United States,3PL_Central,Carrier_B,influencer_drop,6.75,4.0,5,False,False,none
ORD000178,2025-06-29,Lounge Set,2,227.2,United States,3PL_Central,Carrier_A,email_drop,5.68,3.3,5,False,False,none
ORD000179,2025-06-14,Weighted Tee,2,86.4,United States,3PL_West,Carrier_A,influencer_drop,7.61,4.8,5,False,False,none
ORD000180,2025-05-21,Signature Hoodie,2,160.2,Canada,3PL_International,Passport_Global,email_drop,19.74,5.2,9,False,False,none
ORD000181,2025-06-14,Zip Hoodie,1,96.0,United States,3PL_East,Carrier_B,none,5.69,3.6,5,False,False,none
ORD000182,2025-06-14,Lounge Set,1,142.0,United States,3PL_Central,Carrier_B,none,6.56,3.8,5,False,False,none
ORD000183,2025-04-05,Signature Hoodie,2,151.3,Canada,3PL_International,Passport_Global,influencer_drop,18.42,4.4,9,False,False,none
ORD000184,2025-03-04,Signature Hoodie,4,284.8,Canada,3PL_International,Passport_Global,holiday_sale,21.88,5.3,9,False,False,none
ORD000185,2025-05-25,Cloud Sweatpants,1,78.0,United States,3PL_West,Carrier_B,none,5.28,4.8,5,False,False,none
ORD000186,2025-05-03,Lounge Set,3,426.0,United States,3PL_West,Carrier_C,none,8.93,7.5,5,True,False,none
ORD000187,2025-03-13,Cloud Sweatpants,4,249.6,United States,3PL_East,Carrier_D,influencer_drop,10.87,4.9,5,False,False,none
ORD000188,2025-01-19,Signature Hoodie,1,89.0,United States,3PL_Central,Carrier_A,none,4.73,2.6,5,False,False,none
ORD000189,2025-05-20,Signature Hoodie,1,89.0,United Kingdom,3PL_International,Passport_Global,none,18.92,6.9,9,False,False,none
ORD000190,2025-02-22,Cloud Sweatpants,4,249.6,United States,3PL_East,Carrier_A,influencer_drop,8.56,4.2,5,False,False,none
ORD000191,2025-06-21,Signature Hoodie,1,89.0,United States,3PL_East,Carrier_D,none,6.29,4.3,5,False,False,none
ORD000192,2025-02-18,Zip Hoodie,3,288.0,United States,3PL_West,Carrier_B,none,8.95,2.3,5,False,False,none
ORD000193,2025-01-25,Signature Hoodie,3,267.0,United Kingdom,3PL_International,Passport_Global,none,20.64,3.4,9,False,False,none
ORD000194,2025-06-05,Lounge Set,1,142.0,United States,3PL_East,Carrier_A,none,4.74,4.4,5,False,False,none
ORD000195,2025-01-31,Zip Hoodie,1,76.8,United States,3PL_West,Carrier_A,influencer_drop,5.34,4.2,5,False,False,none
ORD000196,2025-02-06,Lounge Set,2,284.0,Canada,3PL_International,Passport_Global,none,18.87,6.1,9,False,False,none
ORD000197,2025-04-21,Signature Hoodie,2,178.0,Canada,3PL_International,Passport_Global,none,18.26,5.6,9,False,False,none
ORD000198,2025-06-12,Zip Hoodie,4,384.0,United States,3PL_Central,Carrier_B,none,8.19,4.0,5,False,False,none
ORD000199,2025-02-09,Lounge Set,2,284.0,United States,3PL_East,Carrier_A,none,6.5,1.0,5,False,False,none
ORD000200,2025-03-03,Cloud Sweatpants,4,312.0,Germany,3PL_International,Passport_Global,none,22.06,4.0,9,False,False,none
ORD000201,2025-05-26,Signature Hoodie,1,89.0,United States,3PL_East,Carrier_C,none,6.09,2.2,5,False,False,none
ORD000202,2025-06-26,Signature Hoodie,1,89.0,United States,3PL_East,Carrier_B,none,4.99,5.7,5,True,False,none
ORD000203,2025-04-01,Zip Hoodie,1,96.0,United States,3PL_East,Carrier_C,none,6.09,3.9,5,False,False,none
ORD000204,2025-01-29,Cloud Sweatpants,2,156.0,Canada,3PL_International,Passport_Global,none,20.17,4.4,9,False,False,none
ORD000205,2025-01-03,Weighted Tee,1,54.0,United Kingdom,3PL_International,Passport_Global,none,17.14,3.9,9,False,True,changed_mind
ORD000206,2025-02-16,Lounge Set,4,568.0,United States,3PL_East,Carrier_A,none,9.46,5.1,5,True,False,none
ORD000207,2025-01-27,Zip Hoodie,3,288.0,United States,3PL_East,Carrier_B,none,7.74,2.7,5,False,False,none
ORD000208,2025-05-07,Weighted Tee,4,216.0,United States,3PL_West,Carrier_A,none,8.66,2.9,5,False,False,none
ORD000209,2025-01-25,Zip Hoodie,4,384.0,United States,3PL_East,Carrier_A,none,8.89,2.8,5,False,False,none
ORD000210,2025-04-02,Signature Hoodie,1,89.0,United Kingdom,3PL_International,Passport_Global,none,18.48,4.6,9,False,False,none
ORD000211,2025-05-10,Signature Hoodie,3,213.6,United States,3PL_West,Carrier_C,email_drop,6.72,2.4,5,False,False,none
ORD000212,2025-04-17,Lounge Set,2,284.0,United States,3PL_Central,Carrier_B,none,6.58,4.6,5,False,False,none
ORD000213,2025-02-09,Signature Hoodie,3,213.6,United States,3PL_Central,Carrier_C,influencer_drop,7.43,3.3,5,False,False,none
ORD000214,2025-06-01,Weighted Tee,4,194.4,United States,3PL_Central,Carrier_D,email_drop,10.69,2.0,5,False,False,none
ORD000215,2025-05-14,Signature Hoodie,2,178.0,United States,3PL_East,Carrier_C,none,6.43,2.5,5,False,True,fit_issue
ORD000216,2025-05-19,Signature Hoodie,1,89.0,United States,3PL_East,Carrier_D,none,6.62,2.0,5,False,True,late_delivery
ORD000217,2025-01-27,Lounge Set,4,568.0,United States,3PL_East,Carrier_D,none,12.18,4.0,5,False,False,none
ORD000218,2025-01-25,Lounge Set,2,284.0,United States,3PL_Central,Carrier_A,none,4.48,4.3,5,False,False,none
ORD000219,2025-06-20,Lounge Set,2,284.0,United States,3PL_West,Carrier_D,none,8.83,4.3,5,False,False,none
ORD000220,2025-03-16,Signature Hoodie,2,178.0,United States,3PL_West,Carrier_D,none,8.84,2.9,5,False,False,none
ORD000221,2025-03-02,Cloud Sweatpants,4,249.6,United States,3PL_West,Carrier_A,influencer_drop,8.94,4.6,5,False,False,none
ORD000222,2025-03-30,Zip Hoodie,2,192.0,United States,3PL_West,Carrier_B,none,6.8,3.4,5,False,False,none
ORD000223,2025-05-04,Lounge Set,1,120.7,United States,3PL_West,Carrier_A,email_drop,5.93,4.7,5,False,False,none
ORD000224,2025-06-24,Signature Hoodie,3,213.6,Canada,3PL_International,Passport_Global,influencer_drop,19.7,4.9,9,False,True,changed_mind
ORD000225,2025-02-27,Zip Hoodie,2,192.0,United States,3PL_West,Carrier_B,none,6.28,3.0,5,False,False,none
ORD000226,2025-06-19,Signature Hoodie,1,71.2,United States,3PL_East,Carrier_A,product_launch,5.17,3.7,5,False,False,none
ORD000227,2025-01-05,Zip Hoodie,2,163.2,United States,3PL_East,Carrier_B,product_launch,6.96,4.3,5,False,False,none
ORD000228,2025-04-12,Signature Hoodie,3,267.0,United States,3PL_East,Carrier_B,none,8.14,3.8,5,False,False,none
ORD000229,2025-04-28,Weighted Tee,4,216.0,United States,3PL_Central,Carrier_A,none,8.04,4.6,5,False,False,none
ORD000230,2025-01-22,Signature Hoodie,1,89.0,United States,3PL_Central,Carrier_C,none,5.38,2.5,5,False,False,none
ORD000231,2025-01-29,Zip Hoodie,2,192.0,United States,3PL_West,Carrier_D,none,7.89,3.1,5,False,False,none
ORD000232,2025-03-20,Lounge Set,3,426.0,United States,3PL_Central,Carrier_A,none,6.98,4.7,5,False,False,none
ORD000233,2025-06-25,Signature Hoodie,2,178.0,United States,3PL_East,Carrier_B,none,6.2,3.5,5,False,False,none
ORD000234,2025-04-20,Signature Hoodie,1,89.0,United States,3PL_East,Carrier_A,none,4.54,3.6,5,False,False,none
ORD000235,2025-06-20,Cloud Sweatpants,1,62.4,United States,3PL_East,Carrier_A,influencer_drop,3.99,4.7,5,False,True,fit_issue
ORD000236,2025-06-01,Zip Hoodie,1,96.0,United States,3PL_East,Carrier_B,none,5.5,5.6,5,True,False,none
ORD000237,2025-03-27,Zip Hoodie,2,192.0,United States,3PL_West,Carrier_A,none,7.34,4.8,5,False,False,none
ORD000238,2025-05-28,Cloud Sweatpants,4,312.0,United States,3PL_East,Carrier_B,none,8.64,4.1,5,False,True,duplicate_order
ORD000239,2025-01-04,Signature Hoodie,2,160.2,Germany,3PL_International,Passport_Global,influencer_drop,19.72,5.7,9,False,False,none
ORD000240,2025-01-22,Weighted Tee,3,137.7,United States,3PL_West,Carrier_C,email_drop,8.35,5.1,5,True,False,none
ORD000241,2025-06-05,Signature Hoodie,2,178.0,United States,3PL_East,Carrier_A,none,5.89,3.5,5,False,False,none
ORD000242,2025-05-31,Cloud Sweatpants,1,70.2,Australia,3PL_International,Passport_Global,email_drop,17.17,5.6,9,False,False,none
ORD000243,2025-02-16,Weighted Tee,2,108.0,United States,3PL_Central,Carrier_B,none,5.44,2.6,5,False,False,none
ORD000244,2025-04-07,Lounge Set,1,127.8,United States,3PL_West,Carrier_A,email_drop,5.62,2.6,5,False,False,none
ORD000245,2025-04-22,Signature Hoodie,1,89.0,Australia,3PL_International,Passport_Global,none,18.24,4.5,9,False,False,none
ORD000246,2025-06-10,Signature Hoodie,2,178.0,United States,3PL_East,Carrier_B,none,6.58,4.5,5,False,False,none
ORD000247,2025-04-21,Zip Hoodie,2,153.6,United States,3PL_West,Carrier_D,email_drop,7.76,4.3,5,False,False,none
ORD000248,2025-03-19,Signature Hoodie,4,320.4,United States,3PL_West,Carrier_B,holiday_sale,8.81,3.2,5,False,False,none
ORD000249,2025-03-13,Zip Hoodie,1,86.4,Germany,3PL_International,Passport_Global,influencer_drop,18.38,5.9,9,False,False,none
ORD000250,2025-03-21,Cloud Sweatpants,1,78.0,United States,3PL_Central,Carrier_C,none,5.9,3.6,5,False,False,none
ORD000251,2025-05-02,Signature Hoodie,1,80.1,United States,3PL_East,Carrier_A,email_drop,5.84,5.4,5,True,False,none
ORD000252,2025-06-10,Cloud Sweatpants,4,312.0,United States,3PL_Central,Carrier_C,none,9.13,3.3,5,False,False,none
ORD000253,2025-03-25,Zip Hoodie,3,230.4,Germany,3PL_International,Passport_Global,influencer_drop,21.04,5.3,9,False,False,none
ORD000254,2025-02-19,Lounge Set,1,120.7,United States,3PL_Central,Carrier_C,influencer_drop,4.64,5.0,5,False,False,none
ORD000255,2025-02-17,Signature Hoodie,4,356.0,United States,3PL_East,Carrier_D,none,10.19,2.6,5,False,False,none
ORD000256,2025-05-20,Signature Hoodie,2,178.0,United States,3PL_West,Carrier_A,none,5.82,4.8,5,False,False,none
ORD000257,2025-06-03,Signature Hoodie,2,178.0,United States,3PL_Central,Carrier_A,none,6.25,2.0,5,False,False,none
ORD000258,2025-01-22,Zip Hoodie,1,96.0,United States,3PL_East,Carrier_C,none,6.59,3.6,5,False,False,none
ORD000259,2025-01-14,Zip Hoodie,2,192.0,United States,3PL_East,Carrier_C,none,5.96,6.3,5,True,False,none
ORD000260,2025-04-20,Lounge Set,1,142.0,Canada,3PL_International,Passport_Global,none,17.23,4.9,9,False,False,none
ORD000261,2025-01-30,Weighted Tee,1,54.0,United States,3PL_Central,Carrier_B,none,4.06,3.5,5,False,False,none
ORD000262,2025-06-04,Cloud Sweatpants,4,312.0,United States,3PL_West,Carrier_A,none,9.38,2.4,5,False,False,none
ORD000263,2025-03-03,Lounge Set,1,142.0,Canada,3PL_International,Passport_Global,none,17.79,5.1,9,False,False,none
ORD000264,2025-01-29,Signature Hoodie,1,75.65,United States,3PL_East,Carrier_A,email_drop,6.52,3.6,5,False,False,none
ORD000265,2025-06-19,Cloud Sweatpants,4,312.0,United States,3PL_East,Carrier_B,none,9.98,2.4,5,False,True,quality_issue
ORD000266,2025-02-03,Cloud Sweatpants,4,312.0,United States,3PL_West,Carrier_B,none,7.97,2.4,5,False,False,none
ORD000267,2025-02-27,Zip Hoodie,3,244.8,United States,3PL_East,Carrier_A,influencer_drop,7.65,4.6,5,False,False,none
ORD000268,2025-01-31,Lounge Set,1,127.8,United States,3PL_East,Carrier_C,product_launch,6.42,6.1,5,True,False,none
ORD000269,2025-01-24,Signature Hoodie,3,267.0,United States,3PL_Central,Carrier_B,none,7.12,3.2,5,False,False,none
ORD000270,2025-01-05,Lounge Set,1,142.0,United States,3PL_West,Carrier_B,none,6.19,4.8,5,False,False,none
ORD000271,2025-01-12,Lounge Set,1,142.0,United States,3PL_West,Carrier_D,none,5.22,4.0,5,False,False,none
ORD000272,2025-02-05,Weighted Tee,4,172.8,United States,3PL_Central,Carrier_B,product_launch,8.81,4.3,5,False,False,none
ORD000273,2025-01-11,Cloud Sweatpants,1,62.4,United States,3PL_West,Carrier_C,email_drop,4.9,6.2,5,True,False,none
ORD000274,2025-04-19,Weighted Tee,2,86.4,Germany,3PL_International,Passport_Global,influencer_drop,19.81,3.6,9,False,False,none
ORD000275,2025-05-07,Lounge Set,1,120.7,United States,3PL_Central,Carrier_C,email_drop,5.1,4.5,5,False,False,none
ORD000276,2025-03-16,Zip Hoodie,1,96.0,Germany,3PL_International,Passport_Global,none,18.46,3.0,9,False,True,quality_issue
ORD000277,2025-03-04,Cloud Sweatpants,4,312.0,United States,3PL_East,Carrier_A,none,9.27,3.5,5,False,False,none
ORD000278,2025-04-02,Lounge Set,2,255.6,United States,3PL_East,Carrier_B,influencer_drop,5.95,5.1,5,True,False,none
ORD000279,2025-06-12,Zip Hoodie,4,345.6,United States,3PL_East,Carrier_A,holiday_sale,9.57,5.2,5,True,False,none
ORD000280,2025-06-08,Cloud Sweatpants,1,78.0,United Kingdom,3PL_International,Passport_Global,none,18.24,4.7,9,False,False,none
ORD000281,2025-01-09,Weighted Tee,4,216.0,United Kingdom,3PL_International,Passport_Global,none,20.05,4.5,9,False,False,none
ORD000282,2025-02-06,Signature Hoodie,4,356.0,United States,3PL_East,Carrier_A,none,9.27,4.5,5,False,False,none
ORD000283,2025-02-17,Zip Hoodie,4,326.4,United States,3PL_West,Carrier_B,product_launch,8.48,3.8,5,False,False,none
ORD000284,2025-02-20,Signature Hoodie,1,89.0,United States,3PL_East,Carrier_A,none,5.78,4.2,5,False,False,none
ORD000285,2025-04-15,Cloud Sweatpants,1,62.4,United States,3PL_Central,Carrier_A,email_drop,5.61,3.5,5,False,False,none
ORD000286,2025-03-19,Signature Hoodie,2,178.0,Germany,3PL_International,Passport_Global,none,19.77,4.5,9,False,False,none
ORD000287,2025-01-10,Signature Hoodie,1,89.0,United States,3PL_East,Carrier_D,none,7.97,1.8,5,False,False,none
ORD000288,2025-03-13,Signature Hoodie,1,80.1,United States,3PL_Central,Carrier_B,email_drop,4.78,4.2,5,False,False,none
ORD000289,2025-04-06,Signature Hoodie,3,267.0,United States,3PL_West,Carrier_D,none,9.09,3.4,5,False,False,none
ORD000290,2025-01-21,Signature Hoodie,2,142.4,United States,3PL_West,Carrier_A,influencer_drop,6.36,4.4,5,False,False,none
ORD000291,2025-06-05,Zip Hoodie,3,230.4,United States,3PL_Central,Carrier_C,holiday_sale,8.56,1.5,5,False,False,none
ORD000292,2025-01-11,Signature Hoodie,4,302.6,United States,3PL_Central,Carrier_B,holiday_sale,8.53,4.1,5,False,False,none
ORD000293,2025-06-19,Signature Hoodie,1,89.0,United States,3PL_West,Carrier_B,none,5.66,4.7,5,False,False,none
ORD000294,2025-01-20,Signature Hoodie,3,240.3,United States,3PL_West,Carrier_C,email_drop,8.43,2.2,5,False,False,none
ORD000295,2025-06-07,Signature Hoodie,1,89.0,United States,3PL_East,Carrier_C,none,5.44,4.8,5,False,False,none
ORD000296,2025-06-16,Signature Hoodie,1,89.0,Germany,3PL_International,Passport_Global,none,19.19,5.0,9,False,False,none
ORD000297,2025-06-27,Weighted Tee,1,54.0,United States,3PL_West,Carrier_B,none,4.97,3.8,5,False,False,none
ORD000298,2025-05-31,Cloud Sweatpants,1,78.0,Australia,3PL_International,Passport_Global,none,18.24,4.0,9,False,False,none
ORD000299,2025-05-27,Cloud Sweatpants,3,234.0,United States,3PL_West,Carrier_B,none,8.02,2.5,5,False,False,none
ORD000300,2025-04-29,Cloud Sweatpants,1,78.0,United Kingdom,3PL_International,Passport_Global,none,17.9,6.2,9,False,False,none
ORD000301,2025-05-27,Signature Hoodie,3,267.0,United States,3PL_West,Carrier_A,none,6.0,4.3,5,False,False,none
ORD000302,2025-01-27,Zip Hoodie,4,384.0,Canada,3PL_International,Passport_Global,none,21.03,4.7,9,False,False,none
ORD000303,2025-04-08,Weighted Tee,2,108.0,United States,3PL_West,Carrier_B,none,5.16,4.9,5,False,False,none
ORD000304,2025-04-04,Signature Hoodie,1,89.0,United States,3PL_West,Carrier_B,none,5.01,4.3,5,False,False,none
ORD000305,2025-06-09,Signature Hoodie,2,151.3,United States,3PL_Central,Carrier_A,influencer_drop,6.49,2.7,5,False,False,none
ORD000306,2025-03-26,Zip Hoodie,2,192.0,United States,3PL_East,Carrier_C,none,8.39,3.6,5,False,False,none
ORD000307,2025-03-14,Signature Hoodie,1,89.0,Australia,3PL_International,Passport_Global,none,18.4,4.6,9,False,False,none
ORD000308,2025-04-29,Signature Hoodie,1,71.2,United States,3PL_West,Carrier_A,influencer_drop,4.58,3.7,5,False,False,none
ORD000309,2025-02-23,Zip Hoodie,2,163.2,United States,3PL_East,Carrier_A,holiday_sale,6.71,3.1,5,False,False,none
ORD000310,2025-01-29,Zip Hoodie,4,307.2,United States,3PL_East,Carrier_C,holiday_sale,9.19,6.4,5,True,False,none
ORD000311,2025-03-28,Signature Hoodie,1,80.1,United States,3PL_Central,Carrier_D,influencer_drop,7.28,3.8,5,False,False,none
ORD000312,2025-03-19,Lounge Set,2,241.4,United Kingdom,3PL_International,Passport_Global,product_launch,18.96,5.9,9,False,False,none
ORD000313,2025-02-16,Signature Hoodie,1,89.0,Canada,3PL_International,Passport_Global,none,17.36,6.2,9,False,False,none
ORD000314,2025-03-12,Signature Hoodie,2,151.3,United States,3PL_West,Carrier_D,product_launch,8.64,4.2,5,False,False,none
ORD000315,2025-03-12,Zip Hoodie,1,86.4,United States,3PL_East,Carrier_A,product_launch,5.61,2.7,5,False,False,none
ORD000316,2025-03-06,Zip Hoodie,4,384.0,United States,3PL_West,Carrier_A,none,9.39,4.9,5,False,False,none
ORD000317,2025-03-14,Zip Hoodie,2,163.2,United States,3PL_East,Carrier_A,holiday_sale,7.22,5.5,5,True,False,none
ORD000318,2025-05-08,Zip Hoodie,4,307.2,Canada,3PL_International,Passport_Global,influencer_drop,21.9,4.6,9,False,False,none
ORD000319,2025-03-01,Zip Hoodie,1,81.6,United States,3PL_East,Carrier_A,influencer_drop,5.49,3.2,5,False,False,none
ORD000320,2025-06-23,Lounge Set,2,255.6,United States,3PL_West,Carrier_B,holiday_sale,6.42,4.3,5,False,False,none
ORD000321,2025-06-18,Cloud Sweatpants,2,156.0,United States,3PL_East,Carrier_A,none,7.14,3.2,5,False,False,none
ORD000322,2025-03-29,Cloud Sweatpants,3,234.0,United States,3PL_West,Carrier_B,none,7.04,4.7,5,False,False,none
ORD000323,2025-03-06,Zip Hoodie,1,76.8,United States,3PL_Central,Carrier_D,email_drop,5.22,4.7,5,False,True,late_delivery
ORD000324,2025-04-08,Signature Hoodie,2,151.3,United States,3PL_West,Carrier_C,email_drop,5.16,4.5,5,False,False,none
ORD000325,2025-06-08,Zip Hoodie,1,81.6,United States,3PL_Central,Carrier_B,holiday_sale,3.9,6.2,5,True,False,none
ORD000326,2025-05-02,Signature Hoodie,1,80.1,United Kingdom,3PL_International,Passport_Global,holiday_sale,18.25,6.7,9,False,True,late_delivery
ORD000327,2025-06-01,Cloud Sweatpants,1,70.2,United States,3PL_East,Carrier_A,email_drop,5.51,2.8,5,False,False,none
ORD000328,2025-04-07,Zip Hoodie,1,86.4,United Kingdom,3PL_International,Passport_Global,product_launch,18.43,5.3,9,False,False,none
ORD000329,2025-04-27,Zip Hoodie,3,288.0,United States,3PL_West,Carrier_A,none,8.11,3.6,5,False,False,none
ORD000330,2025-02-28,Signature Hoodie,3,213.6,United States,3PL_West,Carrier_C,product_launch,8.53,2.4,5,False,False,none
ORD000331,2025-05-18,Cloud Sweatpants,4,312.0,United States,3PL_Central,Carrier_D,none,11.55,3.7,5,False,False,none
ORD000332,2025-02-10,Lounge Set,2,284.0,United States,3PL_East,Carrier_A,none,7.31,3.3,5,False,False,none
ORD000333,2025-05-10,Weighted Tee,2,108.0,Canada,3PL_International,Passport_Global,none,19.72,4.4,9,False,False,none
ORD000334,2025-06-09,Cloud Sweatpants,1,78.0,United States,3PL_Central,Carrier_A,none,6.71,2.9,5,False,False,none
ORD000335,2025-01-27,Signature Hoodie,3,267.0,United States,3PL_Central,Carrier_C,none,9.37,1.4,5,False,False,none
ORD000336,2025-04-24,Signature Hoodie,1,89.0,United States,3PL_West,Carrier_A,none,5.46,7.1,5,True,True,quality_issue
ORD000337,2025-01-19,Cloud Sweatpants,1,62.4,United States,3PL_West,Carrier_C,email_drop,6.63,3.2,5,False,False,none
ORD000338,2025-05-16,Signature Hoodie,3,226.95,United States,3PL_Central,Carrier_B,email_drop,7.23,4.6,5,False,False,none
ORD000339,2025-01-18,Lounge Set,2,284.0,United States,3PL_West,Carrier_B,none,6.13,1.5,5,False,False,none
ORD000340,2025-06-21,Cloud Sweatpants,1,62.4,United States,3PL_West,Carrier_C,email_drop,6.73,3.3,5,False,False,none
ORD000341,2025-01-28,Cloud Sweatpants,2,156.0,United States,3PL_Central,Carrier_A,none,6.63,4.5,5,False,False,none
ORD000342,2025-06-24,Cloud Sweatpants,2,156.0,United States,3PL_East,Carrier_C,none,5.22,3.6,5,False,False,none
ORD000343,2025-05-31,Signature Hoodie,2,178.0,United States,3PL_East,Carrier_A,none,5.59,5.7,5,True,False,none
ORD000344,2025-04-20,Cloud Sweatpants,3,234.0,United States,3PL_Central,Carrier_C,none,7.08,3.7,5,False,False,none
ORD000345,2025-05-28,Cloud Sweatpants,2,140.4,United States,3PL_West,Carrier_D,influencer_drop,7.41,2.9,5,False,False,none
ORD000346,2025-05-30,Signature Hoodie,1,89.0,Canada,3PL_International,Passport_Global,none,18.23,6.0,9,False,False,none
ORD000347,2025-06-22,Zip Hoodie,1,86.4,United States,3PL_West,Carrier_B,influencer_drop,4.71,4.3,5,False,False,none
ORD000348,2025-02-21,Cloud Sweatpants,1,78.0,United States,3PL_West,Carrier_B,none,5.18,1.5,5,False,False,none
ORD000349,2025-04-19,Cloud Sweatpants,3,198.9,United States,3PL_East,Carrier_A,influencer_drop,7.21,4.0,5,False,False,none
ORD000350,2025-01-19,Lounge Set,1,120.7,United States,3PL_West,Carrier_B,product_launch,4.31,5.0,5,False,False,none
ORD000351,2025-04-24,Signature Hoodie,3,267.0,United States,3PL_East,Carrier_A,none,6.65,3.1,5,False,False,none
ORD000352,2025-02-04,Cloud Sweatpants,1,78.0,United States,3PL_East,Carrier_C,none,6.13,3.3,5,False,False,none
ORD000353,2025-04-14,Lounge Set,2,284.0,United States,3PL_East,Carrier_B,none,6.81,4.9,5,False,False,none
ORD000354,2025-04-15,Signature Hoodie,2,178.0,United Kingdom,3PL_International,Passport_Global,none,16.39,3.6,9,False,False,none
ORD000355,2025-03-27,Cloud Sweatpants,2,156.0,United Kingdom,3PL_International,Passport_Global,none,18.44,3.9,9,False,False,none
ORD000356,2025-04-05,Lounge Set,3,426.0,United States,3PL_West,Carrier_C,none,8.41,2.7,5,False,False,none
ORD000357,2025-05-24,Cloud Sweatpants,4,265.2,United States,3PL_Central,Carrier_A,holiday_sale,9.3,5.5,5,True,False,none
ORD000358,2025-05-31,Weighted Tee,4,194.4,Australia,3PL_International,Passport_Global,product_launch,22.95,5.7,9,False,False,none
ORD000359,2025-03-30,Cloud Sweatpants,4,312.0,United States,3PL_East,Carrier_A,none,8.64,6.7,5,True,False,none
ORD000360,2025-04-21,Cloud Sweatpants,1,78.0,Germany,3PL_International,Passport_Global,none,18.1,3.4,9,False,False,none
ORD000361,2025-06-20,Signature Hoodie,3,267.0,United States,3PL_Central,Carrier_B,none,6.99,3.1,5,False,False,none
ORD000362,2025-01-25,Signature Hoodie,3,267.0,Australia,3PL_International,Passport_Global,none,18.86,5.9,9,False,False,none
ORD000363,2025-01-24,Cloud Sweatpants,1,70.2,United States,3PL_West,Carrier_B,holiday_sale,5.69,4.4,5,False,False,none
ORD000364,2025-01-18,Signature Hoodie,1,89.0,United States,3PL_East,Carrier_B,none,5.09,3.7,5,False,False,none
ORD000365,2025-05-03,Cloud Sweatpants,1,78.0,United States,3PL_Central,Carrier_B,none,7.53,3.0,5,False,False,none
ORD000366,2025-03-19,Signature Hoodie,3,267.0,United States,3PL_Central,Carrier_B,none,7.23,3.5,5,False,False,none
ORD000367,2025-05-26,Signature Hoodie,3,267.0,United States,3PL_Central,Carrier_A,none,7.36,3.5,5,False,False,none
ORD000368,2025-05-05,Cloud Sweatpants,1,78.0,United States,3PL_East,Carrier_A,none,5.46,3.5,5,False,False,none
ORD000369,2025-03-07,Zip Hoodie,2,192.0,United States,3PL_East,Carrier_C,none,7.3,5.7,5,True,False,none
ORD000370,2025-06-15,Signature Hoodie,2,160.2,Australia,3PL_International,Passport_Global,email_drop,19.63,5.3,9,False,False,none
ORD000371,2025-05-24,Lounge Set,1,142.0,Australia,3PL_International,Passport_Global,none,16.47,4.1,9,False,False,none
ORD000372,2025-02-24,Signature Hoodie,2,151.3,United Kingdom,3PL_International,Passport_Global,holiday_sale,20.0,5.1,9,False,False,none
ORD000373,2025-03-11,Signature Hoodie,3,267.0,Germany,3PL_International,Passport_Global,none,19.97,2.9,9,False,False,none
ORD000374,2025-03-04,Weighted Tee,1,48.6,Canada,3PL_International,Passport_Global,influencer_drop,15.66,5.6,9,False,False,none
ORD000375,2025-02-01,Weighted Tee,3,162.0,Australia,3PL_International,Passport_Global,none,20.1,3.7,9,False,False,none
ORD000376,2025-01-30,Cloud Sweatpants,4,312.0,United States,3PL_West,Carrier_C,none,8.04,3.7,5,False,False,none
ORD000377,2025-06-21,Cloud Sweatpants,2,124.8,United States,3PL_East,Carrier_A,holiday_sale,7.5,6.9,5,True,True,quality_issue
ORD000378,2025-03-22,Lounge Set,1,127.8,United Kingdom,3PL_International,Passport_Global,email_drop,18.08,2.0,9,False,False,none
ORD000379,2025-03-14,Cloud Sweatpants,1,78.0,United States,3PL_East,Carrier_C,none,6.26,4.1,5,False,False,none
ORD000380,2025-05-17,Signature Hoodie,1,89.0,United States,3PL_West,Carrier_B,none,6.36,2.5,5,False,False,none
ORD000381,2025-04-12,Signature Hoodie,1,71.2,United States,3PL_East,Carrier_D,email_drop,6.83,3.6,5,False,False,none
ORD000382,2025-06-21,Signature Hoodie,2,142.4,United States,3PL_East,Carrier_C,product_launch,6.75,4.8,5,False,False,none
ORD000383,2025-05-27,Lounge Set,1,113.6,United States,3PL_West,Carrier_D,email_drop,8.11,2.2,5,False,False,none
ORD000384,2025-03-29,Zip Hoodie,2,192.0,United States,3PL_East,Carrier_B,none,6.73,3.9,5,False,False,none
ORD000385,2025-03-13,Signature Hoodie,4,356.0,United States,3PL_West,Carrier_B,none,8.19,4.6,5,False,False,none
ORD000386,2025-06-28,Signature Hoodie,1,89.0,United States,3PL_East,Carrier_D,none,8.36,4.5,5,False,False,none
ORD000387,2025-05-15,Signature Hoodie,4,356.0,United States,3PL_West,Carrier_C,none,8.87,4.8,5,False,False,none
ORD000388,2025-06-23,Zip Hoodie,1,96.0,United States,3PL_Central,Carrier_A,none,4.77,5.3,5,True,False,none
ORD000389,2025-01-24,Lounge Set,2,255.6,United States,3PL_West,Carrier_B,influencer_drop,8.08,4.3,5,False,False,none
ORD000390,2025-06-08,Cloud Sweatpants,1,78.0,United States,3PL_East,Carrier_A,none,3.88,1.0,5,False,False,none
ORD000391,2025-04-28,Lounge Set,1,113.6,United States,3PL_West,Carrier_D,influencer_drop,6.67,4.6,5,False,False,none
ORD000392,2025-01-25,Signature Hoodie,4,302.6,Australia,3PL_International,Passport_Global,email_drop,20.79,3.0,9,False,False,none
ORD000393,2025-04-19,Cloud Sweatpants,2,140.4,United States,3PL_East,Carrier_B,influencer_drop,7.25,3.5,5,False,False,none
ORD000394,2025-05-08,Cloud Sweatpants,2,156.0,Australia,3PL_International,Passport_Global,none,18.67,3.0,9,False,False,none
ORD000395,2025-01-03,Signature Hoodie,2,178.0,Canada,3PL_International,Passport_Global,none,18.4,5.0,9,False,False,none
ORD000396,2025-03-25,Cloud Sweatpants,1,78.0,United Kingdom,3PL_International,Passport_Global,none,18.63,4.2,9,False,False,none
ORD000397,2025-06-04,Lounge Set,4,568.0,United States,3PL_Central,Carrier_B,none,9.48,3.9,5,False,False,none
ORD000398,2025-03-01,Signature Hoodie,1,89.0,United States,3PL_East,Carrier_A,none,5.17,5.3,5,True,False,none
ORD000399,2025-03-25,Cloud Sweatpants,1,78.0,United States,3PL_East,Carrier_A,none,5.59,3.3,5,False,False,none
ORD000400,2025-03-23,Lounge Set,4,568.0,United States,3PL_Central,Carrier_B,none,7.95,5.1,5,True,False,none
ORD000401,2025-03-02,Lounge Set,1,142.0,United States,3PL_East,Carrier_A,none,5.22,1.1,5,False,False,none
ORD000402,2025-06-18,Cloud Sweatpants,4,265.2,United States,3PL_West,Carrier_D,holiday_sale,10.59,2.1,5,False,False,none
ORD000403,2025-05-27,Signature Hoodie,1,71.2,United States,3PL_East,Carrier_A,influencer_drop,4.36,4.9,5,False,False,none
ORD000404,2025-01-23,Lounge Set,1,142.0,United States,3PL_Central,Carrier_A,none,4.08,2.5,5,False,False,none
ORD000405,2025-06-30,Signature Hoodie,1,71.2,United States,3PL_West,Carrier_A,product_launch,5.08,4.2,5,False,False,none
ORD000406,2025-06-12,Signature Hoodie,2,178.0,United States,3PL_East,Carrier_B,none,7.39,3.6,5,False,False,none
ORD000407,2025-02-27,Signature Hoodie,2,178.0,United States,3PL_Central,Carrier_C,none,7.01,1.6,5,False,False,none
ORD000408,2025-06-06,Cloud Sweatpants,1,62.4,United States,3PL_East,Carrier_D,influencer_drop,6.72,2.2,5,False,False,none
ORD000409,2025-01-22,Zip Hoodie,1,96.0,United States,3PL_Central,Carrier_A,none,7.48,3.3,5,False,False,none
ORD000410,2025-06-30,Lounge Set,1,142.0,United Kingdom,3PL_International,Passport_Global,none,16.94,5.2,9,False,False,none
ORD000411,2025-05-04,Cloud Sweatpants,2,156.0,United States,3PL_East,Carrier_A,none,6.99,4.5,5,False,False,none
ORD000412,2025-05-01,Weighted Tee,4,216.0,United Kingdom,3PL_International,Passport_Global,none,20.83,4.1,9,False,False,none
ORD000413,2025-01-19,Cloud Sweatpants,1,62.4,United States,3PL_East,Carrier_A,email_drop,6.37,4.5,5,False,False,none
ORD000414,2025-06-15,Zip Hoodie,4,384.0,United States,3PL_West,Carrier_A,none,8.76,3.6,5,False,False,none
ORD000415,2025-01-06,Signature Hoodie,1,89.0,United States,3PL_West,Carrier_C,none,5.21,3.8,5,False,False,none
ORD000416,2025-02-18,Signature Hoodie,1,89.0,United States,3PL_East,Carrier_C,none,6.17,2.0,5,False,False,none
ORD000417,2025-01-29,Cloud Sweatpants,1,78.0,United States,3PL_Central,Carrier_A,none,5.27,3.8,5,False,False,none
ORD000418,2025-05-26,Zip Hoodie,4,384.0,United States,3PL_Central,Carrier_B,none,9.44,3.2,5,False,False,none
ORD000419,2025-02-09,Signature Hoodie,3,226.95,United States,3PL_West,Carrier_C,holiday_sale,7.61,3.6,5,False,False,none
ORD000420,2025-06-17,Cloud Sweatpants,3,210.6,United States,3PL_West,Carrier_A,email_drop,5.6,2.8,5,False,False,none
ORD000421,2025-05-02,Signature Hoodie,1,89.0,United States,3PL_East,Carrier_B,none,7.12,4.2,5,False,False,none
ORD000422,2025-01-08,Cloud Sweatpants,3,198.9,United Kingdom,3PL_International,Passport_Global,email_drop,20.51,3.9,9,False,False,none
ORD000423,2025-01-02,Signature Hoodie,2,178.0,United States,3PL_Central,Carrier_B,none,6.3,2.6,5,False,False,none
ORD000424,2025-01-11,Signature Hoodie,3,267.0,United States,3PL_Central,Carrier_B,none,8.79,1.6,5,False,False,none
ORD000425,2025-04-22,Signature Hoodie,2,178.0,United States,3PL_West,Carrier_C,none,5.78,6.5,5,True,False,none
ORD000426,2025-05-31,Lounge Set,2,284.0,United States,3PL_East,Carrier_B,none,5.82,2.9,5,False,False,none
ORD000427,2025-02-17,Lounge Set,4,454.4,Canada,3PL_International,Passport_Global,email_drop,20.12,3.9,9,False,False,none
ORD000428,2025-06-08,Signature Hoodie,4,320.4,United States,3PL_West,Carrier_A,product_launch,8.69,2.8,5,False,False,none
ORD000429,2025-01-12,Signature Hoodie,2,178.0,United States,3PL_East,Carrier_B,none,6.02,3.5,5,False,False,none
ORD000430,2025-05-31,Cloud Sweatpants,1,78.0,United States,3PL_West,Carrier_D,none,6.97,4.4,5,False,False,none
ORD000431,2025-06-20,Signature Hoodie,1,89.0,United States,3PL_East,Carrier_B,none,4.22,3.4,5,False,False,none
ORD000432,2025-05-25,Lounge Set,2,284.0,United States,3PL_West,Carrier_B,none,6.0,3.8,5,False,False,none
ORD000433,2025-05-11,Cloud Sweatpants,2,156.0,United States,3PL_West,Carrier_C,none,6.91,5.1,5,True,False,none
ORD000434,2025-06-06,Lounge Set,1,113.6,Australia,3PL_International,Passport_Global,product_launch,18.89,5.1,9,False,False,none
ORD000435,2025-01-09,Signature Hoodie,1,80.1,United States,3PL_West,Carrier_B,influencer_drop,5.44,3.4,5,False,False,none
ORD000436,2025-02-10,Weighted Tee,3,129.6,United States,3PL_East,Carrier_B,product_launch,7.3,5.9,5,True,False,none
ORD000437,2025-01-26,Zip Hoodie,4,384.0,United States,3PL_East,Carrier_C,none,9.35,4.4,5,False,False,none
ORD000438,2025-04-02,Zip Hoodie,1,96.0,United States,3PL_East,Carrier_D,none,8.14,4.4,5,False,False,none
ORD000439,2025-05-20,Weighted Tee,1,54.0,United States,3PL_East,Carrier_D,none,8.1,2.5,5,False,False,none
ORD000440,2025-04-27,Cloud Sweatpants,2,140.4,Australia,3PL_International,Passport_Global,product_launch,19.36,7.1,9,False,False,none
ORD000441,2025-06-08,Signature Hoodie,3,267.0,United States,3PL_East,Carrier_C,none,7.1,4.2,5,False,False,none
ORD000442,2025-02-01,Cloud Sweatpants,3,234.0,United States,3PL_East,Carrier_A,none,7.66,4.0,5,False,False,none
ORD000443,2025-05-18,Lounge Set,1,142.0,United Kingdom,3PL_International,Passport_Global,none,17.99,5.5,9,False,False,none
ORD000444,2025-02-08,Lounge Set,1,113.6,Canada,3PL_International,Passport_Global,influencer_drop,15.84,4.2,9,False,False,none
ORD000445,2025-02-24,Cloud Sweatpants,1,62.4,United States,3PL_Central,Carrier_A,influencer_drop,5.42,2.1,5,False,False,none
ORD000446,2025-05-13,Zip Hoodie,1,76.8,Australia,3PL_International,Passport_Global,email_drop,19.18,4.9,9,False,False,none
ORD000447,2025-06-28,Signature Hoodie,2,178.0,United States,3PL_East,Carrier_A,none,6.04,2.4,5,False,False,none
ORD000448,2025-04-23,Signature Hoodie,1,71.2,Canada,3PL_International,Passport_Global,email_drop,16.35,5.5,9,False,False,none
ORD000449,2025-01-11,Cloud Sweatpants,1,78.0,United States,3PL_East,Carrier_B,none,4.87,2.4,5,False,False,none
ORD000450,2025-04-24,Cloud Sweatpants,2,156.0,United States,3PL_East,Carrier_A,none,5.99,3.3,5,False,False,none
ORD000451,2025-01-09,Signature Hoodie,3,267.0,Canada,3PL_International,Passport_Global,none,20.98,5.2,9,False,True,fit_issue
ORD000452,2025-06-13,Zip Hoodie,1,96.0,United States,3PL_West,Carrier_C,none,7.51,2.7,5,False,False,none
ORD000453,2025-05-13,Cloud Sweatpants,1,78.0,Australia,3PL_International,Passport_Global,none,17.92,5.4,9,False,False,none
ORD000454,2025-02-04,Cloud Sweatpants,1,70.2,United States,3PL_Central,Carrier_C,product_launch,4.72,5.7,5,True,False,none
ORD000455,2025-01-19,Signature Hoodie,1,89.0,United States,3PL_Central,Carrier_C,none,4.43,3.2,5,False,True,duplicate_order
ORD000456,2025-02-07,Signature Hoodie,2,178.0,United States,3PL_East,Carrier_A,none,7.37,3.6,5,False,False,none
ORD000457,2025-06-28,Zip Hoodie,2,172.8,United States,3PL_East,Carrier_A,email_drop,7.13,4.1,5,False,False,none
ORD000458,2025-03-25,Lounge Set,4,454.4,United States,3PL_West,Carrier_A,email_drop,9.79,3.2,5,False,False,none
ORD000459,2025-05-28,Signature Hoodie,1,89.0,United States,3PL_West,Carrier_A,none,4.98,3.6,5,False,True,quality_issue
ORD000460,2025-04-28,Lounge Set,3,426.0,United States,3PL_West,Carrier_B,none,9.01,3.8,5,False,False,none
ORD000461,2025-04-15,Lounge Set,1,142.0,United States,3PL_West,Carrier_A,none,5.54,4.1,5,False,False,none
ORD000462,2025-01-30,Lounge Set,1,142.0,United States,3PL_Central,Carrier_B,none,4.83,1.9,5,False,False,none
ORD000463,2025-06-22,Cloud Sweatpants,1,62.4,United States,3PL_West,Carrier_B,email_drop,3.76,2.1,5,False,False,none
ORD000464,2025-03-02,Signature Hoodie,4,356.0,United States,3PL_Central,Carrier_B,none,8.44,5.5,5,True,False,none
ORD000465,2025-04-17,Lounge Set,1,142.0,Canada,3PL_International,Passport_Global,none,17.38,5.6,9,False,False,none
ORD000466,2025-05-11,Cloud Sweatpants,3,234.0,United States,3PL_West,Carrier_C,none,6.84,3.9,5,False,False,none
ORD000467,2025-05-01,Signature Hoodie,2,178.0,United States,3PL_East,Carrier_A,none,6.91,4.2,5,False,False,none
ORD000468,2025-06-22,Cloud Sweatpants,3,234.0,United States,3PL_East,Carrier_B,none,7.15,2.7,5,False,False,none
ORD000469,2025-01-30,Cloud Sweatpants,3,187.2,United States,3PL_East,Carrier_A,holiday_sale,6.94,4.1,5,False,False,none
ORD000470,2025-04-03,Cloud Sweatpants,2,156.0,United States,3PL_Central,Carrier_B,none,5.82,3.7,5,False,False,none
ORD000471,2025-03-17,Lounge Set,2,227.2,United States,3PL_Central,Carrier_B,holiday_sale,5.41,3.2,5,False,False,none
ORD000472,2025-03-28,Cloud Sweatpants,1,78.0,Canada,3PL_International,Passport_Global,none,17.34,3.6,9,False,False,none
ORD000473,2025-01-24,Signature Hoodie,2,160.2,Australia,3PL_International,Passport_Global,influencer_drop,18.51,5.7,9,False,False,none
ORD000474,2025-01-27,Weighted Tee,2,108.0,United States,3PL_Central,Carrier_A,none,6.35,3.8,5,False,False,none
ORD000475,2025-02-25,Signature Hoodie,1,89.0,United States,3PL_West,Carrier_A,none,5.71,4.5,5,False,False,none
ORD000476,2025-03-02,Signature Hoodie,2,178.0,United States,3PL_West,Carrier_B,none,7.77,3.7,5,False,False,none
ORD000477,2025-03-21,Lounge Set,2,284.0,United States,3PL_East,Carrier_D,none,9.16,5.1,5,True,False,none
ORD000478,2025-04-23,Weighted Tee,1,48.6,United States,3PL_East,Carrier_B,holiday_sale,4.15,5.7,5,True,False,none
ORD000479,2025-04-28,Zip Hoodie,1,81.6,United States,3PL_East,Carrier_B,email_drop,6.11,3.2,5,False,False,none
ORD000480,2025-03-18,Cloud Sweatpants,1,70.2,United States,3PL_East,Carrier_A,email_drop,6.27,2.0,5,False,False,none
ORD000481,2025-03-18,Cloud Sweatpants,1,78.0,United Kingdom,3PL_International,Passport_Global,none,18.41,4.5,9,False,False,none
ORD000482,2025-02-13,Lounge Set,1,142.0,United States,3PL_East,Carrier_A,none,5.04,5.4,5,True,False,none
ORD000483,2025-04-19,Lounge Set,1,127.8,United States,3PL_West,Carrier_A,email_drop,6.57,5.5,5,True,False,none
ORD000484,2025-03-04,Signature Hoodie,2,142.4,United States,3PL_West,Carrier_C,influencer_drop,5.83,4.8,5,False,False,none
ORD000485,2025-01-08,Lounge Set,1,142.0,Australia,3PL_International,Passport_Global,none,18.65,3.2,9,False,False,none
ORD000486,2025-03-19,Zip Hoodie,1,86.4,United States,3PL_Central,Carrier_A,email_drop,6.23,3.9,5,False,False,none
ORD000487,2025-03-28,Signature Hoodie,1,89.0,Germany,3PL_International,Passport_Global,none,18.2,3.1,9,False,False,none
ORD000488,2025-02-15,Signature Hoodie,2,151.3,Germany,3PL_International,Passport_Global,product_launch,17.51,4.7,9,False,False,none
ORD000489,2025-04-15,Signature Hoodie,4,356.0,United States,3PL_East,Carrier_B,none,9.01,2.9,5,False,False,none
ORD000490,2025-04-14,Weighted Tee,3,162.0,United States,3PL_Central,Carrier_A,none,8.37,4.1,5,False,False,none
ORD000491,2025-05-11,Cloud Sweatpants,3,198.9,United States,3PL_East,Carrier_C,holiday_sale,7.74,5.0,5,False,False,none
ORD000492,2025-05-01,Zip Hoodie,1,96.0,United States,3PL_West,Carrier_B,none,5.33,5.4,5,True,False,none
ORD000493,2025-05-02,Signature Hoodie,2,178.0,United States,3PL_Central,Carrier_B,none,6.25,7.0,5,True,False,none
ORD000494,2025-03-04,Lounge Set,1,142.0,Canada,3PL_International,Passport_Global,none,17.38,4.4,9,False,False,none
ORD000495,2025-05-29,Cloud Sweatpants,1,78.0,Australia,3PL_International,Passport_Global,none,17.72,5.2,9,False,False,none
ORD000496,2025-04-11,Weighted Tee,1,43.2,United States,3PL_West,Carrier_B,product_launch,6.36,3.7,5,False,False,none
ORD000497,2025-03-21,Cloud Sweatpants,1,70.2,United States,3PL_East,Carrier_C,influencer_drop,4.84,3.4,5,False,False,none
ORD000498,2025-04-26,Lounge Set,1,142.0,United States,3PL_East,Carrier_B,none,5.71,6.6,5,True,True,quality_issue
ORD000499,2025-03-11,Zip Hoodie,1,86.4,United States,3PL_Central,Carrier_C,product_launch,3.25,1.0,5,False,False,none
ORD000500,2025-04-04,Cloud Sweatpants,3,187.2,United States,3PL_Central,Carrier_B,email_drop,7.28,5.0,5,False,False,none
ORD000501,2025-05-18,Weighted Tee,3,145.8,Australia,3PL_International,Passport_Global,holiday_sale,20.67,4.3,9,False,False,none
ORD000502,2025-06-13,Cloud Sweatpants,2,156.0,United States,3PL_Central,Carrier_B,none,7.35,4.8,5,False,False,none
ORD000503,2025-06-19,Lounge Set,1,142.0,United States,3PL_Central,Carrier_D,none,6.31,1.0,5,False,False,none
ORD000504,2025-04-02,Signature Hoodie,4,356.0,United States,3PL_West,Carrier_C,none,9.08,4.4,5,False,False,none
ORD000505,2025-04-05,Zip Hoodie,1,96.0,United States,3PL_West,Carrier_A,none,6.02,4.9,5,False,False,none
ORD000506,2025-05-31,Lounge Set,4,482.8,Australia,3PL_International,Passport_Global,email_drop,20.6,3.0,9,False,False,none
ORD000507,2025-03-04,Lounge Set,3,426.0,Australia,3PL_International,Passport_Global,none,18.76,5.7,9,False,False,none
ORD000508,2025-06-06,Cloud Sweatpants,1,78.0,United States,3PL_Central,Carrier_D,none,6.12,4.3,5,False,False,none
ORD000509,2025-03-31,Cloud Sweatpants,1,70.2,United States,3PL_West,Carrier_B,email_drop,4.12,3.6,5,False,False,none
ORD000510,2025-01-24,Lounge Set,2,284.0,Canada,3PL_International,Passport_Global,none,19.51,2.3,9,False,False,none
ORD000511,2025-01-15,Signature Hoodie,3,267.0,United States,3PL_West,Carrier_A,none,7.77,3.3,5,False,False,none
ORD000512,2025-06-07,Weighted Tee,2,91.8,United States,3PL_East,Carrier_C,email_drop,6.2,5.2,5,True,False,none
ORD000513,2025-01-12,Signature Hoodie,1,71.2,Germany,3PL_International,Passport_Global,holiday_sale,17.08,4.6,9,False,False,none
ORD000514,2025-02-26,Signature Hoodie,2,178.0,United States,3PL_East,Carrier_B,none,7.42,4.7,5,False,False,none
ORD000515,2025-03-07,Lounge Set,2,255.6,United States,3PL_East,Carrier_A,product_launch,6.37,2.7,5,False,True,late_delivery
ORD000516,2025-02-04,Cloud Sweatpants,1,62.4,United States,3PL_West,Carrier_C,holiday_sale,5.65,4.8,5,False,False,none
ORD000517,2025-03-03,Signature Hoodie,4,284.8,United States,3PL_East,Carrier_A,email_drop,8.11,2.7,5,False,False,none
ORD000518,2025-05-20,Signature Hoodie,1,89.0,Canada,3PL_International,Passport_Global,none,16.85,4.9,9,False,False,none
ORD000519,2025-01-04,Weighted Tee,1,48.6,United States,3PL_Central,Carrier_A,email_drop,6.2,3.6,5,False,False,none
ORD000520,2025-06-04,Cloud Sweatpants,2,132.6,United States,3PL_West,Carrier_B,influencer_drop,6.61,5.6,5,True,False,none
ORD000521,2025-06-09,Weighted Tee,2,108.0,United States,3PL_East,Carrier_A,none,6.68,3.9,5,False,False,none
ORD000522,2025-03-12,Signature Hoodie,2,160.2,Canada,3PL_International,Passport_Global,product_launch,19.2,3.7,9,False,False,none
ORD000523,2025-01-31,Cloud Sweatpants,2,124.8,United States,3PL_East,Carrier_B,holiday_sale,7.33,4.6,5,False,False,none
ORD000524,2025-04-21,Signature Hoodie,1,89.0,United States,3PL_West,Carrier_D,none,8.12,4.1,5,False,False,none
ORD000525,2025-01-25,Cloud Sweatpants,1,62.4,United States,3PL_East,Carrier_A,email_drop,4.5,3.0,5,False,False,none
ORD000526,2025-03-11,Signature Hoodie,1,89.0,United States,3PL_Central,Carrier_B,none,5.18,4.1,5,False,True,quality_issue
ORD000527,2025-06-24,Signature Hoodie,1,75.65,United States,3PL_East,Carrier_A,influencer_drop,4.56,4.7,5,False,False,none
ORD000528,2025-06-30,Cloud Sweatpants,2,132.6,United States,3PL_Central,Carrier_C,influencer_drop,6.68,2.8,5,False,False,none
ORD000529,2025-05-25,Zip Hoodie,1,96.0,United States,3PL_Central,Carrier_A,none,5.08,4.5,5,False,False,none
ORD000530,2025-03-03,Cloud Sweatpants,3,234.0,United States,3PL_Central,Carrier_B,none,7.44,3.8,5,False,False,none
ORD000531,2025-05-09,Cloud Sweatpants,3,234.0,United States,3PL_West,Carrier_C,none,7.51,4.7,5,False,False,none
ORD000532,2025-05-12,Cloud Sweatpants,2,124.8,United States,3PL_West,Carrier_A,holiday_sale,6.32,5.1,5,True,False,none
ORD000533,2025-03-15,Cloud Sweatpants,1,78.0,United Kingdom,3PL_International,Passport_Global,none,19.81,2.3,9,False,False,none
ORD000534,2025-04-29,Lounge Set,1,127.8,United States,3PL_East,Carrier_C,holiday_sale,3.84,4.0,5,False,False,none
ORD000535,2025-01-03,Lounge Set,1,142.0,United States,3PL_Central,Carrier_B,none,5.27,3.4,5,False,False,none
ORD000536,2025-02-11,Lounge Set,1,142.0,United States,3PL_East,Carrier_B,none,4.19,3.6,5,False,False,none
ORD000537,2025-04-06,Signature Hoodie,1,71.2,United States,3PL_East,Carrier_A,holiday_sale,5.52,3.2,5,False,False,none
ORD000538,2025-02-02,Cloud Sweatpants,3,234.0,United States,3PL_East,Carrier_B,none,6.56,2.7,5,False,False,none
ORD000539,2025-02-03,Lounge Set,1,142.0,United States,3PL_Central,Carrier_C,none,5.34,4.4,5,False,False,none
ORD000540,2025-06-06,Weighted Tee,3,162.0,United States,3PL_East,Carrier_A,none,7.11,3.9,5,False,False,none
ORD000541,2025-06-29,Cloud Sweatpants,1,78.0,United States,3PL_West,Carrier_D,none,8.05,3.7,5,False,False,none
ORD000542,2025-04-12,Cloud Sweatpants,1,78.0,United States,3PL_West,Carrier_B,none,4.2,2.5,5,False,False,none
ORD000543,2025-06-06,Zip Hoodie,1,96.0,United States,3PL_West,Carrier_A,none,4.31,4.5,5,False,False,none
ORD000544,2025-06-29,Weighted Tee,2,108.0,United States,3PL_East,Carrier_A,none,5.63,4.0,5,False,False,none
ORD000545,2025-01-29,Cloud Sweatpants,2,156.0,Australia,3PL_International,Passport_Global,none,19.24,6.0,9,False,False,none
ORD000546,2025-03-24,Signature Hoodie,2,178.0,United States,3PL_West,Carrier_D,none,8.51,2.9,5,False,False,none
ORD000547,2025-03-15,Lounge Set,4,568.0,United States,3PL_Central,Carrier_C,none,8.6,6.7,5,True,False,none
ORD000548,2025-01-17,Zip Hoodie,2,192.0,United States,3PL_Central,Carrier_B,none,7.05,3.7,5,False,False,none
ORD000549,2025-05-22,Signature Hoodie,3,240.3,Canada,3PL_International,Passport_Global,product_launch,18.27,4.0,9,False,False,none
ORD000550,2025-03-22,Signature Hoodie,1,89.0,United States,3PL_East,Carrier_A,none,5.19,5.6,5,True,False,none
ORD000551,2025-03-27,Cloud Sweatpants,2,156.0,Australia,3PL_International,Passport_Global,none,18.92,6.0,9,False,False,none
ORD000552,2025-01-31,Zip Hoodie,2,192.0,United States,3PL_West,Carrier_C,none,6.68,3.6,5,False,False,none
ORD000553,2025-02-06,Lounge Set,2,227.2,United States,3PL_West,Carrier_B,holiday_sale,6.59,4.9,5,False,False,none
ORD000554,2025-06-16,Signature Hoodie,4,284.8,United States,3PL_Central,Carrier_A,influencer_drop,9.04,5.9,5,True,False,none
ORD000555,2025-01-10,Signature Hoodie,2,160.2,United States,3PL_East,Carrier_C,influencer_drop,6.9,4.0,5,False,False,none
ORD000556,2025-02-16,Zip Hoodie,1,81.6,United States,3PL_Central,Carrier_A,product_launch,6.94,2.4,5,False,False,none
ORD000557,2025-02-28,Signature Hoodie,4,302.6,United Kingdom,3PL_International,Passport_Global,email_drop,21.81,3.7,9,False,True,changed_mind
ORD000558,2025-03-30,Cloud Sweatpants,1,70.2,Canada,3PL_International,Passport_Global,product_launch,16.58,6.3,9,False,False,none
ORD000559,2025-04-18,Cloud Sweatpants,2,156.0,United States,3PL_West,Carrier_A,none,7.21,3.5,5,False,False,none
ORD000560,2025-03-31,Signature Hoodie,1,75.65,United States,3PL_Central,Carrier_C,influencer_drop,5.27,2.9,5,False,False,none
ORD000561,2025-01-17,Lounge Set,1,113.6,United States,3PL_East,Carrier_C,holiday_sale,4.93,4.1,5,False,False,none
ORD000562,2025-02-18,Signature Hoodie,1,75.65,United States,3PL_West,Carrier_A,holiday_sale,4.23,5.6,5,True,False,none
ORD000563,2025-06-07,Lounge Set,1,142.0,United States,3PL_East,Carrier_A,none,5.15,5.6,5,True,False,none
ORD000564,2025-04-28,Zip Hoodie,4,307.2,United States,3PL_West,Carrier_C,influencer_drop,9.0,3.0,5,False,False,none
ORD000565,2025-05-01,Cloud Sweatpants,1,78.0,United States,3PL_Central,Carrier_B,none,5.99,1.8,5,False,False,none
ORD000566,2025-05-05,Lounge Set,4,568.0,Australia,3PL_International,Passport_Global,none,20.36,4.6,9,False,False,none
ORD000567,2025-05-24,Signature Hoodie,4,356.0,United States,3PL_West,Carrier_A,none,8.51,3.6,5,False,False,none
ORD000568,2025-01-12,Lounge Set,1,142.0,United States,3PL_East,Carrier_A,none,4.99,2.4,5,False,False,none
ORD000569,2025-03-12,Signature Hoodie,1,71.2,Australia,3PL_International,Passport_Global,email_drop,17.33,5.1,9,False,False,none
ORD000570,2025-04-09,Weighted Tee,4,216.0,United States,3PL_East,Carrier_C,none,7.62,4.5,5,False,False,none
ORD000571,2025-03-07,Signature Hoodie,2,178.0,United States,3PL_West,Carrier_B,none,5.69,3.3,5,False,False,none
ORD000572,2025-06-07,Cloud Sweatpants,1,78.0,United Kingdom,3PL_International,Passport_Global,none,17.55,3.3,9,False,False,none
ORD000573,2025-03-29,Signature Hoodie,4,320.4,United States,3PL_Central,Carrier_D,email_drop,11.14,2.9,5,False,False,none
ORD000574,2025-05-25,Cloud Sweatpants,2,132.6,United States,3PL_East,Carrier_B,email_drop,6.35,1.7,5,False,False,none
ORD000575,2025-06-08,Signature Hoodie,2,151.3,United States,3PL_East,Carrier_A,email_drop,5.58,4.4,5,False,False,none
ORD000576,2025-04-02,Signature Hoodie,2,178.0,United States,3PL_East,Carrier_D,none,8.13,4.6,5,False,False,none
ORD000577,2025-06-17,Signature Hoodie,1,71.2,United States,3PL_West,Carrier_B,influencer_drop,4.4,5.8,5,True,False,none
ORD000578,2025-04-18,Signature Hoodie,1,71.2,United States,3PL_East,Carrier_B,email_drop,5.98,1.8,5,False,False,none
ORD000579,2025-06-08,Zip Hoodie,1,96.0,United States,3PL_Central,Carrier_C,none,6.59,3.9,5,False,False,none
ORD000580,2025-03-08,Cloud Sweatpants,2,156.0,Canada,3PL_International,Passport_Global,none,19.02,5.1,9,False,False,none
ORD000581,2025-04-01,Signature Hoodie,4,356.0,United States,3PL_Central,Carrier_B,none,9.38,1.7,5,False,False,none
ORD000582,2025-04-07,Weighted Tee,2,108.0,United States,3PL_East,Carrier_C,none,5.97,4.0,5,False,False,none
ORD000583,2025-01-22,Zip Hoodie,2,192.0,United States,3PL_West,Carrier_A,none,6.72,3.5,5,False,False,none
ORD000584,2025-03-16,Signature Hoodie,1,89.0,United States,3PL_West,Carrier_D,none,7.14,4.4,5,False,False,none
ORD000585,2025-06-18,Cloud Sweatpants,2,156.0,United States,3PL_Central,Carrier_A,none,7.31,1.6,5,False,False,none
ORD000586,2025-04-27,Cloud Sweatpants,4,312.0,Germany,3PL_International,Passport_Global,none,20.74,4.6,9,False,True,late_delivery
ORD000587,2025-02-05,Cloud Sweatpants,1,78.0,Canada,3PL_International,Passport_Global,none,17.7,3.0,9,False,False,none
ORD000588,2025-03-07,Lounge Set,1,127.8,Canada,3PL_International,Passport_Global,influencer_drop,16.88,4.7,9,False,False,none
ORD000589,2025-02-08,Cloud Sweatpants,3,234.0,United States,3PL_West,Carrier_B,none,8.17,5.2,5,True,False,none
ORD000590,2025-01-05,Weighted Tee,1,54.0,United States,3PL_Central,Carrier_A,none,4.85,2.6,5,False,True,late_delivery
ORD000591,2025-06-20,Zip Hoodie,1,81.6,United Kingdom,3PL_International,Passport_Global,email_drop,17.5,5.9,9,False,False,none
ORD000592,2025-03-24,Weighted Tee,4,216.0,United States,3PL_West,Carrier_C,none,8.09,2.4,5,False,False,none
ORD000593,2025-03-02,Cloud Sweatpants,1,78.0,United States,3PL_East,Carrier_C,none,5.2,2.6,5,False,False,none
ORD000594,2025-04-20,Zip Hoodie,2,192.0,United States,3PL_East,Carrier_A,none,7.07,3.1,5,False,False,none
ORD000595,2025-01-02,Zip Hoodie,1,96.0,Canada,3PL_International,Passport_Global,none,18.04,6.6,9,False,False,none
ORD000596,2025-02-25,Zip Hoodie,1,96.0,United States,3PL_West,Carrier_A,none,6.37,4.1,5,False,False,none
ORD000597,2025-05-11,Signature Hoodie,1,89.0,Canada,3PL_International,Passport_Global,none,17.23,6.2,9,False,False,none
ORD000598,2025-04-28,Signature Hoodie,1,89.0,Germany,3PL_International,Passport_Global,none,17.76,3.9,9,False,False,none
ORD000599,2025-06-28,Signature Hoodie,3,267.0,United States,3PL_West,Carrier_C,none,8.57,2.8,5,False,False,none
ORD000600,2025-04-25,Signature Hoodie,1,71.2,United States,3PL_West,Carrier_B,product_launch,4.6,6.6,5,True,False,none
ORD000601,2025-03-28,Lounge Set,1,142.0,United States,3PL_West,Carrier_A,none,6.31,4.3,5,False,False,none
ORD000602,2025-05-23,Zip Hoodie,1,96.0,United States,3PL_East,Carrier_A,none,6.57,3.9,5,False,False,none
ORD000603,2025-06-16,Signature Hoodie,3,267.0,United States,3PL_East,Carrier_B,none,6.77,3.5,5,False,False,none
ORD000604,2025-05-15,Cloud Sweatpants,1,62.4,United States,3PL_East,Carrier_B,email_drop,7.31,5.7,5,True,False,none
ORD000605,2025-06-25,Signature Hoodie,1,80.1,United States,3PL_West,Carrier_A,email_drop,5.14,2.9,5,False,False,none
ORD000606,2025-05-27,Lounge Set,2,241.4,United States,3PL_West,Carrier_A,email_drop,5.16,4.6,5,False,False,none
ORD000607,2025-06-10,Lounge Set,2,284.0,United States,3PL_West,Carrier_A,none,5.63,3.6,5,False,False,none
ORD000608,2025-01-24,Signature Hoodie,2,178.0,United States,3PL_East,Carrier_A,none,6.38,1.7,5,False,False,none
ORD000609,2025-05-17,Cloud Sweatpants,1,70.2,United States,3PL_West,Carrier_B,influencer_drop,5.03,2.9,5,False,False,none
ORD000610,2025-03-23,Weighted Tee,4,216.0,Canada,3PL_International,Passport_Global,none,20.58,3.9,9,False,False,none
ORD000611,2025-04-12,Zip Hoodie,4,326.4,United States,3PL_Central,Carrier_A,product_launch,7.82,4.7,5,False,False,none
ORD000612,2025-05-02,Lounge Set,4,568.0,United States,3PL_East,Carrier_A,none,7.68,3.5,5,False,False,none
ORD000613,2025-06-26,Signature Hoodie,4,356.0,United States,3PL_West,Carrier_B,none,10.13,5.1,5,True,False,none
ORD000614,2025-06-28,Signature Hoodie,1,89.0,United States,3PL_East,Carrier_B,none,5.64,4.7,5,False,False,none
ORD000615,2025-02-28,Zip Hoodie,1,96.0,United States,3PL_East,Carrier_B,none,6.16,3.1,5,False,False,none
ORD000616,2025-05-18,Signature Hoodie,4,284.8,United States,3PL_West,Carrier_B,holiday_sale,8.06,4.6,5,False,False,none
ORD000617,2025-05-21,Lounge Set,2,284.0,United States,3PL_West,Carrier_A,none,6.19,2.8,5,False,False,none
ORD000618,2025-03-08,Zip Hoodie,4,384.0,United States,3PL_East,Carrier_D,none,9.8,3.3,5,False,False,none
ORD000619,2025-01-25,Signature Hoodie,2,178.0,United Kingdom,3PL_International,Passport_Global,none,18.51,4.2,9,False,False,none
ORD000620,2025-01-09,Cloud Sweatpants,4,265.2,United States,3PL_East,Carrier_C,holiday_sale,9.66,3.4,5,False,False,none
ORD000621,2025-05-26,Lounge Set,1,142.0,United States,3PL_Central,Carrier_B,none,5.02,5.4,5,True,False,none
ORD000622,2025-03-30,Weighted Tee,2,86.4,United States,3PL_West,Carrier_C,product_launch,6.43,6.2,5,True,False,none
ORD000623,2025-06-28,Signature Hoodie,3,213.6,United States,3PL_West,Carrier_C,holiday_sale,7.13,3.9,5,False,False,none
ORD000624,2025-03-27,Lounge Set,1,142.0,United Kingdom,3PL_International,Passport_Global,none,18.38,5.7,9,False,False,none
ORD000625,2025-06-27,Signature Hoodie,3,226.95,United States,3PL_West,Carrier_A,holiday_sale,7.21,5.4,5,True,False,none
ORD000626,2025-03-18,Lounge Set,1,120.7,United States,3PL_East,Carrier_A,product_launch,6.38,4.3,5,False,False,none
ORD000627,2025-05-30,Zip Hoodie,4,384.0,United States,3PL_West,Carrier_C,none,8.54,6.0,5,True,False,none
ORD000628,2025-01-18,Signature Hoodie,4,356.0,United Kingdom,3PL_International,Passport_Global,none,23.19,3.3,9,False,False,none
ORD000629,2025-04-12,Zip Hoodie,1,96.0,United States,3PL_West,Carrier_B,none,6.36,4.6,5,False,False,none
ORD000630,2025-05-31,Zip Hoodie,2,163.2,United Kingdom,3PL_International,Passport_Global,email_drop,18.91,4.8,9,False,False,none
ORD000631,2025-06-19,Zip Hoodie,1,96.0,United States,3PL_East,Carrier_C,none,5.45,2.3,5,False,False,none
ORD000632,2025-06-04,Signature Hoodie,4,284.8,United Kingdom,3PL_International,Passport_Global,email_drop,22.35,4.1,9,False,False,none
ORD000633,2025-01-08,Zip Hoodie,1,96.0,United Kingdom,3PL_International,Passport_Global,none,18.06,6.3,9,False,False,none
ORD000634,2025-03-13,Lounge Set,3,426.0,United States,3PL_East,Carrier_A,none,8.18,6.7,5,True,False,none
ORD000635,2025-01-10,Signature Hoodie,1,89.0,Australia,3PL_International,Passport_Global,none,19.49,4.2,9,False,False,none
ORD000636,2025-01-23,Signature Hoodie,1,71.2,Australia,3PL_International,Passport_Global,email_drop,17.97,5.0,9,False,False,none
ORD000637,2025-05-06,Lounge Set,4,568.0,Australia,3PL_International,Passport_Global,none,19.57,4.5,9,False,False,none
ORD000638,2025-05-14,Zip Hoodie,1,81.6,United States,3PL_East,Carrier_D,email_drop,7.34,3.9,5,False,False,none
ORD000639,2025-05-26,Cloud Sweatpants,3,234.0,United States,3PL_West,Carrier_C,none,8.64,5.7,5,True,False,none
ORD000640,2025-06-10,Lounge Set,4,568.0,United States,3PL_Central,Carrier_A,none,9.1,2.9,5,False,False,none
ORD000641,2025-05-19,Signature Hoodie,4,356.0,United States,3PL_East,Carrier_A,none,7.92,3.1,5,False,False,none
ORD000642,2025-05-31,Lounge Set,1,120.7,United States,3PL_East,Carrier_B,product_launch,5.33,4.0,5,False,False,none
ORD000643,2025-01-10,Cloud Sweatpants,1,78.0,United States,3PL_Central,Carrier_A,none,6.59,3.2,5,False,False,none
ORD000644,2025-02-16,Signature Hoodie,3,226.95,Australia,3PL_International,Passport_Global,email_drop,18.97,5.2,9,False,False,none
ORD000645,2025-04-25,Weighted Tee,4,216.0,United States,3PL_West,Carrier_C,none,7.47,3.7,5,False,True,fit_issue
ORD000646,2025-06-09,Lounge Set,4,482.8,United States,3PL_Central,Carrier_D,email_drop,9.98,4.1,5,False,False,none
ORD000647,2025-01-01,Signature Hoodie,3,267.0,United States,3PL_West,Carrier_C,none,8.62,4.9,5,False,False,none
ORD000648,2025-04-04,Weighted Tee,1,54.0,United States,3PL_Central,Carrier_B,none,3.76,3.6,5,False,False,none
ORD000649,2025-05-06,Weighted Tee,3,162.0,United States,3PL_East,Carrier_A,none,7.8,4.3,5,False,False,none
ORD000650,2025-01-06,Lounge Set,1,142.0,United States,3PL_West,Carrier_C,none,5.8,4.6,5,False,False,none
ORD000651,2025-03-17,Signature Hoodie,3,267.0,United States,3PL_West,Carrier_B,none,7.7,3.3,5,False,False,none
ORD000652,2025-06-15,Signature Hoodie,2,178.0,Canada,3PL_International,Passport_Global,none,17.77,3.7,9,False,False,none
ORD000653,2025-05-05,Zip Hoodie,1,96.0,United States,3PL_East,Carrier_A,none,5.5,5.8,5,True,False,none
ORD000654,2025-02-17,Lounge Set,3,362.1,United States,3PL_West,Carrier_B,product_launch,6.83,4.4,5,False,False,none
ORD000655,2025-06-08,Signature Hoodie,4,356.0,United States,3PL_West,Carrier_B,none,8.97,4.8,5,False,False,none
ORD000656,2025-03-09,Cloud Sweatpants,2,124.8,United States,3PL_East,Carrier_A,holiday_sale,5.84,4.1,5,False,False,none
ORD000657,2025-06-08,Signature Hoodie,3,267.0,United States,3PL_West,Carrier_B,none,7.97,3.7,5,False,False,none
ORD000658,2025-03-01,Cloud Sweatpants,1,78.0,Canada,3PL_International,Passport_Global,none,17.76,5.3,9,False,False,none
ORD000659,2025-04-19,Zip Hoodie,1,96.0,United States,3PL_West,Carrier_B,none,4.39,4.0,5,False,True,late_delivery
ORD000660,2025-03-16,Signature Hoodie,1,89.0,United States,3PL_West,Carrier_B,none,5.84,3.4,5,False,False,none
ORD000661,2025-02-25,Zip Hoodie,1,96.0,United States,3PL_East,Carrier_A,none,5.28,2.2,5,False,False,none
ORD000662,2025-06-13,Zip Hoodie,1,86.4,United States,3PL_East,Carrier_C,holiday_sale,5.65,5.0,5,False,False,none
ORD000663,2025-02-07,Cloud Sweatpants,2,140.4,United States,3PL_Central,Carrier_A,email_drop,6.71,2.1,5,False,False,none
ORD000664,2025-01-18,Lounge Set,1,142.0,United States,3PL_Central,Carrier_C,none,6.2,2.7,5,False,False,none
ORD000665,2025-03-08,Signature Hoodie,2,178.0,United States,3PL_West,Carrier_A,none,7.01,4.4,5,False,False,none
ORD000666,2025-05-15,Signature Hoodie,1,89.0,United States,3PL_West,Carrier_C,none,5.72,5.1,5,True,False,none
ORD000667,2025-06-01,Cloud Sweatpants,1,78.0,United States,3PL_East,Carrier_B,none,3.88,3.8,5,False,False,none
ORD000668,2025-06-30,Cloud Sweatpants,3,234.0,United States,3PL_West,Carrier_C,none,7.35,2.0,5,False,False,none
ORD000669,2025-03-01,Signature Hoodie,2,178.0,United States,3PL_West,Carrier_B,none,4.44,3.9,5,False,False,none
ORD000670,2025-03-18,Weighted Tee,1,54.0,United States,3PL_West,Carrier_B,none,4.2,3.8,5,False,False,none
ORD000671,2025-01-28,Signature Hoodie,1,89.0,United States,3PL_East,Carrier_C,none,6.24,2.6,5,False,False,none
ORD000672,2025-04-16,Signature Hoodie,3,213.6,Canada,3PL_International,Passport_Global,email_drop,19.63,5.6,9,False,False,none
ORD000673,2025-06-30,Lounge Set,1,142.0,United States,3PL_Central,Carrier_B,none,6.22,4.9,5,False,False,none
ORD000674,2025-05-11,Weighted Tee,4,216.0,United States,3PL_West,Carrier_B,none,8.12,2.1,5,False,False,none
ORD000675,2025-04-20,Cloud Sweatpants,1,62.4,United States,3PL_Central,Carrier_C,holiday_sale,5.19,4.1,5,False,False,none
ORD000676,2025-03-15,Signature Hoodie,2,151.3,United States,3PL_West,Carrier_B,product_launch,6.57,5.0,5,False,False,none
ORD000677,2025-06-18,Signature Hoodie,2,178.0,Canada,3PL_International,Passport_Global,none,20.09,4.7,9,False,False,none
ORD000678,2025-03-31,Signature Hoodie,2,178.0,United States,3PL_East,Carrier_A,none,7.25,3.0,5,False,False,none
ORD000679,2025-01-27,Cloud Sweatpants,3,187.2,Canada,3PL_International,Passport_Global,influencer_drop,19.6,2.7,9,False,True,late_delivery
ORD000680,2025-03-11,Zip Hoodie,1,96.0,United States,3PL_West,Carrier_B,none,4.91,4.3,5,False,False,none
ORD000681,2025-01-14,Cloud Sweatpants,1,78.0,United States,3PL_West,Carrier_C,none,5.46,3.1,5,False,False,none
ORD000682,2025-02-10,Cloud Sweatpants,2,156.0,United States,3PL_East,Carrier_A,none,8.37,4.0,5,False,False,none
ORD000683,2025-01-04,Zip Hoodie,1,96.0,United States,3PL_West,Carrier_A,none,5.37,5.3,5,True,True,fit_issue
ORD000684,2025-03-25,Signature Hoodie,1,75.65,United States,3PL_East,Carrier_D,product_launch,6.46,2.5,5,False,False,none
ORD000685,2025-04-28,Signature Hoodie,4,302.6,United States,3PL_East,Carrier_A,influencer_drop,8.15,4.6,5,False,False,none
ORD000686,2025-03-08,Lounge Set,1,120.7,United States,3PL_Central,Carrier_B,product_launch,5.17,5.7,5,True,False,none
ORD000687,2025-03-20,Signature Hoodie,1,75.65,Germany,3PL_International,Passport_Global,email_drop,17.97,7.0,9,False,False,none
ORD000688,2025-06-24,Signature Hoodie,2,178.0,United States,3PL_East,Carrier_A,none,5.75,5.0,5,False,False,none
ORD000689,2025-05-22,Signature Hoodie,1,75.65,United States,3PL_East,Carrier_A,influencer_drop,6.08,4.0,5,False,False,none
ORD000690,2025-04-09,Cloud Sweatpants,1,70.2,Australia,3PL_International,Passport_Global,email_drop,17.2,4.4,9,False,True,fit_issue
ORD000691,2025-02-27,Zip Hoodie,4,384.0,United States,3PL_Central,Carrier_B,none,9.81,1.4,5,False,False,none
ORD000692,2025-06-15,Cloud Sweatpants,1,78.0,United States,3PL_East,Carrier_A,none,5.53,3.9,5,False,False,none
ORD000693,2025-02-17,Cloud Sweatpants,1,78.0,United States,3PL_West,Carrier_B,none,5.06,4.7,5,False,False,none
ORD000694,2025-03-05,Cloud Sweatpants,2,156.0,United States,3PL_West,Carrier_A,none,4.22,1.6,5,False,False,none
ORD000695,2025-06-17,Signature Hoodie,2,178.0,United Kingdom,3PL_International,Passport_Global,none,18.59,3.9,9,False,False,none
ORD000696,2025-04-07,Lounge Set,2,284.0,Germany,3PL_International,Passport_Global,none,18.89,4.4,9,False,False,none
ORD000697,2025-05-19,Weighted Tee,2,108.0,United States,3PL_East,Carrier_A,none,6.52,2.1,5,False,False,none
ORD000698,2025-04-19,Cloud Sweatpants,1,78.0,Australia,3PL_International,Passport_Global,none,18.21,6.8,9,False,False,none
ORD000699,2025-05-02,Signature Hoodie,4,356.0,United States,3PL_West,Carrier_C,none,8.48,4.6,5,False,False,none
ORD000700,2025-03-01,Lounge Set,1,142.0,United States,3PL_East,Carrier_B,none,5.82,4.4,5,False,False,none
ORD000701,2025-02-18,Signature Hoodie,2,178.0,United States,3PL_West,Carrier_B,none,5.76,4.1,5,False,False,none
ORD000702,2025-03-05,Signature Hoodie,1,80.1,United States,3PL_East,Carrier_C,product_launch,6.14,4.6,5,False,False,none
ORD000703,2025-02-01,Weighted Tee,2,108.0,United States,3PL_West,Carrier_C,none,7.31,4.0,5,False,True,fit_issue
ORD000704,2025-06-12,Signature Hoodie,2,178.0,United States,3PL_Central,Carrier_B,none,6.76,2.0,5,False,False,none
ORD000705,2025-02-26,Signature Hoodie,1,89.0,Australia,3PL_International,Passport_Global,none,18.36,1.3,9,False,False,none
ORD000706,2025-04-13,Cloud Sweatpants,2,140.4,United States,3PL_West,Carrier_A,holiday_sale,6.26,4.4,5,False,False,none
ORD000707,2025-05-30,Cloud Sweatpants,1,66.3,United Kingdom,3PL_International,Passport_Global,email_drop,17.61,5.8,9,False,False,none
ORD000708,2025-05-28,Cloud Sweatpants,1,78.0,United States,3PL_Central,Carrier_A,none,5.16,4.9,5,False,False,none
ORD000709,2025-03-22,Signature Hoodie,4,356.0,United States,3PL_West,Carrier_A,none,9.85,3.8,5,False,False,none
ORD000710,2025-03-28,Zip Hoodie,2,163.2,United States,3PL_East,Carrier_D,email_drop,8.47,4.1,5,False,False,none
ORD000711,2025-06-30,Signature Hoodie,2,160.2,United States,3PL_East,Carrier_C,product_launch,5.89,2.4,5,False,False,none
ORD000712,2025-05-06,Weighted Tee,4,216.0,Canada,3PL_International,Passport_Global,none,21.16,5.7,9,False,True,quality_issue
ORD000713,2025-06-02,Signature Hoodie,4,356.0,United States,3PL_West,Carrier_A,none,8.43,4.0,5,False,False,none
ORD000714,2025-06-16,Signature Hoodie,2,178.0,United States,3PL_East,Carrier_B,none,6.65,3.0,5,False,False,none
ORD000715,2025-05-29,Cloud Sweatpants,3,234.0,United States,3PL_West,Carrier_B,none,7.53,1.4,5,False,False,none
ORD000716,2025-02-07,Signature Hoodie,2,151.3,United States,3PL_West,Carrier_C,email_drop,5.42,2.8,5,False,False,none
ORD000717,2025-04-13,Zip Hoodie,1,76.8,United States,3PL_East,Carrier_D,product_launch,6.3,4.5,5,False,False,none
ORD000718,2025-01-21,Signature Hoodie,2,142.4,Canada,3PL_International,Passport_Global,product_launch,18.61,3.7,9,False,False,none
ORD000719,2025-05-02,Cloud Sweatpants,4,280.8,United States,3PL_East,Carrier_A,influencer_drop,9.91,3.9,5,False,False,none
ORD000720,2025-06-24,Signature Hoodie,4,356.0,United States,3PL_West,Carrier_D,none,9.14,4.5,5,False,False,none
ORD000721,2025-04-04,Cloud Sweatpants,2,124.8,United States,3PL_West,Carrier_B,product_launch,6.83,3.0,5,False,False,none
ORD000722,2025-03-22,Signature Hoodie,4,356.0,Australia,3PL_International,Passport_Global,none,22.5,5.5,9,False,False,none
ORD000723,2025-01-08,Signature Hoodie,1,89.0,United States,3PL_West,Carrier_C,none,6.17,3.0,5,False,False,none
ORD000724,2025-06-24,Signature Hoodie,1,71.2,United States,3PL_East,Carrier_B,email_drop,5.38,4.7,5,False,False,none
ORD000725,2025-01-21,Lounge Set,1,142.0,Canada,3PL_International,Passport_Global,none,17.62,7.9,9,False,False,none
ORD000726,2025-01-09,Zip Hoodie,1,81.6,United States,3PL_Central,Carrier_C,influencer_drop,5.91,4.1,5,False,False,none
ORD000727,2025-02-19,Signature Hoodie,4,302.6,United States,3PL_East,Carrier_A,product_launch,10.06,5.9,5,True,False,none
ORD000728,2025-01-14,Signature Hoodie,1,71.2,United States,3PL_East,Carrier_A,influencer_drop,5.97,4.5,5,False,False,none
ORD000729,2025-03-25,Signature Hoodie,2,160.2,Canada,3PL_International,Passport_Global,influencer_drop,19.1,4.6,9,False,False,none
ORD000730,2025-04-04,Signature Hoodie,3,267.0,United States,3PL_West,Carrier_A,none,8.67,4.7,5,False,False,none
ORD000731,2025-03-03,Cloud Sweatpants,1,78.0,United States,3PL_West,Carrier_C,none,5.54,3.1,5,False,False,none
ORD000732,2025-01-11,Cloud Sweatpants,1,66.3,United States,3PL_East,Carrier_D,influencer_drop,7.27,3.9,5,False,False,none
ORD000733,2025-01-23,Weighted Tee,2,108.0,United States,3PL_West,Carrier_D,none,8.86,3.7,5,False,False,none
ORD000734,2025-03-14,Lounge Set,4,482.8,United States,3PL_Central,Carrier_A,holiday_sale,8.34,6.2,5,True,False,none
ORD000735,2025-01-12,Signature Hoodie,1,89.0,United States,3PL_East,Carrier_D,none,9.59,2.0,5,False,False,none
ORD000736,2025-05-11,Signature Hoodie,1,89.0,United States,3PL_West,Carrier_A,none,5.53,2.8,5,False,False,none
ORD000737,2025-02-11,Signature Hoodie,4,356.0,United States,3PL_Central,Carrier_B,none,8.7,2.3,5,False,False,none
ORD000738,2025-03-02,Signature Hoodie,2,142.4,Germany,3PL_International,Passport_Global,email_drop,19.63,5.5,9,False,False,none
ORD000739,2025-03-16,Cloud Sweatpants,2,140.4,United States,3PL_East,Carrier_C,influencer_drop,7.43,3.6,5,False,False,none
ORD000740,2025-03-19,Signature Hoodie,1,80.1,United States,3PL_East,Carrier_A,product_launch,4.85,3.3,5,False,False,none
ORD000741,2025-01-01,Signature Hoodie,1,89.0,United States,3PL_West,Carrier_C,none,4.03,4.2,5,False,False,none
ORD000742,2025-01-23,Signature Hoodie,2,178.0,United States,3PL_East,Carrier_C,none,6.29,1.8,5,False,False,none
ORD000743,2025-06-10,Zip Hoodie,1,96.0,United Kingdom,3PL_International,Passport_Global,none,18.03,3.7,9,False,False,none
ORD000744,2025-01-01,Signature Hoodie,2,178.0,Germany,3PL_International,Passport_Global,none,18.36,4.1,9,False,False,none
ORD000745,2025-04-03,Weighted Tee,4,216.0,United States,3PL_West,Carrier_A,none,8.83,2.1,5,False,False,none
ORD000746,2025-03-30,Cloud Sweatpants,3,234.0,United States,3PL_West,Carrier_A,none,7.6,3.1,5,False,False,none
ORD000747,2025-03-07,Signature Hoodie,4,356.0,United States,3PL_Central,Carrier_B,none,7.54,4.8,5,False,False,none
ORD000748,2025-03-21,Cloud Sweatpants,2,156.0,United States,3PL_West,Carrier_C,none,7.08,4.2,5,False,False,none
ORD000749,2025-05-27,Cloud Sweatpants,3,187.2,United States,3PL_West,Carrier_A,email_drop,8.42,3.9,5,False,True,fit_issue
ORD000750,2025-06-06,Cloud Sweatpants,1,66.3,United States,3PL_East,Carrier_C,influencer_drop,5.56,3.8,5,False,False,none
ORD000751,2025-02-22,Cloud Sweatpants,2,156.0,United States,3PL_Central,Carrier_A,none,6.86,2.0,5,False,False,none
ORD000752,2025-03-05,Signature Hoodie,3,267.0,United States,3PL_West,Carrier_C,none,7.18,4.0,5,False,False,none
ORD000753,2025-02-18,Signature Hoodie,3,240.3,United States,3PL_East,Carrier_A,email_drop,7.6,3.4,5,False,False,none
ORD000754,2025-03-29,Signature Hoodie,4,320.4,United States,3PL_East,Carrier_B,influencer_drop,9.39,3.8,5,False,False,none
ORD000755,2025-05-08,Zip Hoodie,1,86.4,United States,3PL_West,Carrier_B,influencer_drop,4.31,4.9,5,False,False,none
ORD000756,2025-02-15,Zip Hoodie,3,288.0,United States,3PL_East,Carrier_B,none,6.88,4.0,5,False,False,none
ORD000757,2025-03-06,Zip Hoodie,2,192.0,United States,3PL_West,Carrier_A,none,5.41,4.2,5,False,False,none
ORD000758,2025-06-20,Weighted Tee,3,129.6,United States,3PL_East,Carrier_B,holiday_sale,9.05,4.7,5,False,False,none
ORD000759,2025-01-10,Cloud Sweatpants,1,78.0,United States,3PL_West,Carrier_A,none,5.18,2.3,5,False,False,none
ORD000760,2025-03-26,Lounge Set,2,284.0,United States,3PL_East,Carrier_A,none,7.7,4.7,5,False,False,none
ORD000761,2025-05-13,Cloud Sweatpants,4,280.8,United States,3PL_West,Carrier_A,product_launch,8.79,4.0,5,False,False,none
ORD000762,2025-01-31,Cloud Sweatpants,4,312.0,United States,3PL_Central,Carrier_D,none,12.09,2.0,5,False,False,none
ORD000763,2025-01-10,Zip Hoodie,1,86.4,United Kingdom,3PL_International,Passport_Global,email_drop,18.79,4.0,9,False,False,none
ORD000764,2025-01-28,Signature Hoodie,2,160.2,United Kingdom,3PL_International,Passport_Global,holiday_sale,18.4,4.1,9,False,False,none
ORD000765,2025-06-18,Signature Hoodie,4,356.0,United States,3PL_East,Carrier_A,none,8.94,4.2,5,False,False,none
ORD000766,2025-01-03,Cloud Sweatpants,4,265.2,United States,3PL_East,Carrier_B,email_drop,8.05,4.3,5,False,False,none
ORD000767,2025-02-07,Signature Hoodie,1,89.0,Canada,3PL_International,Passport_Global,none,18.33,3.4,9,False,False,none
ORD000768,2025-01-07,Signature Hoodie,3,226.95,United States,3PL_East,Carrier_A,holiday_sale,8.56,3.9,5,False,False,none
ORD000769,2025-01-23,Lounge Set,3,383.4,United States,3PL_East,Carrier_D,holiday_sale,11.0,5.0,5,False,False,none
ORD000770,2025-04-25,Cloud Sweatpants,1,70.2,United States,3PL_West,Carrier_D,holiday_sale,8.3,1.6,5,False,False,none
ORD000771,2025-02-18,Signature Hoodie,1,89.0,United States,3PL_Central,Carrier_A,none,5.75,5.9,5,True,False,none
ORD000772,2025-04-15,Signature Hoodie,1,71.2,Canada,3PL_International,Passport_Global,influencer_drop,18.08,3.9,9,False,False,none
ORD000773,2025-04-19,Lounge Set,1,113.6,United States,3PL_Central,Carrier_D,product_launch,7.0,2.9,5,False,False,none
ORD000774,2025-06-08,Weighted Tee,3,145.8,Germany,3PL_International,Passport_Global,email_drop,21.56,5.2,9,False,False,none
ORD000775,2025-01-02,Zip Hoodie,1,96.0,United States,3PL_West,Carrier_A,none,4.71,2.6,5,False,False,none
ORD000776,2025-06-08,Signature Hoodie,2,178.0,United States,3PL_West,Carrier_C,none,5.72,3.9,5,False,False,none
ORD000777,2025-04-25,Signature Hoodie,1,75.65,United States,3PL_West,Carrier_A,holiday_sale,4.52,3.2,5,False,False,none
ORD000778,2025-02-02,Signature Hoodie,2,178.0,United Kingdom,3PL_International,Passport_Global,none,19.81,5.9,9,False,False,none
ORD000779,2025-05-26,Lounge Set,3,426.0,Canada,3PL_International,Passport_Global,none,20.87,7.8,9,False,False,none
ORD000780,2025-06-09,Cloud Sweatpants,4,265.2,United States,3PL_Central,Carrier_C,product_launch,9.21,4.8,5,False,False,none
ORD000781,2025-02-21,Lounge Set,1,120.7,Germany,3PL_International,Passport_Global,product_launch,18.05,5.0,9,False,False,none
ORD000782,2025-06-18,Signature Hoodie,2,142.4,Germany,3PL_International,Passport_Global,product_launch,18.0,4.3,9,False,True,fit_issue
ORD000783,2025-03-25,Lounge Set,2,284.0,Australia,3PL_International,Passport_Global,none,19.17,5.6,9,False,False,none
ORD000784,2025-04-22,Cloud Sweatpants,1,78.0,United States,3PL_West,Carrier_B,none,6.39,3.9,5,False,False,none
ORD000785,2025-06-28,Cloud Sweatpants,2,156.0,Canada,3PL_International,Passport_Global,none,18.08,5.4,9,False,False,none
ORD000786,2025-03-11,Cloud Sweatpants,2,156.0,United States,3PL_East,Carrier_B,none,5.57,3.7,5,False,False,none
ORD000787,2025-06-02,Cloud Sweatpants,3,187.2,United States,3PL_West,Carrier_C,holiday_sale,7.95,2.9,5,False,False,none
ORD000788,2025-03-04,Lounge Set,1,142.0,United States,3PL_Central,Carrier_C,none,6.01,3.9,5,False,False,none
ORD000789,2025-05-31,Cloud Sweatpants,1,78.0,United States,3PL_East,Carrier_C,none,6.05,3.1,5,False,False,none
ORD000790,2025-04-21,Weighted Tee,2,108.0,Australia,3PL_International,Passport_Global,none,19.92,6.2,9,False,False,none
ORD000791,2025-02-13,Cloud Sweatpants,2,156.0,United States,3PL_West,Carrier_A,none,6.68,2.8,5,False,False,none
ORD000792,2025-03-19,Signature Hoodie,4,284.8,United States,3PL_East,Carrier_D,holiday_sale,9.32,4.7,5,False,False,none
ORD000793,2025-03-04,Signature Hoodie,2,142.4,Canada,3PL_International,Passport_Global,email_drop,19.36,3.6,9,False,True,fit_issue
ORD000794,2025-01-16,Signature Hoodie,1,89.0,United States,3PL_East,Carrier_B,none,6.35,2.7,5,False,False,none
ORD000795,2025-01-06,Lounge Set,2,284.0,United States,3PL_West,Carrier_A,none,6.05,4.4,5,False,False,none
ORD000796,2025-03-08,Signature Hoodie,3,267.0,United States,3PL_East,Carrier_C,none,7.59,3.1,5,False,False,none
ORD000797,2025-01-04,Signature Hoodie,4,356.0,United States,3PL_Central,Carrier_A,none,7.11,5.8,5,True,False,none
ORD000798,2025-02-03,Signature Hoodie,3,213.6,United States,3PL_West,Carrier_C,product_launch,7.48,6.5,5,True,False,none
ORD000799,2025-05-16,Zip Hoodie,2,153.6,Canada,3PL_International,Passport_Global,email_drop,20.23,4.1,9,False,False,none
ORD000800,2025-05-13,Weighted Tee,1,54.0,United States,3PL_West,Carrier_A,none,5.04,4.7,5,False,True,fit_issue
ORD000801,2025-05-19,Lounge Set,1,113.6,United States,3PL_West,Carrier_B,influencer_drop,4.56,4.1,5,False,False,none
ORD000802,2025-03-04,Signature Hoodie,3,267.0,United States,3PL_East,Carrier_A,none,9.27,2.5,5,False,False,none
ORD000803,2025-06-14,Cloud Sweatpants,1,78.0,United Kingdom,3PL_International,Passport_Global,none,18.29,2.9,9,False,False,none
ORD000804,2025-04-20,Signature Hoodie,3,267.0,United States,3PL_West,Carrier_B,none,8.08,2.2,5,False,False,none
ORD000805,2025-01-26,Weighted Tee,1,54.0,Canada,3PL_International,Passport_Global,none,17.92,6.5,9,False,False,none
ORD000806,2025-01-29,Signature Hoodie,2,178.0,United States,3PL_West,Carrier_A,none,6.01,3.6,5,False,False,none
ORD000807,2025-05-10,Weighted Tee,4,172.8,United States,3PL_East,Carrier_B,holiday_sale,8.64,3.9,5,False,False,none
ORD000808,2025-02-04,Lounge Set,1,127.8,United States,3PL_East,Carrier_A,product_launch,6.73,5.3,5,True,False,none
ORD000809,2025-04-02,Zip Hoodie,1,96.0,United States,3PL_East,Carrier_B,none,4.85,2.8,5,False,False,none
ORD000810,2025-06-29,Lounge Set,1,113.6,United States,3PL_East,Carrier_D,email_drop,8.29,3.0,5,False,False,none
ORD000811,2025-01-01,Signature Hoodie,1,89.0,United States,3PL_West,Carrier_A,none,5.68,5.3,5,True,False,none
ORD000812,2025-01-04,Signature Hoodie,2,178.0,United States,3PL_West,Carrier_C,none,6.83,4.1,5,False,False,none
ORD000813,2025-06-29,Cloud Sweatpants,1,78.0,United States,3PL_West,Carrier_D,none,5.86,2.2,5,False,False,none
ORD000814,2025-04-18,Signature Hoodie,1,89.0,United States,3PL_East,Carrier_D,none,7.54,2.0,5,False,False,none
ORD000815,2025-01-26,Zip Hoodie,2,192.0,United States,3PL_West,Carrier_C,none,6.5,5.2,5,True,False,none
ORD000816,2025-06-15,Cloud Sweatpants,1,66.3,United States,3PL_East,Carrier_C,product_launch,4.11,3.5,5,False,False,none
ORD000817,2025-06-13,Lounge Set,2,255.6,United Kingdom,3PL_International,Passport_Global,holiday_sale,18.98,5.3,9,False,False,none
ORD000818,2025-04-08,Lounge Set,4,568.0,Australia,3PL_International,Passport_Global,none,20.91,2.3,9,False,False,none
ORD000819,2025-04-25,Signature Hoodie,4,284.8,United States,3PL_West,Carrier_C,influencer_drop,9.06,3.8,5,False,False,none
ORD000820,2025-02-24,Signature Hoodie,3,267.0,United States,3PL_East,Carrier_A,none,7.02,4.1,5,False,False,none
ORD000821,2025-01-11,Cloud Sweatpants,4,265.2,United Kingdom,3PL_International,Passport_Global,email_drop,20.44,3.9,9,False,False,none
ORD000822,2025-04-20,Signature Hoodie,3,267.0,Canada,3PL_International,Passport_Global,none,20.18,3.4,9,False,False,none
ORD000823,2025-03-01,Zip Hoodie,1,96.0,United States,3PL_West,Carrier_A,none,5.08,3.2,5,False,False,none
ORD000824,2025-05-04,Zip Hoodie,4,326.4,United States,3PL_East,Carrier_B,email_drop,8.58,4.3,5,False,False,none
ORD000825,2025-06-06,Zip Hoodie,2,192.0,United States,3PL_West,Carrier_C,none,5.57,3.6,5,False,False,none
ORD000826,2025-01-04,Cloud Sweatpants,1,78.0,United States,3PL_East,Carrier_B,none,5.35,1.5,5,False,False,none
ORD000827,2025-04-20,Lounge Set,2,284.0,United States,3PL_West,Carrier_B,none,7.06,4.4,5,False,False,none
ORD000828,2025-02-16,Zip Hoodie,1,96.0,United States,3PL_West,Carrier_B,none,5.62,3.9,5,False,False,none
ORD000829,2025-06-11,Weighted Tee,2,108.0,United States,3PL_Central,Carrier_A,none,6.26,3.5,5,False,False,none
ORD000830,2025-02-21,Lounge Set,2,284.0,United States,3PL_East,Carrier_A,none,5.24,3.3,5,False,False,none
ORD000831,2025-04-23,Zip Hoodie,1,76.8,United States,3PL_East,Carrier_A,email_drop,4.72,5.0,5,False,False,none
ORD000832,2025-04-12,Signature Hoodie,2,178.0,United States,3PL_East,Carrier_D,none,7.75,4.5,5,False,False,none
ORD000833,2025-03-16,Lounge Set,1,142.0,United States,3PL_East,Carrier_C,none,6.07,3.8,5,False,False,none
ORD000834,2025-05-07,Signature Hoodie,1,89.0,United States,3PL_East,Carrier_B,none,6.04,4.0,5,False,False,none
ORD000835,2025-05-16,Cloud Sweatpants,1,70.2,Germany,3PL_International,Passport_Global,email_drop,18.05,6.4,9,False,False,none
ORD000836,2025-04-14,Cloud Sweatpants,3,198.9,United States,3PL_Central,Carrier_D,influencer_drop,9.22,4.8,5,False,False,none
ORD000837,2025-05-23,Signature Hoodie,1,89.0,United States,3PL_Central,Carrier_A,none,6.44,4.3,5,False,False,none
ORD000838,2025-06-28,Signature Hoodie,1,89.0,United States,3PL_West,Carrier_A,none,5.9,4.6,5,False,False,none
ORD000839,2025-03-20,Signature Hoodie,3,267.0,United States,3PL_East,Carrier_B,none,6.04,3.2,5,False,False,none
ORD000840,2025-04-04,Lounge Set,2,284.0,United Kingdom,3PL_International,Passport_Global,none,20.22,5.0,9,False,False,none
ORD000841,2025-01-03,Zip Hoodie,1,96.0,Australia,3PL_International,Passport_Global,none,17.67,5.3,9,False,False,none
ORD000842,2025-05-30,Weighted Tee,2,108.0,United States,3PL_West,Carrier_C,none,7.3,4.7,5,False,False,none
ORD000843,2025-04-05,Lounge Set,1,127.8,United States,3PL_East,Carrier_D,influencer_drop,7.58,2.4,5,False,False,none
ORD000844,2025-03-18,Cloud Sweatpants,2,156.0,United States,3PL_Central,Carrier_C,none,5.52,3.2,5,False,False,none
ORD000845,2025-01-19,Lounge Set,4,482.8,United States,3PL_East,Carrier_D,email_drop,10.28,3.9,5,False,True,quality_issue
ORD000846,2025-06-14,Cloud Sweatpants,1,78.0,United States,3PL_East,Carrier_C,none,3.86,2.9,5,False,False,none
ORD000847,2025-03-16,Signature Hoodie,3,267.0,United States,3PL_East,Carrier_B,none,7.08,4.6,5,False,False,none
ORD000848,2025-05-08,Weighted Tee,1,48.6,United States,3PL_East,Carrier_B,influencer_drop,5.51,4.1,5,False,False,none
ORD000849,2025-01-31,Weighted Tee,1,48.6,United States,3PL_Central,Carrier_D,email_drop,7.25,3.1,5,False,False,none
ORD000850,2025-06-25,Signature Hoodie,4,356.0,Australia,3PL_International,Passport_Global,none,20.71,5.3,9,False,False,none
ORD000851,2025-02-05,Lounge Set,1,113.6,United States,3PL_Central,Carrier_B,influencer_drop,5.2,3.9,5,False,False,none
ORD000852,2025-02-09,Signature Hoodie,4,356.0,United States,3PL_Central,Carrier_B,none,8.94,3.1,5,False,False,none
ORD000853,2025-06-09,Weighted Tee,1,54.0,Canada,3PL_International,Passport_Global,none,18.34,2.1,9,False,False,none
ORD000854,2025-06-17,Zip Hoodie,2,163.2,United States,3PL_Central,Carrier_B,email_drop,6.05,1.1,5,False,False,none
ORD000855,2025-02-12,Signature Hoodie,1,71.2,Australia,3PL_International,Passport_Global,email_drop,17.68,4.0,9,False,False,none
ORD000856,2025-03-27,Lounge Set,1,142.0,United States,3PL_East,Carrier_C,none,4.4,3.9,5,False,False,none
ORD000857,2025-05-18,Cloud Sweatpants,1,66.3,United States,3PL_East,Carrier_B,product_launch,4.43,4.7,5,False,False,none
ORD000858,2025-06-12,Signature Hoodie,2,142.4,United States,3PL_East,Carrier_A,email_drop,7.45,4.0,5,False,False,none
ORD000859,2025-03-14,Lounge Set,3,426.0,United States,3PL_West,Carrier_B,none,8.92,5.6,5,True,True,duplicate_order
ORD000860,2025-04-04,Lounge Set,1,142.0,United States,3PL_West,Carrier_A,none,5.56,3.4,5,False,False,none
ORD000861,2025-05-19,Cloud Sweatpants,2,156.0,United States,3PL_East,Carrier_C,none,6.29,3.9,5,False,False,none
ORD000862,2025-05-17,Zip Hoodie,1,96.0,United States,3PL_Central,Carrier_D,none,6.82,5.1,5,True,False,none
ORD000863,2025-05-28,Signature Hoodie,3,226.95,United Kingdom,3PL_International,Passport_Global,email_drop,21.08,2.9,9,False,False,none
ORD000864,2025-04-15,Signature Hoodie,1,89.0,United States,3PL_East,Carrier_A,none,3.0,5.6,5,True,False,none
ORD000865,2025-01-22,Zip Hoodie,4,345.6,United States,3PL_West,Carrier_A,influencer_drop,10.67,5.4,5,True,False,none
ORD000866,2025-06-16,Signature Hoodie,1,89.0,United States,3PL_Central,Carrier_C,none,5.46,3.4,5,False,False,none
ORD000867,2025-06-10,Cloud Sweatpants,2,140.4,Australia,3PL_International,Passport_Global,email_drop,16.91,2.1,9,False,False,none
ORD000868,2025-05-31,Weighted Tee,1,43.2,United States,3PL_East,Carrier_B,influencer_drop,7.37,5.3,5,True,False,none
ORD000869,2025-01-20,Lounge Set,4,511.2,United Kingdom,3PL_International,Passport_Global,influencer_drop,19.33,5.4,9,False,False,none
ORD000870,2025-02-10,Cloud Sweatpants,1,70.2,United States,3PL_West,Carrier_C,influencer_drop,3.59,2.9,5,False,False,none
ORD000871,2025-05-20,Cloud Sweatpants,4,280.8,United States,3PL_East,Carrier_B,holiday_sale,8.13,6.2,5,True,False,none
ORD000872,2025-01-05,Lounge Set,3,426.0,United States,3PL_Central,Carrier_B,none,7.57,1.1,5,False,False,none
ORD000873,2025-06-27,Lounge Set,2,255.6,United States,3PL_East,Carrier_B,email_drop,7.51,4.0,5,False,False,none
ORD000874,2025-03-13,Signature Hoodie,2,142.4,United States,3PL_East,Carrier_C,product_launch,6.27,3.4,5,False,False,none
ORD000875,2025-05-15,Cloud Sweatpants,1,78.0,United Kingdom,3PL_International,Passport_Global,none,17.16,3.6,9,False,False,none
ORD000876,2025-06-14,Signature Hoodie,1,89.0,United States,3PL_West,Carrier_B,none,5.15,3.7,5,False,False,none
ORD000877,2025-03-16,Signature Hoodie,2,151.3,United States,3PL_West,Carrier_A,product_launch,6.3,4.5,5,False,False,none
ORD000878,2025-03-04,Signature Hoodie,1,89.0,United States,3PL_East,Carrier_A,none,6.55,2.8,5,False,False,none
ORD000879,2025-04-23,Zip Hoodie,1,96.0,United States,3PL_East,Carrier_B,none,6.24,4.4,5,False,False,none
ORD000880,2025-04-17,Lounge Set,4,568.0,United States,3PL_East,Carrier_B,none,8.37,3.2,5,False,False,none
ORD000881,2025-03-18,Lounge Set,4,568.0,Canada,3PL_International,Passport_Global,none,20.97,4.4,9,False,False,none
ORD000882,2025-04-21,Cloud Sweatpants,1,78.0,Germany,3PL_International,Passport_Global,none,16.31,5.7,9,False,False,none
ORD000883,2025-06-21,Cloud Sweatpants,3,234.0,United States,3PL_East,Carrier_A,none,8.21,3.7,5,False,False,none
ORD000884,2025-03-27,Signature Hoodie,1,71.2,United States,3PL_West,Carrier_B,product_launch,5.36,2.9,5,False,False,none
ORD000885,2025-02-09,Signature Hoodie,2,178.0,United States,3PL_Central,Carrier_C,none,6.86,3.5,5,False,False,none
ORD000886,2025-03-13,Signature Hoodie,2,178.0,United States,3PL_West,Carrier_A,none,7.06,4.0,5,False,False,none
ORD000887,2025-03-16,Weighted Tee,4,183.6,United States,3PL_East,Carrier_B,holiday_sale,10.09,4.5,5,False,False,none
ORD000888,2025-01-27,Signature Hoodie,2,142.4,United States,3PL_East,Carrier_B,influencer_drop,6.24,5.1,5,True,False,none
ORD000889,2025-02-02,Zip Hoodie,3,288.0,United States,3PL_Central,Carrier_B,none,7.74,4.9,5,False,False,none
ORD000890,2025-05-08,Signature Hoodie,3,267.0,Germany,3PL_International,Passport_Global,none,21.35,3.8,9,False,False,none
ORD000891,2025-03-07,Cloud Sweatpants,2,132.6,Australia,3PL_International,Passport_Global,email_drop,18.81,5.8,9,False,False,none
ORD000892,2025-06-24,Lounge Set,1,120.7,United States,3PL_West,Carrier_A,holiday_sale,5.33,5.0,5,False,False,none
ORD000893,2025-02-18,Weighted Tee,1,54.0,Germany,3PL_International,Passport_Global,none,19.91,4.3,9,False,False,none
ORD000894,2025-01-20,Signature Hoodie,1,89.0,Canada,3PL_International,Passport_Global,none,17.76,4.8,9,False,True,changed_mind
ORD000895,2025-05-22,Lounge Set,1,120.7,United States,3PL_East,Carrier_A,email_drop,6.79,4.6,5,False,False,none
ORD000896,2025-06-13,Signature Hoodie,1,75.65,United Kingdom,3PL_International,Passport_Global,email_drop,17.35,5.1,9,False,False,none
ORD000897,2025-02-25,Lounge Set,1,142.0,Australia,3PL_International,Passport_Global,none,17.44,4.2,9,False,False,none
ORD000898,2025-02-10,Signature Hoodie,2,151.3,United States,3PL_West,Carrier_A,holiday_sale,4.95,5.3,5,True,False,none
ORD000899,2025-02-07,Cloud Sweatpants,1,66.3,Canada,3PL_International,Passport_Global,influencer_drop,18.29,5.5,9,False,False,none
ORD000900,2025-04-05,Zip Hoodie,1,81.6,United States,3PL_East,Carrier_A,email_drop,5.97,4.5,5,False,False,none
ORD000901,2025-03-27,Lounge Set,2,241.4,United States,3PL_West,Carrier_A,email_drop,6.62,5.0,5,False,False,none
ORD000902,2025-02-22,Lounge Set,1,113.6,United States,3PL_West,Carrier_D,email_drop,7.57,2.0,5,False,True,late_delivery
ORD000903,2025-01-10,Signature Hoodie,1,89.0,United States,3PL_East,Carrier_C,none,6.1,4.3,5,False,False,none
ORD000904,2025-03-29,Lounge Set,1,142.0,United States,3PL_Central,Carrier_B,none,4.21,2.6,5,False,False,none
ORD000905,2025-06-24,Signature Hoodie,3,240.3,United States,3PL_East,Carrier_A,email_drop,7.76,4.5,5,False,False,none
ORD000906,2025-05-02,Signature Hoodie,4,356.0,Canada,3PL_International,Passport_Global,none,22.58,3.3,9,False,False,none
ORD000907,2025-03-31,Signature Hoodie,2,178.0,Canada,3PL_International,Passport_Global,none,18.72,5.3,9,False,False,none
ORD000908,2025-01-23,Signature Hoodie,1,89.0,United States,3PL_West,Carrier_B,none,4.3,2.5,5,False,False,none
ORD000909,2025-02-20,Signature Hoodie,2,151.3,United States,3PL_West,Carrier_C,email_drop,7.42,3.8,5,False,False,none
ORD000910,2025-03-01,Zip Hoodie,1,86.4,United States,3PL_West,Carrier_B,email_drop,5.52,3.3,5,False,False,none
ORD000911,2025-05-24,Signature Hoodie,1,89.0,United States,3PL_West,Carrier_C,none,5.38,4.4,5,False,False,none
ORD000912,2025-06-12,Cloud Sweatpants,4,312.0,United States,3PL_Central,Carrier_A,none,8.52,4.7,5,False,True,fit_issue
ORD000913,2025-06-16,Signature Hoodie,3,267.0,Australia,3PL_International,Passport_Global,none,20.84,4.7,9,False,False,none
ORD000914,2025-06-28,Zip Hoodie,3,259.2,United States,3PL_Central,Carrier_D,product_launch,9.06,5.4,5,True,False,none
ORD000915,2025-06-28,Signature Hoodie,2,160.2,United States,3PL_West,Carrier_D,holiday_sale,9.51,6.9,5,True,False,none
ORD000916,2025-06-23,Signature Hoodie,2,178.0,United States,3PL_West,Carrier_A,none,6.62,3.3,5,False,False,none
ORD000917,2025-01-15,Zip Hoodie,4,384.0,United States,3PL_East,Carrier_A,none,9.66,3.8,5,False,False,none
ORD000918,2025-01-28,Weighted Tee,2,97.2,United States,3PL_West,Carrier_B,email_drop,7.27,4.7,5,False,False,none
ORD000919,2025-03-02,Weighted Tee,2,108.0,United States,3PL_East,Carrier_B,none,5.61,5.0,5,False,False,none
ORD000920,2025-04-12,Signature Hoodie,1,80.1,United States,3PL_East,Carrier_C,product_launch,5.78,3.8,5,False,False,none
ORD000921,2025-01-20,Weighted Tee,4,216.0,United Kingdom,3PL_International,Passport_Global,none,21.04,5.2,9,False,False,none
ORD000922,2025-06-07,Zip Hoodie,3,288.0,United States,3PL_West,Carrier_B,none,8.23,3.3,5,False,False,none
ORD000923,2025-04-24,Lounge Set,1,142.0,United States,3PL_East,Carrier_A,none,5.35,4.4,5,False,False,none
ORD000924,2025-04-09,Signature Hoodie,1,89.0,United States,3PL_West,Carrier_D,none,5.69,3.1,5,False,False,none
ORD000925,2025-02-03,Signature Hoodie,4,356.0,United States,3PL_East,Carrier_A,none,9.48,4.6,5,False,False,none
ORD000926,2025-02-20,Signature Hoodie,4,320.4,United States,3PL_Central,Carrier_D,influencer_drop,8.86,3.7,5,False,False,none
ORD000927,2025-02-02,Lounge Set,1,142.0,Canada,3PL_International,Passport_Global,none,17.91,4.2,9,False,False,none
ORD000928,2025-06-08,Signature Hoodie,1,89.0,Australia,3PL_International,Passport_Global,none,19.32,5.3,9,False,False,none
ORD000929,2025-04-18,Signature Hoodie,3,240.3,United States,3PL_West,Carrier_C,email_drop,8.82,3.3,5,False,False,none
ORD000930,2025-05-18,Cloud Sweatpants,2,140.4,United States,3PL_West,Carrier_A,influencer_drop,6.87,3.0,5,False,False,none
ORD000931,2025-03-01,Weighted Tee,4,216.0,United States,3PL_East,Carrier_A,none,8.44,2.5,5,False,False,none
ORD000932,2025-03-12,Cloud Sweatpants,2,156.0,United States,3PL_West,Carrier_B,none,6.5,2.9,5,False,False,none
ORD000933,2025-03-17,Zip Hoodie,2,192.0,Australia,3PL_International,Passport_Global,none,19.79,4.0,9,False,False,none
ORD000934,2025-05-23,Signature Hoodie,1,89.0,United States,3PL_East,Carrier_B,none,4.77,4.1,5,False,False,none
ORD000935,2025-05-25,Lounge Set,2,227.2,United States,3PL_East,Carrier_A,influencer_drop,6.88,2.6,5,False,False,none
ORD000936,2025-02-11,Signature Hoodie,1,89.0,United States,3PL_West,Carrier_B,none,4.72,1.3,5,False,False,none
ORD000937,2025-06-22,Signature Hoodie,1,89.0,United States,3PL_East,Carrier_B,none,5.17,2.4,5,False,False,none
ORD000938,2025-01-25,Cloud Sweatpants,3,210.6,United States,3PL_East,Carrier_A,influencer_drop,7.32,4.7,5,False,False,none
ORD000939,2025-06-15,Signature Hoodie,1,89.0,United States,3PL_West,Carrier_A,none,5.73,4.4,5,False,False,none
ORD000940,2025-01-21,Zip Hoodie,1,96.0,Australia,3PL_International,Passport_Global,none,18.24,6.7,9,False,False,none
ORD000941,2025-02-23,Zip Hoodie,4,384.0,United States,3PL_Central,Carrier_B,none,10.57,3.2,5,False,False,none
ORD000942,2025-06-07,Signature Hoodie,4,284.8,Canada,3PL_International,Passport_Global,product_launch,21.13,5.4,9,False,False,none
ORD000943,2025-02-06,Signature Hoodie,2,151.3,United States,3PL_West,Carrier_C,email_drop,6.81,1.9,5,False,False,none
ORD000944,2025-03-19,Signature Hoodie,1,89.0,United States,3PL_East,Carrier_A,none,6.34,5.5,5,True,False,none
ORD000945,2025-03-24,Signature Hoodie,1,71.2,United States,3PL_East,Carrier_C,email_drop,5.38,4.9,5,False,False,none
ORD000946,2025-02-19,Lounge Set,2,284.0,United States,3PL_East,Carrier_B,none,6.63,4.1,5,False,False,none
ORD000947,2025-05-13,Zip Hoodie,2,192.0,Germany,3PL_International,Passport_Global,none,19.44,3.5,9,False,False,none
ORD000948,2025-06-08,Signature Hoodie,2,178.0,Canada,3PL_International,Passport_Global,none,18.41,4.4,9,False,False,none
ORD000949,2025-06-12,Signature Hoodie,3,267.0,United States,3PL_Central,Carrier_C,none,7.86,3.8,5,False,False,none
ORD000950,2025-03-07,Lounge Set,2,284.0,United States,3PL_West,Carrier_B,none,5.9,6.2,5,True,False,none
ORD000951,2025-04-07,Lounge Set,2,255.6,United States,3PL_East,Carrier_A,product_launch,6.3,5.2,5,True,False,none
ORD000952,2025-02-19,Weighted Tee,2,108.0,United States,3PL_West,Carrier_A,none,8.27,3.7,5,False,False,none
ORD000953,2025-02-19,Signature Hoodie,3,226.95,United States,3PL_East,Carrier_B,influencer_drop,7.58,3.9,5,False,True,changed_mind
ORD000954,2025-02-02,Cloud Sweatpants,3,198.9,United States,3PL_East,Carrier_D,email_drop,9.68,3.2,5,False,False,none
ORD000955,2025-06-21,Signature Hoodie,1,89.0,United States,3PL_East,Carrier_B,none,3.28,2.1,5,False,False,none
ORD000956,2025-06-14,Lounge Set,2,284.0,United Kingdom,3PL_International,Passport_Global,none,19.3,4.3,9,False,False,none
ORD000957,2025-05-26,Cloud Sweatpants,4,312.0,United States,3PL_East,Carrier_B,none,10.43,2.5,5,False,False,none
ORD000958,2025-04-04,Zip Hoodie,2,192.0,United States,3PL_West,Carrier_B,none,5.87,1.4,5,False,False,none
ORD000959,2025-03-30,Signature Hoodie,2,178.0,Australia,3PL_International,Passport_Global,none,19.82,4.9,9,False,False,none
ORD000960,2025-04-07,Lounge Set,2,227.2,United States,3PL_Central,Carrier_C,product_launch,6.05,3.9,5,False,False,none
ORD000961,2025-04-08,Signature Hoodie,2,160.2,United States,3PL_East,Carrier_B,holiday_sale,5.23,4.6,5,False,False,none
ORD000962,2025-03-22,Lounge Set,1,142.0,United States,3PL_West,Carrier_C,none,5.05,3.2,5,False,False,none
ORD000963,2025-01-27,Signature Hoodie,4,356.0,United States,3PL_Central,Carrier_A,none,8.3,3.9,5,False,False,none
ORD000964,2025-01-26,Lounge Set,1,142.0,United States,3PL_Central,Carrier_A,none,5.49,3.8,5,False,False,none
ORD000965,2025-06-23,Signature Hoodie,3,213.6,United States,3PL_Central,Carrier_B,product_launch,7.46,4.8,5,False,False,none
ORD000966,2025-03-29,Zip Hoodie,1,96.0,United States,3PL_West,Carrier_B,none,4.6,4.1,5,False,False,none
ORD000967,2025-06-23,Lounge Set,1,142.0,United States,3PL_Central,Carrier_B,none,5.83,5.2,5,True,False,none
ORD000968,2025-02-02,Cloud Sweatpants,2,124.8,United States,3PL_West,Carrier_C,email_drop,7.49,4.7,5,False,False,none
ORD000969,2025-04-12,Signature Hoodie,2,178.0,United States,3PL_East,Carrier_C,none,7.07,5.0,5,False,False,none
ORD000970,2025-02-11,Signature Hoodie,4,356.0,Canada,3PL_International,Passport_Global,none,21.39,4.0,9,False,False,none
ORD000971,2025-02-20,Signature Hoodie,1,71.2,United States,3PL_Central,Carrier_A,email_drop,5.34,3.1,5,False,False,none
ORD000972,2025-01-06,Zip Hoodie,1,96.0,United States,3PL_Central,Carrier_B,none,5.87,2.7,5,False,False,none
ORD000973,2025-01-24,Signature Hoodie,1,89.0,United States,3PL_West,Carrier_B,none,4.96,2.5,5,False,False,none
ORD000974,2025-06-18,Signature Hoodie,2,178.0,United States,3PL_West,Carrier_B,none,7.22,4.3,5,False,False,none
ORD000975,2025-03-05,Signature Hoodie,1,89.0,United States,3PL_East,Carrier_A,none,4.37,2.6,5,False,False,none
ORD000976,2025-04-23,Signature Hoodie,1,71.2,United States,3PL_West,Carrier_D,product_launch,5.8,4.5,5,False,False,none
ORD000977,2025-03-27,Signature Hoodie,4,356.0,United States,3PL_West,Carrier_A,none,9.34,4.4,5,False,False,none
ORD000978,2025-03-17,Zip Hoodie,2,172.8,United States,3PL_East,Carrier_D,influencer_drop,7.49,4.5,5,False,False,none
ORD000979,2025-04-07,Signature Hoodie,2,178.0,United States,3PL_West,Carrier_C,none,5.95,4.5,5,False,False,none
ORD000980,2025-02-07,Weighted Tee,3,137.7,United States,3PL_West,Carrier_B,email_drop,6.87,4.3,5,False,False,none
ORD000981,2025-06-29,Zip Hoodie,1,81.6,United States,3PL_Central,Carrier_A,product_launch,5.88,4.4,5,False,False,none
ORD000982,2025-06-03,Cloud Sweatpants,3,234.0,United States,3PL_Central,Carrier_B,none,7.06,4.6,5,False,False,none
ORD000983,2025-05-19,Lounge Set,4,482.8,United States,3PL_East,Carrier_A,product_launch,9.96,4.5,5,False,False,none
ORD000984,2025-03-27,Zip Hoodie,3,244.8,United States,3PL_East,Carrier_D,email_drop,10.11,3.6,5,False,False,none
ORD000985,2025-01-31,Cloud Sweatpants,1,66.3,United States,3PL_East,Carrier_A,email_drop,5.61,2.3,5,False,False,none
ORD000986,2025-06-19,Signature Hoodie,3,267.0,United States,3PL_East,Carrier_B,none,8.98,3.3,5,False,False,none
ORD000987,2025-03-08,Zip Hoodie,1,81.6,United States,3PL_West,Carrier_B,email_drop,4.65,3.9,5,False,False,none
ORD000988,2025-01-11,Signature Hoodie,1,89.0,United States,3PL_West,Carrier_A,none,5.5,2.6,5,False,False,none
ORD000989,2025-03-08,Cloud Sweatpants,2,140.4,United States,3PL_East,Carrier_B,product_launch,4.72,3.7,5,False,False,none
ORD000990,2025-05-30,Signature Hoodie,2,151.3,United States,3PL_Central,Carrier_C,holiday_sale,6.13,4.2,5,False,False,none
ORD000991,2025-04-26,Cloud Sweatpants,2,156.0,United States,3PL_West,Carrier_A,none,5.5,3.5,5,False,False,none
ORD000992,2025-05-21,Zip Hoodie,1,81.6,United States,3PL_East,Carrier_A,product_launch,6.13,5.2,5,True,False,none
ORD000993,2025-05-30,Signature Hoodie,1,80.1,United States,3PL_West,Carrier_B,holiday_sale,6.41,6.5,5,True,False,none
ORD000994,2025-02-12,Signature Hoodie,4,356.0,United States,3PL_East,Carrier_B,none,8.63,2.7,5,False,False,none
ORD000995,2025-06-19,Lounge Set,1,142.0,United States,3PL_West,Carrier_B,none,7.23,4.0,5,False,False,none
ORD000996,2025-03-22,Signature Hoodie,3,267.0,United States,3PL_West,Carrier_A,none,7.02,4.9,5,False,False,none
ORD000997,2025-04-29,Signature Hoodie,1,89.0,United States,3PL_East,Carrier_B,none,4.45,3.2,5,False,False,none
ORD000998,2025-01-01,Signature Hoodie,1,89.0,United Kingdom,3PL_International,Passport_Global,none,17.37,4.8,9,False,False,none
ORD000999,2025-06-29,Weighted Tee,1,48.6,Germany,3PL_International,Passport_Global,product_launch,18.11,4.9,9,False,False,none
ORD001000,2025-02-26,Zip Hoodie,1,96.0,United States,3PL_West,Carrier_B,none,6.16,2.6,5,False,True,late_delivery
ORD001001,2025-01-13,Cloud Sweatpants,3,210.6,United States,3PL_West,Carrier_B,email_drop,8.33,4.0,5,False,False,none
ORD001002,2025-03-25,Lounge Set,2,255.6,United States,3PL_Central,Carrier_B,email_drop,6.28,2.7,5,False,False,none
ORD001003,2025-01-26,Zip Hoodie,2,172.8,United States,3PL_Central,Carrier_A,email_drop,7.45,6.2,5,True,False,none
ORD001004,2025-01-31,Lounge Set,4,568.0,United States,3PL_Central,Carrier_C,none,8.43,4.6,5,False,False,none
ORD001005,2025-04-27,Zip Hoodie,1,96.0,United States,3PL_East,Carrier_A,none,7.73,3.0,5,False,True,duplicate_order
ORD001006,2025-03-15,Lounge Set,1,127.8,United States,3PL_East,Carrier_A,email_drop,6.26,4.6,5,False,False,none
ORD001007,2025-06-19,Zip Hoodie,4,384.0,United States,3PL_West,Carrier_C,none,7.24,3.7,5,False,True,quality_issue
ORD001008,2025-03-04,Signature Hoodie,2,178.0,United States,3PL_Central,Carrier_D,none,7.96,4.6,5,False,False,none
ORD001009,2025-05-16,Signature Hoodie,2,151.3,United States,3PL_West,Carrier_D,email_drop,7.75,3.0,5,False,False,none
ORD001010,2025-03-26,Signature Hoodie,1,89.0,United Kingdom,3PL_International,Passport_Global,none,19.5,4.8,9,False,False,none
ORD001011,2025-05-03,Cloud Sweatpants,3,234.0,United States,3PL_West,Carrier_A,none,6.95,5.3,5,True,False,none
ORD001012,2025-04-21,Weighted Tee,2,108.0,United States,3PL_East,Carrier_C,none,4.75,4.9,5,False,False,none
ORD001013,2025-03-28,Zip Hoodie,1,96.0,United States,3PL_Central,Carrier_C,none,6.21,5.1,5,True,True,late_delivery
ORD001014,2025-06-23,Lounge Set,2,255.6,United States,3PL_Central,Carrier_D,influencer_drop,6.05,6.6,5,True,False,none
ORD001015,2025-03-08,Zip Hoodie,1,96.0,United States,3PL_West,Carrier_B,none,5.12,3.4,5,False,False,none
ORD001016,2025-02-05,Lounge Set,1,120.7,United States,3PL_West,Carrier_B,product_launch,6.05,6.0,5,True,False,none
ORD001017,2025-05-07,Zip Hoodie,1,81.6,United Kingdom,3PL_International,Passport_Global,holiday_sale,17.5,6.1,9,False,False,none
ORD001018,2025-06-07,Signature Hoodie,3,267.0,Australia,3PL_International,Passport_Global,none,21.25,3.9,9,False,False,none
ORD001019,2025-01-09,Cloud Sweatpants,3,234.0,United States,3PL_East,Carrier_C,none,8.02,2.7,5,False,False,none
ORD001020,2025-03-24,Cloud Sweatpants,1,78.0,United States,3PL_West,Carrier_D,none,6.48,4.6,5,False,False,none
ORD001021,2025-06-14,Signature Hoodie,4,302.6,United States,3PL_West,Carrier_B,holiday_sale,9.03,3.8,5,False,False,none
ORD001022,2025-05-21,Signature Hoodie,3,240.3,United Kingdom,3PL_International,Passport_Global,email_drop,21.51,1.6,9,False,False,none
ORD001023,2025-06-29,Signature Hoodie,2,178.0,United States,3PL_East,Carrier_B,none,6.76,4.2,5,False,False,none
ORD001024,2025-04-07,Signature Hoodie,1,89.0,United States,3PL_East,Carrier_A,none,5.83,4.2,5,False,False,none
ORD001025,2025-05-03,Signature Hoodie,1,89.0,United States,3PL_West,Carrier_D,none,7.58,3.5,5,False,False,none
ORD001026,2025-03-02,Lounge Set,2,284.0,United States,3PL_East,Carrier_A,none,5.98,2.6,5,False,False,none
ORD001027,2025-06-22,Signature Hoodie,2,178.0,United States,3PL_West,Carrier_A,none,5.23,4.9,5,False,False,none
ORD001028,2025-03-11,Lounge Set,1,142.0,Canada,3PL_International,Passport_Global,none,18.12,5.6,9,False,False,none
ORD001029,2025-05-19,Signature Hoodie,1,71.2,United States,3PL_East,Carrier_B,influencer_drop,6.57,2.2,5,False,False,none
ORD001030,2025-03-17,Weighted Tee,2,108.0,United States,3PL_West,Carrier_C,none,7.04,4.4,5,False,False,none
ORD001031,2025-04-13,Zip Hoodie,2,192.0,United States,3PL_West,Carrier_B,none,5.49,6.2,5,True,True,changed_mind
ORD001032,2025-05-15,Lounge Set,1,127.8,United States,3PL_West,Carrier_D,email_drop,7.55,4.2,5,False,False,none
ORD001033,2025-04-03,Cloud Sweatpants,2,124.8,United States,3PL_East,Carrier_B,product_launch,7.32,4.3,5,False,False,none
ORD001034,2025-06-16,Zip Hoodie,2,192.0,Canada,3PL_International,Passport_Global,none,19.92,4.7,9,False,False,none
ORD001035,2025-03-20,Signature Hoodie,2,151.3,United States,3PL_West,Carrier_A,holiday_sale,7.06,4.3,5,False,False,none
ORD001036,2025-04-30,Cloud Sweatpants,1,78.0,Australia,3PL_International,Passport_Global,none,18.02,5.0,9,False,False,none
ORD001037,2025-03-08,Zip Hoodie,1,81.6,United States,3PL_East,Carrier_B,holiday_sale,4.91,3.7,5,False,False,none
ORD001038,2025-03-18,Signature Hoodie,1,89.0,Canada,3PL_International,Passport_Global,none,17.67,3.7,9,False,False,none
ORD001039,2025-03-23,Signature Hoodie,3,226.95,United Kingdom,3PL_International,Passport_Global,email_drop,20.91,4.1,9,False,False,none
ORD001040,2025-01-26,Lounge Set,3,426.0,United States,3PL_Central,Carrier_A,none,7.04,2.4,5,False,False,none
ORD001041,2025-01-19,Signature Hoodie,4,284.8,Australia,3PL_International,Passport_Global,product_launch,20.56,5.7,9,False,True,late_delivery
ORD001042,2025-05-04,Zip Hoodie,2,163.2,United States,3PL_East,Carrier_C,product_launch,7.14,7.1,5,True,False,none
ORD001043,2025-05-02,Signature Hoodie,1,89.0,United States,3PL_West,Carrier_B,none,5.72,3.2,5,False,False,none
ORD001044,2025-05-04,Signature Hoodie,2,178.0,United States,3PL_East,Carrier_A,none,7.74,5.2,5,True,False,none
ORD001045,2025-01-04,Signature Hoodie,3,267.0,United States,3PL_West,Carrier_B,none,8.44,4.7,5,False,False,none
ORD001046,2025-03-06,Cloud Sweatpants,2,156.0,United States,3PL_West,Carrier_D,none,7.92,3.9,5,False,False,none
ORD001047,2025-02-09,Lounge Set,2,241.4,United Kingdom,3PL_International,Passport_Global,email_drop,20.2,4.1,9,False,False,none
ORD001048,2025-05-27,Lounge Set,2,255.6,Australia,3PL_International,Passport_Global,email_drop,19.21,6.1,9,False,False,none
ORD001049,2025-06-09,Signature Hoodie,2,178.0,United States,3PL_Central,Carrier_B,none,7.13,6.1,5,True,False,none
ORD001050,2025-02-19,Signature Hoodie,4,356.0,Canada,3PL_International,Passport_Global,none,20.99,6.2,9,False,False,none
ORD001051,2025-05-04,Lounge Set,2,255.6,Canada,3PL_International,Passport_Global,holiday_sale,19.38,5.9,9,False,False,none
ORD001052,2025-01-26,Signature Hoodie,1,89.0,United States,3PL_Central,Carrier_D,none,6.8,4.4,5,False,False,none
ORD001053,2025-02-25,Signature Hoodie,3,213.6,United States,3PL_West,Carrier_C,email_drop,6.02,2.9,5,False,False,none
ORD001054,2025-01-28,Cloud Sweatpants,4,312.0,United States,3PL_East,Carrier_C,none,10.32,4.4,5,False,False,none
ORD001055,2025-02-26,Lounge Set,3,426.0,United States,3PL_East,Carrier_D,none,8.83,4.4,5,False,False,none
ORD001056,2025-05-06,Signature Hoodie,4,356.0,Canada,3PL_International,Passport_Global,none,20.82,4.8,9,False,False,none
ORD001057,2025-06-17,Signature Hoodie,1,89.0,United States,3PL_East,Carrier_D,none,6.72,3.0,5,False,False,none
ORD001058,2025-02-10,Weighted Tee,1,43.2,Canada,3PL_International,Passport_Global,email_drop,19.28,4.8,9,False,False,none
ORD001059,2025-04-09,Weighted Tee,1,54.0,Australia,3PL_International,Passport_Global,none,18.21,7.1,9,False,False,none
ORD001060,2025-05-11,Zip Hoodie,1,76.8,United States,3PL_West,Carrier_D,email_drop,7.73,3.2,5,False,False,none
ORD001061,2025-06-23,Zip Hoodie,3,244.8,Canada,3PL_International,Passport_Global,email_drop,20.9,5.3,9,False,False,none
ORD001062,2025-04-23,Weighted Tee,2,108.0,United States,3PL_East,Carrier_A,none,7.18,1.0,5,False,False,none
ORD001063,2025-02-21,Zip Hoodie,1,96.0,United States,3PL_Central,Carrier_A,none,5.6,4.0,5,False,False,none
ORD001064,2025-04-26,Lounge Set,3,340.8,United States,3PL_East,Carrier_C,email_drop,7.88,4.3,5,False,False,none
ORD001065,2025-03-05,Cloud Sweatpants,1,66.3,Australia,3PL_International,Passport_Global,email_drop,19.03,6.0,9,False,False,none
ORD001066,2025-06-27,Signature Hoodie,1,89.0,Canada,3PL_International,Passport_Global,none,16.86,5.3,9,False,False,none
ORD001067,2025-03-16,Lounge Set,2,284.0,United States,3PL_West,Carrier_A,none,5.87,3.2,5,False,False,none
ORD001068,2025-05-08,Zip Hoodie,1,76.8,United States,3PL_East,Carrier_A,influencer_drop,5.95,3.1,5,False,False,none
ORD001069,2025-01-05,Signature Hoodie,4,356.0,United States,3PL_West,Carrier_A,none,9.14,5.6,5,True,False,none
ORD001070,2025-03-16,Zip Hoodie,1,86.4,United Kingdom,3PL_International,Passport_Global,email_drop,17.55,3.3,9,False,False,none
ORD001071,2025-06-12,Lounge Set,1,142.0,Australia,3PL_International,Passport_Global,none,19.73,4.1,9,False,False,none
ORD001072,2025-04-23,Signature Hoodie,3,240.3,Germany,3PL_International,Passport_Global,email_drop,19.18,2.9,9,False,False,none
ORD001073,2025-03-23,Zip Hoodie,1,96.0,United States,3PL_East,Carrier_D,none,7.26,3.3,5,False,False,none
ORD001074,2025-06-21,Signature Hoodie,3,226.95,United States,3PL_Central,Carrier_B,email_drop,7.95,5.8,5,True,False,none
ORD001075,2025-06-08,Zip Hoodie,2,192.0,United States,3PL_West,Carrier_D,none,8.05,4.1,5,False,False,none
ORD001076,2025-03-05,Weighted Tee,1,54.0,United States,3PL_East,Carrier_A,none,4.89,4.9,5,False,False,none
ORD001077,2025-04-10,Lounge Set,2,284.0,United States,3PL_West,Carrier_B,none,6.33,2.2,5,False,False,none
ORD001078,2025-03-30,Lounge Set,2,227.2,United Kingdom,3PL_International,Passport_Global,email_drop,20.24,3.6,9,False,False,none
ORD001079,2025-04-27,Zip Hoodie,1,96.0,United States,3PL_West,Carrier_D,none,6.91,2.3,5,False,False,none
ORD001080,2025-03-07,Cloud Sweatpants,3,234.0,Australia,3PL_International,Passport_Global,none,20.43,6.8,9,False,False,none
ORD001081,2025-02-19,Zip Hoodie,4,326.4,United States,3PL_West,Carrier_D,email_drop,10.18,4.1,5,False,False,none
ORD001082,2025-06-17,Signature Hoodie,4,356.0,United States,3PL_East,Carrier_A,none,9.44,3.1,5,False,False,none
ORD001083,2025-06-19,Cloud Sweatpants,1,78.0,United States,3PL_West,Carrier_A,none,6.28,4.5,5,False,False,none
ORD001084,2025-06-07,Cloud Sweatpants,1,70.2,United States,3PL_Central,Carrier_D,influencer_drop,7.06,4.4,5,False,False,none
ORD001085,2025-06-27,Cloud Sweatpants,3,198.9,United States,3PL_East,Carrier_B,influencer_drop,8.27,6.3,5,True,False,none
ORD001086,2025-05-20,Cloud Sweatpants,1,66.3,United States,3PL_East,Carrier_A,holiday_sale,5.31,7.4,5,True,True,changed_mind
ORD001087,2025-05-24,Signature Hoodie,2,178.0,United States,3PL_West,Carrier_A,none,6.59,4.5,5,False,False,none
ORD001088,2025-05-24,Signature Hoodie,1,89.0,United States,3PL_West,Carrier_C,none,5.76,5.1,5,True,False,none
ORD001089,2025-03-29,Signature Hoodie,1,80.1,United Kingdom,3PL_International,Passport_Global,influencer_drop,18.05,4.4,9,False,False,none
ORD001090,2025-03-25,Cloud Sweatpants,2,156.0,Germany,3PL_International,Passport_Global,none,19.14,5.1,9,False,False,none
ORD001091,2025-02-18,Signature Hoodie,1,75.65,United States,3PL_East,Carrier_A,email_drop,4.22,1.6,5,False,False,none
ORD001092,2025-04-30,Lounge Set,1,142.0,United States,3PL_Central,Carrier_A,none,4.41,2.3,5,False,False,none
ORD001093,2025-02-28,Signature Hoodie,2,142.4,United States,3PL_Central,Carrier_B,holiday_sale,5.17,3.7,5,False,False,none
ORD001094,2025-02-21,Lounge Set,1,127.8,United States,3PL_East,Carrier_A,email_drop,4.28,3.5,5,False,True,changed_mind
ORD001095,2025-04-18,Signature Hoodie,1,89.0,Australia,3PL_International,Passport_Global,none,18.17,5.0,9,False,False,none
ORD001096,2025-03-18,Lounge Set,3,426.0,United States,3PL_East,Carrier_A,none,7.42,4.5,5,False,False,none
ORD001097,2025-02-14,Zip Hoodie,2,192.0,United States,3PL_West,Carrier_C,none,6.04,4.6,5,False,False,none
ORD001098,2025-06-03,Weighted Tee,2,108.0,United States,3PL_West,Carrier_B,none,7.99,5.0,5,False,False,none
ORD001099,2025-06-09,Lounge Set,1,120.7,United States,3PL_West,Carrier_B,email_drop,6.36,3.3,5,False,False,none
ORD001100,2025-02-03,Zip Hoodie,1,96.0,United States,3PL_West,Carrier_B,none,4.13,2.4,5,False,False,none
ORD001101,2025-01-02,Signature Hoodie,1,89.0,United States,3PL_East,Carrier_B,none,4.71,6.1,5,True,False,none
ORD001102,2025-03-07,Cloud Sweatpants,1,78.0,United States,3PL_East,Carrier_A,none,4.64,3.2,5,False,False,none
ORD001103,2025-05-31,Signature Hoodie,2,160.2,United Kingdom,3PL_International,Passport_Global,email_drop,19.0,4.1,9,False,False,none
ORD001104,2025-06-06,Lounge Set,1,142.0,United States,3PL_West,Carrier_B,none,4.37,4.5,5,False,False,none
ORD001105,2025-01-28,Lounge Set,4,568.0,United States,3PL_Central,Carrier_A,none,8.31,3.9,5,False,False,none
ORD001106,2025-05-26,Signature Hoodie,1,80.1,United States,3PL_West,Carrier_C,product_launch,5.73,3.4,5,False,False,none
ORD001107,2025-01-24,Zip Hoodie,3,288.0,United States,3PL_East,Carrier_B,none,7.59,5.4,5,True,False,none
ORD001108,2025-03-15,Signature Hoodie,1,89.0,United States,3PL_Central,Carrier_A,none,4.35,2.8,5,False,False,none
ORD001109,2025-06-30,Zip Hoodie,2,153.6,United States,3PL_East,Carrier_A,product_launch,6.63,6.3,5,True,False,none
ORD001110,2025-02-08,Zip Hoodie,1,96.0,United States,3PL_Central,Carrier_A,none,5.5,3.5,5,False,False,none
ORD001111,2025-01-31,Cloud Sweatpants,2,140.4,United States,3PL_East,Carrier_A,product_launch,6.72,5.5,5,True,False,none
ORD001112,2025-03-20,Lounge Set,1,127.8,United States,3PL_East,Carrier_B,email_drop,4.27,5.3,5,True,False,none
ORD001113,2025-04-25,Signature Hoodie,3,240.3,United States,3PL_Central,Carrier_A,email_drop,8.48,3.2,5,False,False,none
ORD001114,2025-06-20,Lounge Set,4,568.0,United States,3PL_West,Carrier_B,none,8.45,3.8,5,False,False,none
ORD001115,2025-06-28,Zip Hoodie,1,96.0,United States,3PL_Central,Carrier_A,none,4.48,6.1,5,True,False,none
ORD001116,2025-01-14,Signature Hoodie,4,356.0,United States,3PL_West,Carrier_D,none,10.71,5.8,5,True,False,none
ORD001117,2025-01-28,Cloud Sweatpants,2,156.0,United States,3PL_East,Carrier_B,none,7.08,5.4,5,True,False,none
ORD001118,2025-05-29,Signature Hoodie,1,89.0,United States,3PL_East,Carrier_C,none,5.88,4.5,5,False,True,quality_issue
ORD001119,2025-02-24,Cloud Sweatpants,1,78.0,United States,3PL_West,Carrier_B,none,6.43,4.9,5,False,False,none
ORD001120,2025-06-13,Lounge Set,2,227.2,United States,3PL_West,Carrier_A,email_drop,6.04,3.4,5,False,False,none
ORD001121,2025-05-04,Signature Hoodie,2,178.0,United States,3PL_West,Carrier_B,none,5.25,6.9,5,True,True,changed_mind
ORD001122,2025-01-23,Signature Hoodie,1,71.2,United States,3PL_East,Carrier_B,email_drop,5.14,3.8,5,False,False,none
ORD001123,2025-06-05,Cloud Sweatpants,2,140.4,United States,3PL_East,Carrier_B,product_launch,4.29,4.6,5,False,False,none
ORD001124,2025-02-05,Signature Hoodie,3,226.95,United States,3PL_West,Carrier_D,email_drop,8.83,3.7,5,False,False,none
ORD001125,2025-03-20,Signature Hoodie,1,75.65,United States,3PL_East,Carrier_A,influencer_drop,5.13,1.9,5,False,False,none
ORD001126,2025-04-11,Zip Hoodie,4,345.6,United States,3PL_West,Carrier_A,email_drop,8.46,3.6,5,False,False,none
ORD001127,2025-04-01,Cloud Sweatpants,2,156.0,United States,3PL_East,Carrier_C,none,6.96,2.9,5,False,False,none
ORD001128,2025-05-08,Lounge Set,2,284.0,United States,3PL_Central,Carrier_A,none,6.53,2.0,5,False,False,none
ORD001129,2025-05-02,Cloud Sweatpants,1,70.2,United States,3PL_West,Carrier_C,product_launch,5.76,3.4,5,False,False,none
ORD001130,2025-06-29,Zip Hoodie,2,172.8,United States,3PL_East,Carrier_C,email_drop,6.77,3.6,5,False,True,changed_mind
ORD001131,2025-06-30,Cloud Sweatpants,2,124.8,United States,3PL_West,Carrier_C,influencer_drop,5.36,4.7,5,False,False,none
ORD001132,2025-04-04,Signature Hoodie,1,75.65,United Kingdom,3PL_International,Passport_Global,product_launch,18.28,5.7,9,False,False,none
ORD001133,2025-01-19,Cloud Sweatpants,3,234.0,United States,3PL_West,Carrier_A,none,7.27,2.5,5,False,False,none
ORD001134,2025-05-17,Zip Hoodie,1,96.0,United States,3PL_East,Carrier_B,none,5.57,3.1,5,False,False,none
ORD001135,2025-06-27,Weighted Tee,1,43.2,United States,3PL_East,Carrier_A,email_drop,5.77,3.6,5,False,False,none
ORD001136,2025-03-04,Signature Hoodie,2,178.0,United States,3PL_Central,Carrier_C,none,5.91,4.9,5,False,False,none
ORD001137,2025-03-26,Cloud Sweatpants,3,234.0,United Kingdom,3PL_International,Passport_Global,none,19.55,5.8,9,False,False,none
ORD001138,2025-03-20,Zip Hoodie,1,76.8,United States,3PL_West,Carrier_B,influencer_drop,5.43,3.8,5,False,False,none
ORD001139,2025-01-11,Signature Hoodie,4,356.0,United Kingdom,3PL_International,Passport_Global,none,20.86,6.3,9,False,False,none
ORD001140,2025-05-05,Lounge Set,2,284.0,United States,3PL_West,Carrier_B,none,7.93,3.4,5,False,False,none
ORD001141,2025-03-09,Signature Hoodie,4,320.4,United States,3PL_West,Carrier_B,email_drop,8.86,2.6,5,False,False,none
ORD001142,2025-05-29,Lounge Set,2,284.0,United States,3PL_East,Carrier_B,none,5.62,3.3,5,False,False,none
ORD001143,2025-06-05,Cloud Sweatpants,1,62.4,United States,3PL_East,Carrier_A,holiday_sale,7.07,6.0,5,True,False,none
ORD001144,2025-06-03,Signature Hoodie,1,89.0,United States,3PL_West,Carrier_B,none,5.68,4.7,5,False,False,none
ORD001145,2025-03-19,Zip Hoodie,2,153.6,Canada,3PL_International,Passport_Global,holiday_sale,18.92,7.0,9,False,False,none
ORD001146,2025-03-05,Signature Hoodie,2,178.0,United States,3PL_Central,Carrier_A,none,7.76,3.2,5,False,False,none
ORD001147,2025-05-21,Zip Hoodie,3,288.0,United States,3PL_West,Carrier_A,none,7.95,4.0,5,False,False,none
ORD001148,2025-05-31,Lounge Set,3,426.0,United States,3PL_Central,Carrier_C,none,7.63,3.2,5,False,False,none
ORD001149,2025-03-30,Cloud Sweatpants,3,234.0,United Kingdom,3PL_International,Passport_Global,none,18.82,3.9,9,False,False,none
ORD001150,2025-06-14,Signature Hoodie,2,178.0,United States,3PL_East,Carrier_A,none,4.72,3.9,5,False,False,none
ORD001151,2025-01-29,Cloud Sweatpants,1,70.2,United States,3PL_Central,Carrier_A,holiday_sale,6.38,3.7,5,False,False,none
ORD001152,2025-06-12,Cloud Sweatpants,2,132.6,United States,3PL_Central,Carrier_C,influencer_drop,6.79,3.5,5,False,True,late_delivery
ORD001153,2025-01-20,Zip Hoodie,3,288.0,United Kingdom,3PL_International,Passport_Global,none,19.94,6.3,9,False,False,none
ORD001154,2025-01-31,Zip Hoodie,3,244.8,Canada,3PL_International,Passport_Global,email_drop,19.99,4.9,9,False,False,none
ORD001155,2025-04-08,Cloud Sweatpants,3,210.6,United States,3PL_East,Carrier_A,holiday_sale,7.95,5.5,5,True,False,none
ORD001156,2025-01-14,Zip Hoodie,1,81.6,United States,3PL_East,Carrier_C,influencer_drop,5.91,2.8,5,False,False,none
ORD001157,2025-01-11,Lounge Set,2,284.0,United States,3PL_East,Carrier_A,none,5.93,3.2,5,False,True,quality_issue
ORD001158,2025-01-01,Zip Hoodie,2,192.0,United States,3PL_East,Carrier_B,none,6.7,1.7,5,False,False,none
ORD001159,2025-03-22,Signature Hoodie,1,71.2,United States,3PL_West,Carrier_C,product_launch,5.82,4.1,5,False,False,none
ORD001160,2025-05-26,Cloud Sweatpants,1,78.0,United States,3PL_West,Carrier_B,none,5.0,3.8,5,False,False,none
ORD001161,2025-01-07,Cloud Sweatpants,1,78.0,United States,3PL_East,Carrier_A,none,3.62,4.7,5,False,False,none
ORD001162,2025-05-02,Lounge Set,1,120.7,United States,3PL_East,Carrier_A,influencer_drop,4.78,5.0,5,False,False,none
ORD001163,2025-06-04,Lounge Set,1,142.0,United States,3PL_East,Carrier_C,none,4.36,5.6,5,True,False,none
ORD001164,2025-02-03,Lounge Set,4,454.4,United States,3PL_Central,Carrier_D,influencer_drop,11.6,4.7,5,False,False,none
ORD001165,2025-01-30,Signature Hoodie,4,356.0,Germany,3PL_International,Passport_Global,none,20.48,4.5,9,False,True,fit_issue
ORD001166,2025-06-09,Zip Hoodie,1,81.6,Canada,3PL_International,Passport_Global,email_drop,17.0,6.0,9,False,False,none
ORD001167,2025-06-04,Lounge Set,1,120.7,United States,3PL_Central,Carrier_B,product_launch,4.88,3.9,5,False,False,none
ORD001168,2025-04-09,Signature Hoodie,1,80.1,United States,3PL_Central,Carrier_C,product_launch,6.07,3.5,5,False,False,none
ORD001169,2025-06-03,Signature Hoodie,2,142.4,Australia,3PL_International,Passport_Global,product_launch,19.65,5.6,9,False,False,none
ORD001170,2025-01-19,Signature Hoodie,1,75.65,Australia,3PL_International,Passport_Global,holiday_sale,17.16,5.3,9,False,False,none
ORD001171,2025-03-16,Zip Hoodie,2,192.0,United States,3PL_West,Carrier_B,none,6.19,4.0,5,False,False,none
ORD001172,2025-05-18,Cloud Sweatpants,4,280.8,United States,3PL_East,Carrier_B,product_launch,8.71,4.8,5,False,False,none
ORD001173,2025-02-21,Signature Hoodie,3,240.3,Germany,3PL_International,Passport_Global,product_launch,21.21,4.1,9,False,False,none
ORD001174,2025-05-22,Cloud Sweatpants,3,234.0,United States,3PL_Central,Carrier_B,none,6.06,4.4,5,False,False,none
ORD001175,2025-04-02,Lounge Set,3,426.0,United States,3PL_East,Carrier_B,none,6.56,1.9,5,False,False,none
ORD001176,2025-05-21,Lounge Set,1,142.0,United States,3PL_West,Carrier_B,none,7.34,3.9,5,False,False,none
ORD001177,2025-03-26,Zip Hoodie,2,192.0,Canada,3PL_International,Passport_Global,none,19.89,4.3,9,False,False,none
ORD001178,2025-03-12,Lounge Set,2,227.2,United States,3PL_West,Carrier_D,email_drop,7.16,2.0,5,False,False,none
ORD001179,2025-02-14,Zip Hoodie,1,96.0,United States,3PL_West,Carrier_C,none,7.91,3.3,5,False,False,none
ORD001180,2025-02-11,Lounge Set,1,142.0,United States,3PL_East,Carrier_B,none,5.91,2.3,5,False,False,none
ORD001181,2025-05-21,Cloud Sweatpants,2,156.0,United States,3PL_West,Carrier_C,none,6.64,3.8,5,False,False,none
ORD001182,2025-01-24,Lounge Set,3,426.0,United States,3PL_East,Carrier_B,none,8.88,3.7,5,False,False,none
ORD001183,2025-01-18,Lounge Set,1,120.7,United States,3PL_East,Carrier_B,product_launch,4.7,2.6,5,False,False,none
ORD001184,2025-02-05,Zip Hoodie,2,192.0,United States,3PL_West,Carrier_D,none,7.96,4.8,5,False,False,none
ORD001185,2025-02-05,Cloud Sweatpants,1,78.0,Germany,3PL_International,Passport_Global,none,17.86,7.9,9,False,False,none
ORD001186,2025-06-04,Signature Hoodie,1,89.0,United States,3PL_West,Carrier_C,none,5.8,3.4,5,False,False,none
ORD001187,2025-03-16,Signature Hoodie,2,160.2,United States,3PL_East,Carrier_A,holiday_sale,6.82,4.2,5,False,False,none
ORD001188,2025-06-29,Signature Hoodie,2,160.2,United States,3PL_West,Carrier_D,holiday_sale,8.51,4.0,5,False,True,quality_issue
ORD001189,2025-01-28,Signature Hoodie,3,267.0,United States,3PL_East,Carrier_C,none,7.38,2.7,5,False,False,none
ORD001190,2025-05-02,Cloud Sweatpants,4,312.0,United States,3PL_East,Carrier_B,none,9.13,6.0,5,True,False,none
ORD001191,2025-03-24,Signature Hoodie,1,89.0,United States,3PL_West,Carrier_A,none,5.62,3.4,5,False,True,duplicate_order
ORD001192,2025-03-15,Lounge Set,1,142.0,United States,3PL_West,Carrier_A,none,5.39,4.6,5,False,False,none
ORD001193,2025-06-12,Zip Hoodie,3,259.2,United States,3PL_West,Carrier_A,email_drop,7.49,5.3,5,True,False,none
ORD001194,2025-06-27,Lounge Set,1,142.0,United States,3PL_West,Carrier_C,none,4.98,5.7,5,True,False,none
ORD001195,2025-06-11,Cloud Sweatpants,3,234.0,United States,3PL_East,Carrier_B,none,6.53,4.6,5,False,True,quality_issue
ORD001196,2025-02-08,Signature Hoodie,4,356.0,United States,3PL_East,Carrier_A,none,9.99,2.1,5,False,False,none
ORD001197,2025-02-14,Signature Hoodie,1,89.0,United States,3PL_East,Carrier_B,none,6.0,4.8,5,False,False,none
ORD001198,2025-05-02,Lounge Set,1,142.0,United States,3PL_West,Carrier_A,none,6.21,4.1,5,False,False,none
ORD001199,2025-02-28,Signature Hoodie,2,178.0,United Kingdom,3PL_International,Passport_Global,none,18.02,6.7,9,False,False,none
ORD001200,2025-05-18,Zip Hoodie,2,192.0,United States,3PL_West,Carrier_A,none,6.15,3.1,5,False,False,none
ORD001201,2025-04-14,Signature Hoodie,4,356.0,Canada,3PL_International,Passport_Global,none,21.19,4.1,9,False,False,none
ORD001202,2025-04-11,Signature Hoodie,2,178.0,Canada,3PL_International,Passport_Global,none,19.24,3.9,9,False,True,fit_issue
ORD001203,2025-06-05,Signature Hoodie,2,142.4,United Kingdom,3PL_International,Passport_Global,product_launch,18.33,6.5,9,False,False,none
ORD001204,2025-05-13,Cloud Sweatpants,1,78.0,United Kingdom,3PL_International,Passport_Global,none,19.19,2.7,9,False,True,fit_issue
ORD001205,2025-01-06,Signature Hoodie,1,89.0,United States,3PL_West,Carrier_B,none,6.1,3.8,5,False,False,none
ORD001206,2025-01-10,Lounge Set,1,142.0,United States,3PL_West,Carrier_D,none,7.34,3.3,5,False,False,none
ORD001207,2025-04-21,Signature Hoodie,1,71.2,United States,3PL_West,Carrier_A,influencer_drop,5.64,4.9,5,False,False,none
ORD001208,2025-03-30,Signature Hoodie,1,80.1,United States,3PL_East,Carrier_B,product_launch,5.22,3.9,5,False,False,none
ORD001209,2025-02-22,Signature Hoodie,4,284.8,United States,3PL_East,Carrier_B,influencer_drop,8.3,4.7,5,False,False,none
ORD001210,2025-03-19,Weighted Tee,1,54.0,United States,3PL_East,Carrier_A,none,3.47,3.8,5,False,False,none
ORD001211,2025-05-23,Zip Hoodie,2,172.8,United States,3PL_East,Carrier_A,influencer_drop,7.25,4.2,5,False,False,none
ORD001212,2025-06-04,Zip Hoodie,2,192.0,United States,3PL_East,Carrier_B,none,6.6,2.4,5,False,False,none
ORD001213,2025-04-13,Cloud Sweatpants,1,66.3,United States,3PL_East,Carrier_A,holiday_sale,6.35,5.0,5,False,True,quality_issue
ORD001214,2025-03-14,Lounge Set,3,362.1,United States,3PL_Central,Carrier_B,influencer_drop,8.17,2.4,5,False,False,none
ORD001215,2025-02-24,Signature Hoodie,2,178.0,Canada,3PL_International,Passport_Global,none,18.93,6.1,9,False,False,none
ORD001216,2025-04-05,Lounge Set,1,142.0,United States,3PL_Central,Carrier_D,none,7.27,5.2,5,True,False,none
ORD001217,2025-03-04,Lounge Set,1,142.0,United States,3PL_West,Carrier_B,none,4.81,4.9,5,False,False,none
ORD001218,2025-04-14,Signature Hoodie,2,178.0,United States,3PL_East,Carrier_A,none,5.59,4.8,5,False,False,none
ORD001219,2025-05-06,Signature Hoodie,2,142.4,United States,3PL_East,Carrier_B,holiday_sale,5.76,4.1,5,False,False,none
ORD001220,2025-01-14,Cloud Sweatpants,1,78.0,United States,3PL_East,Carrier_A,none,4.63,3.6,5,False,False,none
ORD001221,2025-01-01,Signature Hoodie,1,80.1,United States,3PL_East,Carrier_B,email_drop,5.24,4.2,5,False,False,none
ORD001222,2025-02-12,Signature Hoodie,1,71.2,United States,3PL_East,Carrier_A,product_launch,6.03,4.5,5,False,False,none
ORD001223,2025-06-15,Cloud Sweatpants,1,78.0,United Kingdom,3PL_International,Passport_Global,none,18.35,4.6,9,False,False,none
ORD001224,2025-04-30,Signature Hoodie,2,178.0,United States,3PL_East,Carrier_A,none,5.34,3.8,5,False,False,none
ORD001225,2025-02-04,Zip Hoodie,1,96.0,United States,3PL_West,Carrier_A,none,6.09,1.8,5,False,False,none
ORD001226,2025-06-14,Cloud Sweatpants,1,62.4,United States,3PL_West,Carrier_C,influencer_drop,5.51,2.4,5,False,True,fit_issue
ORD001227,2025-03-27,Zip Hoodie,1,96.0,United States,3PL_West,Carrier_D,none,7.76,5.2,5,True,False,none
ORD001228,2025-03-28,Cloud Sweatpants,2,156.0,United States,3PL_Central,Carrier_C,none,6.96,3.6,5,False,False,none
ORD001229,2025-06-21,Cloud Sweatpants,1,78.0,United States,3PL_West,Carrier_A,none,4.06,3.9,5,False,False,none
ORD001230,2025-01-12,Cloud Sweatpants,1,70.2,United States,3PL_East,Carrier_B,product_launch,5.56,5.2,5,True,False,none
ORD001231,2025-02-13,Lounge Set,1,142.0,United States,3PL_Central,Carrier_B,none,6.58,2.3,5,False,False,none
ORD001232,2025-04-18,Cloud Sweatpants,2,156.0,United States,3PL_Central,Carrier_C,none,5.6,3.3,5,False,False,none
ORD001233,2025-02-09,Zip Hoodie,1,86.4,United States,3PL_West,Carrier_C,product_launch,4.66,5.2,5,True,False,none
ORD001234,2025-05-07,Lounge Set,4,568.0,United States,3PL_West,Carrier_A,none,7.26,5.0,5,False,False,none
ORD001235,2025-02-13,Zip Hoodie,2,192.0,United States,3PL_East,Carrier_B,none,6.19,4.1,5,False,False,none
ORD001236,2025-01-20,Signature Hoodie,1,89.0,United States,3PL_West,Carrier_A,none,4.22,5.5,5,True,True,changed_mind
ORD001237,2025-02-11,Signature Hoodie,3,267.0,United States,3PL_East,Carrier_B,none,7.01,3.1,5,False,False,none
ORD001238,2025-03-20,Cloud Sweatpants,4,312.0,United States,3PL_West,Carrier_D,none,10.85,2.9,5,False,False,none
ORD001239,2025-02-05,Zip Hoodie,1,86.4,United States,3PL_Central,Carrier_D,email_drop,7.85,2.7,5,False,False,none
ORD001240,2025-01-27,Zip Hoodie,1,81.6,United States,3PL_East,Carrier_A,email_drop,3.85,3.2,5,False,False,none
ORD001241,2025-06-09,Zip Hoodie,1,96.0,United States,3PL_West,Carrier_C,none,5.03,4.3,5,False,False,none
ORD001242,2025-03-05,Signature Hoodie,1,89.0,United States,3PL_West,Carrier_A,none,5.21,2.8,5,False,False,none
ORD001243,2025-03-11,Lounge Set,3,426.0,United States,3PL_East,Carrier_A,none,7.6,4.3,5,False,True,changed_mind
ORD001244,2025-01-12,Zip Hoodie,1,81.6,United States,3PL_West,Carrier_C,email_drop,6.04,4.5,5,False,True,late_delivery
ORD001245,2025-03-10,Weighted Tee,1,43.2,United States,3PL_West,Carrier_C,influencer_drop,6.04,3.9,5,False,False,none
ORD001246,2025-02-23,Zip Hoodie,3,230.4,United States,3PL_East,Carrier_A,influencer_drop,8.41,3.5,5,False,False,none
ORD001247,2025-04-23,Cloud Sweatpants,2,140.4,United States,3PL_East,Carrier_C,email_drop,6.74,3.8,5,False,False,none
ORD001248,2025-02-11,Zip Hoodie,2,153.6,United States,3PL_East,Carrier_A,holiday_sale,6.35,5.9,5,True,False,none
ORD001249,2025-06-14,Zip Hoodie,1,81.6,United States,3PL_East,Carrier_B,influencer_drop,4.99,1.8,5,False,False,none
ORD001250,2025-06-20,Signature Hoodie,4,356.0,Canada,3PL_International,Passport_Global,none,21.73,4.6,9,False,False,none
ORD001251,2025-01-20,Cloud Sweatpants,1,66.3,Canada,3PL_International,Passport_Global,product_launch,17.13,5.6,9,False,False,none
ORD001252,2025-01-22,Signature Hoodie,2,160.2,United States,3PL_East,Carrier_B,holiday_sale,5.88,5.1,5,True,False,none
ORD001253,2025-01-24,Signature Hoodie,2,178.0,United Kingdom,3PL_International,Passport_Global,none,19.35,5.5,9,False,False,none
ORD001254,2025-04-25,Zip Hoodie,1,96.0,United States,3PL_East,Carrier_C,none,6.0,2.5,5,False,False,none
ORD001255,2025-01-25,Cloud Sweatpants,3,234.0,United States,3PL_Central,Carrier_D,none,9.5,3.5,5,False,False,none
ORD001256,2025-06-08,Zip Hoodie,4,384.0,United States,3PL_East,Carrier_A,none,9.36,4.7,5,False,True,quality_issue
ORD001257,2025-05-22,Cloud Sweatpants,1,70.2,Canada,3PL_International,Passport_Global,email_drop,17.59,3.5,9,False,False,none
ORD001258,2025-06-03,Lounge Set,4,568.0,United States,3PL_East,Carrier_B,none,8.73,3.3,5,False,False,none
ORD001259,2025-04-06,Zip Hoodie,1,96.0,United Kingdom,3PL_International,Passport_Global,none,18.09,5.5,9,False,False,none
ORD001260,2025-06-30,Zip Hoodie,3,288.0,United States,3PL_West,Carrier_A,none,7.07,4.6,5,False,False,none
ORD001261,2025-01-10,Cloud Sweatpants,3,198.9,Australia,3PL_International,Passport_Global,holiday_sale,20.67,4.8,9,False,False,none
ORD001262,2025-03-17,Weighted Tee,2,108.0,United States,3PL_East,Carrier_A,none,6.36,4.9,5,False,False,none
ORD001263,2025-03-05,Cloud Sweatpants,4,280.8,United States,3PL_Central,Carrier_D,email_drop,10.51,4.4,5,False,False,none
ORD001264,2025-06-23,Lounge Set,3,426.0,United States,3PL_East,Carrier_A,none,7.77,4.0,5,False,False,none
ORD001265,2025-04-16,Cloud Sweatpants,2,156.0,United States,3PL_East,Carrier_C,none,7.21,3.4,5,False,False,none
ORD001266,2025-06-01,Signature Hoodie,1,89.0,United States,3PL_West,Carrier_D,none,5.44,3.0,5,False,False,none
ORD001267,2025-02-04,Zip Hoodie,2,192.0,United States,3PL_East,Carrier_B,none,5.54,3.7,5,False,False,none
ORD001268,2025-06-27,Cloud Sweatpants,4,265.2,United States,3PL_West,Carrier_A,email_drop,9.67,4.8,5,False,False,none
ORD001269,2025-04-01,Signature Hoodie,1,75.65,United States,3PL_East,Carrier_D,email_drop,7.59,5.3,5,True,False,none
ORD001270,2025-03-31,Cloud Sweatpants,4,312.0,United States,3PL_West,Carrier_B,none,8.5,4.0,5,False,False,none
ORD001271,2025-06-26,Signature Hoodie,1,89.0,United States,3PL_West,Carrier_B,none,5.45,2.6,5,False,False,none
ORD001272,2025-03-14,Weighted Tee,2,91.8,United States,3PL_West,Carrier_A,email_drop,7.03,3.2,5,False,False,none
ORD001273,2025-03-16,Zip Hoodie,2,163.2,United States,3PL_West,Carrier_B,email_drop,7.79,3.0,5,False,False,none
ORD001274,2025-04-18,Signature Hoodie,1,89.0,United States,3PL_West,Carrier_B,none,5.06,4.6,5,False,False,none
ORD001275,2025-01-26,Zip Hoodie,2,153.6,United States,3PL_West,Carrier_C,influencer_drop,7.6,3.9,5,False,True,changed_mind
ORD001276,2025-03-05,Zip Hoodie,1,96.0,Germany,3PL_International,Passport_Global,none,18.25,3.2,9,False,False,none
ORD001277,2025-02-08,Zip Hoodie,1,96.0,United Kingdom,3PL_International,Passport_Global,none,17.06,4.5,9,False,False,none
ORD001278,2025-01-21,Cloud Sweatpants,4,265.2,United States,3PL_Central,Carrier_A,email_drop,8.36,4.3,5,False,False,none
ORD001279,2025-06-10,Signature Hoodie,1,71.2,United States,3PL_East,Carrier_B,email_drop,6.37,3.3,5,False,False,none
ORD001280,2025-04-19,Signature Hoodie,4,320.4,United States,3PL_East,Carrier_A,influencer_drop,9.98,3.5,5,False,False,none
ORD001281,2025-03-10,Zip Hoodie,2,192.0,United Kingdom,3PL_International,Passport_Global,none,18.91,6.2,9,False,False,none
ORD001282,2025-03-18,Zip Hoodie,3,288.0,Canada,3PL_International,Passport_Global,none,20.98,4.7,9,False,False,none
ORD001283,2025-03-21,Zip Hoodie,1,76.8,United Kingdom,3PL_International,Passport_Global,email_drop,18.08,4.1,9,False,False,none
ORD001284,2025-04-27,Signature Hoodie,4,356.0,Australia,3PL_International,Passport_Global,none,21.2,3.9,9,False,False,none
ORD001285,2025-06-20,Lounge Set,1,142.0,United States,3PL_Central,Carrier_A,none,5.55,1.7,5,False,False,none
ORD001286,2025-06-20,Cloud Sweatpants,2,140.4,United States,3PL_West,Carrier_A,email_drop,5.43,4.5,5,False,False,none
ORD001287,2025-03-15,Zip Hoodie,1,96.0,United States,3PL_West,Carrier_C,none,5.18,6.2,5,True,False,none
ORD001288,2025-03-06,Signature Hoodie,4,356.0,United States,3PL_East,Carrier_B,none,8.43,4.8,5,False,False,none
ORD001289,2025-03-24,Zip Hoodie,2,192.0,United States,3PL_East,Carrier_D,none,9.15,3.6,5,False,False,none
ORD001290,2025-04-14,Weighted Tee,1,48.6,United States,3PL_West,Carrier_D,holiday_sale,7.4,6.2,5,True,True,changed_mind
ORD001291,2025-03-26,Signature Hoodie,2,178.0,United States,3PL_West,Carrier_C,none,6.36,5.6,5,True,False,none
ORD001292,2025-05-03,Lounge Set,1,142.0,Canada,3PL_International,Passport_Global,none,18.69,5.4,9,False,False,none
ORD001293,2025-04-12,Zip Hoodie,2,192.0,United States,3PL_Central,Carrier_B,none,5.34,3.2,5,False,False,none
ORD001294,2025-03-05,Signature Hoodie,2,178.0,Canada,3PL_International,Passport_Global,none,18.19,2.6,9,False,False,none
ORD001295,2025-03-08,Signature Hoodie,4,356.0,Australia,3PL_International,Passport_Global,none,22.26,4.8,9,False,False,none
ORD001296,2025-03-13,Zip Hoodie,1,96.0,United States,3PL_East,Carrier_A,none,5.91,2.4,5,False,False,none
ORD001297,2025-01-19,Signature Hoodie,1,89.0,United States,3PL_Central,Carrier_A,none,4.13,2.6,5,False,False,none
ORD001298,2025-02-03,Signature Hoodie,2,178.0,United States,3PL_East,Carrier_B,none,6.72,2.4,5,False,False,none
ORD001299,2025-05-16,Lounge Set,4,568.0,United Kingdom,3PL_International,Passport_Global,none,20.24,5.6,9,False,False,none
ORD001300,2025-03-15,Cloud Sweatpants,3,234.0,United States,3PL_West,Carrier_B,none,7.36,6.3,5,True,True,fit_issue
ORD001301,2025-02-13,Zip Hoodie,1,96.0,United States,3PL_Central,Carrier_A,none,5.77,4.8,5,False,False,none
ORD001302,2025-04-13,Zip Hoodie,1,96.0,United States,3PL_West,Carrier_B,none,5.37,4.3,5,False,False,none
ORD001303,2025-05-22,Cloud Sweatpants,3,210.6,Canada,3PL_International,Passport_Global,email_drop,20.04,6.1,9,False,False,none
ORD001304,2025-02-21,Zip Hoodie,3,244.8,United States,3PL_Central,Carrier_C,email_drop,7.04,4.5,5,False,False,none
ORD001305,2025-06-04,Signature Hoodie,2,178.0,United States,3PL_West,Carrier_C,none,7.47,4.8,5,False,True,changed_mind
ORD001306,2025-06-20,Signature Hoodie,1,75.65,United States,3PL_West,Carrier_B,holiday_sale,5.8,4.9,5,False,False,none
ORD001307,2025-04-20,Zip Hoodie,1,86.4,United States,3PL_East,Carrier_B,email_drop,4.76,3.7,5,False,False,none
ORD001308,2025-05-05,Weighted Tee,3,162.0,United Kingdom,3PL_International,Passport_Global,none,20.2,5.2,9,False,False,none
ORD001309,2025-01-11,Cloud Sweatpants,1,78.0,United States,3PL_West,Carrier_A,none,5.15,6.2,5,True,False,none
ORD001310,2025-06-22,Weighted Tee,1,48.6,Canada,3PL_International,Passport_Global,influencer_drop,17.36,6.7,9,False,False,none
ORD001311,2025-03-15,Zip Hoodie,2,192.0,United States,3PL_East,Carrier_C,none,6.67,4.1,5,False,False,none
ORD001312,2025-06-19,Cloud Sweatpants,3,234.0,United States,3PL_East,Carrier_B,none,9.04,3.7,5,False,False,none
ORD001313,2025-04-17,Cloud Sweatpants,3,187.2,United States,3PL_East,Carrier_B,email_drop,7.01,4.3,5,False,False,none
ORD001314,2025-01-02,Signature Hoodie,2,178.0,United States,3PL_West,Carrier_A,none,7.0,4.8,5,False,False,none
ORD001315,2025-01-08,Zip Hoodie,2,163.2,United States,3PL_East,Carrier_B,product_launch,7.23,5.6,5,True,False,none
ORD001316,2025-05-07,Signature Hoodie,1,89.0,United States,3PL_East,Carrier_A,none,5.79,2.9,5,False,False,none
ORD001317,2025-04-13,Cloud Sweatpants,1,78.0,United Kingdom,3PL_International,Passport_Global,none,18.53,4.0,9,False,False,none
ORD001318,2025-01-06,Signature Hoodie,1,89.0,United Kingdom,3PL_International,Passport_Global,none,17.75,5.3,9,False,False,none
ORD001319,2025-05-20,Weighted Tee,1,54.0,United States,3PL_West,Carrier_A,none,5.79,5.3,5,True,False,none
ORD001320,2025-06-08,Signature Hoodie,1,75.65,United States,3PL_East,Carrier_A,holiday_sale,5.5,7.2,5,True,True,quality_issue
ORD001321,2025-03-31,Cloud Sweatpants,3,187.2,Germany,3PL_International,Passport_Global,influencer_drop,19.07,3.6,9,False,False,none
ORD001322,2025-03-27,Signature Hoodie,1,80.1,United States,3PL_West,Carrier_A,holiday_sale,4.57,3.8,5,False,False,none
ORD001323,2025-01-02,Signature Hoodie,2,178.0,United States,3PL_East,Carrier_B,none,7.39,3.4,5,False,False,none
ORD001324,2025-05-29,Signature Hoodie,1,89.0,United States,3PL_East,Carrier_C,none,5.03,2.2,5,False,False,none
ORD001325,2025-03-06,Lounge Set,2,284.0,United States,3PL_West,Carrier_A,none,6.29,5.1,5,True,False,none
ORD001326,2025-06-12,Zip Hoodie,1,96.0,United States,3PL_West,Carrier_A,none,6.01,4.8,5,False,False,none
ORD001327,2025-03-13,Cloud Sweatpants,2,132.6,United States,3PL_East,Carrier_B,holiday_sale,6.45,5.3,5,True,False,none
ORD001328,2025-04-14,Lounge Set,3,426.0,United States,3PL_East,Carrier_A,none,8.27,4.3,5,False,False,none
ORD001329,2025-02-24,Signature Hoodie,1,89.0,United States,3PL_West,Carrier_C,none,5.31,4.4,5,False,False,none
ORD001330,2025-02-02,Lounge Set,1,142.0,United States,3PL_West,Carrier_C,none,4.58,2.5,5,False,False,none
ORD001331,2025-05-26,Signature Hoodie,3,226.95,United States,3PL_West,Carrier_C,influencer_drop,8.51,2.9,5,False,False,none
ORD001332,2025-03-31,Lounge Set,1,142.0,United States,3PL_Central,Carrier_B,none,4.74,3.2,5,False,False,none
ORD001333,2025-04-08,Weighted Tee,1,48.6,United States,3PL_East,Carrier_C,email_drop,6.41,1.6,5,False,False,none
ORD001334,2025-06-25,Lounge Set,1,120.7,United States,3PL_West,Carrier_B,email_drop,5.86,5.2,5,True,False,none
ORD001335,2025-06-25,Signature Hoodie,4,320.4,United States,3PL_East,Carrier_C,holiday_sale,8.43,4.4,5,False,False,none
ORD001336,2025-06-09,Cloud Sweatpants,2,156.0,United States,3PL_West,Carrier_B,none,7.03,5.2,5,True,False,none
ORD001337,2025-02-07,Lounge Set,1,142.0,United States,3PL_West,Carrier_B,none,5.03,3.7,5,False,False,none
ORD001338,2025-04-20,Cloud Sweatpants,2,156.0,United States,3PL_West,Carrier_C,none,5.94,4.9,5,False,False,none
ORD001339,2025-06-12,Signature Hoodie,1,80.1,United States,3PL_West,Carrier_C,holiday_sale,5.57,5.9,5,True,False,none
ORD001340,2025-03-13,Cloud Sweatpants,2,132.6,United States,3PL_West,Carrier_B,product_launch,7.17,3.9,5,False,False,none
ORD001341,2025-01-21,Signature Hoodie,2,178.0,United States,3PL_West,Carrier_D,none,8.57,4.7,5,False,False,none
ORD001342,2025-06-02,Cloud Sweatpants,2,156.0,United States,3PL_East,Carrier_B,none,5.96,4.1,5,False,False,none
ORD001343,2025-03-29,Signature Hoodie,2,178.0,United States,3PL_East,Carrier_B,none,5.47,4.6,5,False,False,none
ORD001344,2025-04-14,Zip Hoodie,2,172.8,United States,3PL_Central,Carrier_B,email_drop,6.41,3.8,5,False,False,none
ORD001345,2025-06-28,Cloud Sweatpants,2,156.0,Canada,3PL_International,Passport_Global,none,18.07,4.7,9,False,False,none
ORD001346,2025-04-22,Signature Hoodie,1,89.0,United States,3PL_East,Carrier_D,none,7.12,2.3,5,False,False,none
ORD001347,2025-03-21,Signature Hoodie,4,284.8,United States,3PL_Central,Carrier_C,influencer_drop,8.82,2.8,5,False,True,fit_issue
ORD001348,2025-03-12,Weighted Tee,1,54.0,Canada,3PL_International,Passport_Global,none,18.37,4.5,9,False,False,none
ORD001349,2025-03-19,Cloud Sweatpants,3,234.0,United States,3PL_West,Carrier_B,none,8.22,4.6,5,False,False,none
ORD001350,2025-01-24,Zip Hoodie,2,192.0,United States,3PL_West,Carrier_A,none,7.34,2.7,5,False,False,none
ORD001351,2025-05-30,Lounge Set,2,284.0,Germany,3PL_International,Passport_Global,none,18.94,5.0,9,False,False,none
ORD001352,2025-06-06,Zip Hoodie,1,81.6,United States,3PL_West,Carrier_D,email_drop,6.88,4.1,5,False,True,fit_issue
ORD001353,2025-02-27,Cloud Sweatpants,2,156.0,United States,3PL_Central,Carrier_C,none,6.9,2.9,5,False,False,none
ORD001354,2025-03-02,Zip Hoodie,3,288.0,United States,3PL_East,Carrier_B,none,8.04,4.0,5,False,False,none
ORD001355,2025-06-12,Signature Hoodie,1,89.0,Germany,3PL_International,Passport_Global,none,18.1,5.7,9,False,False,none
ORD001356,2025-01-05,Cloud Sweatpants,2,156.0,United States,3PL_Central,Carrier_B,none,8.08,3.3,5,False,False,none
ORD001357,2025-04-05,Signature Hoodie,3,226.95,Canada,3PL_International,Passport_Global,email_drop,20.63,4.9,9,False,False,none
ORD001358,2025-03-26,Lounge Set,2,284.0,United States,3PL_Central,Carrier_D,none,9.3,5.3,5,True,False,none
ORD001359,2025-05-09,Cloud Sweatpants,1,78.0,United States,3PL_East,Carrier_A,none,4.53,3.5,5,False,False,none
ORD001360,2025-02-02,Signature Hoodie,2,178.0,United States,3PL_East,Carrier_C,none,5.77,1.6,5,False,False,none
ORD001361,2025-05-05,Zip Hoodie,1,96.0,Canada,3PL_International,Passport_Global,none,17.18,2.8,9,False,False,none
ORD001362,2025-03-13,Signature Hoodie,4,356.0,United States,3PL_East,Carrier_C,none,8.86,3.1,5,False,False,none
ORD001363,2025-04-25,Cloud Sweatpants,1,78.0,Australia,3PL_International,Passport_Global,none,17.69,3.2,9,False,False,none
ORD001364,2025-01-09,Lounge Set,1,127.8,United States,3PL_East,Carrier_B,product_launch,5.61,1.7,5,False,False,none
ORD001365,2025-03-26,Zip Hoodie,4,384.0,United Kingdom,3PL_International,Passport_Global,none,22.57,3.6,9,False,False,none
ORD001366,2025-04-05,Zip Hoodie,1,96.0,United States,3PL_East,Carrier_A,none,5.33,3.8,5,False,False,none
ORD001367,2025-02-13,Cloud Sweatpants,1,78.0,United States,3PL_Central,Carrier_A,none,5.79,5.5,5,True,False,none
ORD001368,2025-01-29,Cloud Sweatpants,4,249.6,United States,3PL_Central,Carrier_B,influencer_drop,8.91,3.3,5,False,False,none
ORD001369,2025-02-07,Signature Hoodie,2,178.0,United States,3PL_East,Carrier_B,none,7.42,3.9,5,False,False,none
ORD001370,2025-03-08,Zip Hoodie,2,172.8,United States,3PL_East,Carrier_B,product_launch,7.06,5.6,5,True,True,fit_issue
ORD001371,2025-01-20,Cloud Sweatpants,1,78.0,United States,3PL_West,Carrier_B,none,5.36,3.6,5,False,False,none
ORD001372,2025-06-22,Signature Hoodie,2,151.3,Germany,3PL_International,Passport_Global,influencer_drop,19.72,5.3,9,False,False,none
ORD001373,2025-03-17,Signature Hoodie,2,160.2,United States,3PL_East,Carrier_C,email_drop,7.04,6.2,5,True,False,none
ORD001374,2025-06-01,Signature Hoodie,1,89.0,United States,3PL_Central,Carrier_C,none,6.09,2.6,5,False,False,none
ORD001375,2025-06-27,Signature Hoodie,2,178.0,United States,3PL_Central,Carrier_D,none,8.39,3.9,5,False,False,none
ORD001376,2025-01-17,Signature Hoodie,1,89.0,United States,3PL_West,Carrier_A,none,5.93,3.7,5,False,False,none
ORD001377,2025-05-01,Cloud Sweatpants,2,124.8,United States,3PL_East,Carrier_A,influencer_drop,6.37,3.5,5,False,True,changed_mind
ORD001378,2025-06-11,Cloud Sweatpants,3,187.2,Germany,3PL_International,Passport_Global,holiday_sale,19.29,5.6,9,False,False,none
ORD001379,2025-04-28,Cloud Sweatpants,3,234.0,United States,3PL_West,Carrier_D,none,9.13,4.4,5,False,False,none
ORD001380,2025-03-21,Signature Hoodie,1,89.0,United States,3PL_West,Carrier_B,none,5.89,2.5,5,False,False,none
ORD001381,2025-03-21,Cloud Sweatpants,1,78.0,United States,3PL_East,Carrier_D,none,7.63,3.1,5,False,False,none
ORD001382,2025-01-08,Lounge Set,1,142.0,United States,3PL_West,Carrier_D,none,6.65,4.7,5,False,False,none
ORD001383,2025-04-08,Signature Hoodie,1,71.2,United States,3PL_Central,Carrier_A,email_drop,6.5,1.2,5,False,False,none
ORD001384,2025-06-29,Signature Hoodie,1,89.0,Canada,3PL_International,Passport_Global,none,17.01,6.7,9,False,True,late_delivery
ORD001385,2025-06-24,Cloud Sweatpants,1,78.0,United States,3PL_West,Carrier_B,none,5.53,3.9,5,False,False,none
ORD001386,2025-01-09,Signature Hoodie,4,284.8,United States,3PL_East,Carrier_B,holiday_sale,8.52,5.6,5,True,False,none
ORD001387,2025-05-12,Signature Hoodie,3,213.6,United States,3PL_East,Carrier_D,email_drop,9.66,2.5,5,False,False,none
ORD001388,2025-03-02,Cloud Sweatpants,2,124.8,Australia,3PL_International,Passport_Global,influencer_drop,17.95,4.3,9,False,True,late_delivery
ORD001389,2025-06-16,Cloud Sweatpants,3,234.0,United States,3PL_East,Carrier_C,none,6.37,2.7,5,False,False,none
ORD001390,2025-01-10,Lounge Set,2,255.6,United States,3PL_West,Carrier_A,holiday_sale,6.06,5.2,5,True,False,none
ORD001391,2025-06-21,Lounge Set,2,284.0,United States,3PL_West,Carrier_C,none,7.09,2.4,5,False,True,quality_issue
ORD001392,2025-06-06,Cloud Sweatpants,4,312.0,United States,3PL_East,Carrier_A,none,9.0,3.2,5,False,False,none
ORD001393,2025-01-24,Cloud Sweatpants,1,78.0,United States,3PL_East,Carrier_B,none,4.32,5.7,5,True,False,none
ORD001394,2025-01-12,Weighted Tee,1,43.2,United States,3PL_Central,Carrier_C,holiday_sale,6.17,4.5,5,False,False,none
ORD001395,2025-06-06,Cloud Sweatpants,1,78.0,United States,3PL_East,Carrier_B,none,5.58,3.8,5,False,False,none
ORD001396,2025-02-01,Weighted Tee,3,137.7,United States,3PL_Central,Carrier_D,influencer_drop,10.1,4.0,5,False,False,none
ORD001397,2025-04-08,Zip Hoodie,3,244.8,Canada,3PL_International,Passport_Global,email_drop,19.83,5.9,9,False,False,none
ORD001398,2025-06-18,Signature Hoodie,3,226.95,United States,3PL_Central,Carrier_A,influencer_drop,6.27,4.3,5,False,False,none
ORD001399,2025-04-14,Signature Hoodie,2,142.4,United States,3PL_West,Carrier_B,email_drop,7.74,4.9,5,False,False,none
ORD001400,2025-03-16,Signature Hoodie,2,151.3,United States,3PL_Central,Carrier_A,product_launch,6.41,1.9,5,False,False,none
ORD001401,2025-03-23,Lounge Set,1,142.0,United States,3PL_West,Carrier_A,none,6.19,3.6,5,False,False,none
ORD001402,2025-01-13,Signature Hoodie,3,267.0,United States,3PL_East,Carrier_A,none,7.39,3.2,5,False,False,none
ORD001403,2025-06-26,Zip Hoodie,4,307.2,United States,3PL_Central,Carrier_A,email_drop,8.92,2.8,5,False,False,none
ORD001404,2025-03-03,Cloud Sweatpants,4,312.0,United States,3PL_East,Carrier_D,none,9.35,4.0,5,False,False,none
ORD001405,2025-02-08,Lounge Set,1,142.0,United States,3PL_West,Carrier_D,none,6.54,4.0,5,False,False,none
ORD001406,2025-02-27,Zip Hoodie,1,86.4,United States,3PL_East,Carrier_A,email_drop,6.59,4.2,5,False,False,none
ORD001407,2025-06-25,Signature Hoodie,2,178.0,United States,3PL_West,Carrier_C,none,7.25,2.9,5,False,False,none
ORD001408,2025-01-19,Signature Hoodie,1,80.1,United States,3PL_West,Carrier_A,influencer_drop,6.35,3.6,5,False,True,fit_issue
ORD001409,2025-06-10,Cloud Sweatpants,1,78.0,United States,3PL_Central,Carrier_B,none,5.79,1.3,5,False,False,none
ORD001410,2025-05-13,Lounge Set,3,383.4,United States,3PL_East,Carrier_A,holiday_sale,7.9,4.1,5,False,False,none
ORD001411,2025-06-05,Zip Hoodie,4,384.0,United States,3PL_Central,Carrier_A,none,9.61,1.6,5,False,False,none
ORD001412,2025-06-27,Cloud Sweatpants,1,62.4,United States,3PL_Central,Carrier_B,email_drop,6.13,4.8,5,False,True,quality_issue
ORD001413,2025-06-07,Lounge Set,2,227.2,Germany,3PL_International,Passport_Global,holiday_sale,19.19,5.7,9,False,False,none
ORD001414,2025-06-22,Cloud Sweatpants,2,156.0,United States,3PL_East,Carrier_B,none,6.63,4.5,5,False,False,none
ORD001415,2025-01-26,Signature Hoodie,1,89.0,United States,3PL_East,Carrier_C,none,6.17,1.8,5,False,False,none
ORD001416,2025-05-30,Lounge Set,1,142.0,Canada,3PL_International,Passport_Global,none,16.97,4.4,9,False,False,none
ORD001417,2025-04-10,Cloud Sweatpants,1,78.0,United States,3PL_West,Carrier_B,none,5.16,2.6,5,False,False,none
ORD001418,2025-04-10,Lounge Set,3,426.0,United States,3PL_East,Carrier_A,none,6.58,3.8,5,False,True,fit_issue
ORD001419,2025-06-15,Cloud Sweatpants,2,156.0,United Kingdom,3PL_International,Passport_Global,none,18.19,4.1,9,False,True,fit_issue
ORD001420,2025-06-26,Cloud Sweatpants,3,187.2,United States,3PL_West,Carrier_A,holiday_sale,7.87,3.0,5,False,False,none
ORD001421,2025-05-12,Signature Hoodie,1,89.0,United States,3PL_West,Carrier_A,none,6.02,2.9,5,False,False,none
ORD001422,2025-03-29,Cloud Sweatpants,4,312.0,United States,3PL_Central,Carrier_C,none,10.31,3.9,5,False,False,none
ORD001423,2025-03-25,Signature Hoodie,4,356.0,United States,3PL_East,Carrier_B,none,8.76,4.2,5,False,False,none
ORD001424,2025-03-15,Zip Hoodie,2,192.0,United States,3PL_West,Carrier_B,none,6.23,3.4,5,False,False,none
ORD001425,2025-03-11,Signature Hoodie,1,89.0,United States,3PL_Central,Carrier_A,none,5.34,4.6,5,False,False,none
ORD001426,2025-03-15,Signature Hoodie,4,302.6,United States,3PL_East,Carrier_A,product_launch,9.04,3.9,5,False,False,none
ORD001427,2025-01-18,Signature Hoodie,3,213.6,United States,3PL_West,Carrier_B,email_drop,9.14,2.7,5,False,False,none
ORD001428,2025-01-16,Cloud Sweatpants,2,156.0,Australia,3PL_International,Passport_Global,none,18.96,3.7,9,False,False,none
ORD001429,2025-05-27,Cloud Sweatpants,1,62.4,Germany,3PL_International,Passport_Global,influencer_drop,16.92,3.0,9,False,False,none
ORD001430,2025-03-23,Zip Hoodie,2,192.0,United States,3PL_Central,Carrier_A,none,6.86,2.8,5,False,False,none
ORD001431,2025-06-20,Zip Hoodie,1,96.0,United States,3PL_Central,Carrier_D,none,7.27,3.2,5,False,False,none
ORD001432,2025-04-23,Cloud Sweatpants,2,140.4,United States,3PL_East,Carrier_B,email_drop,6.52,3.7,5,False,False,none
ORD001433,2025-01-08,Cloud Sweatpants,3,234.0,Canada,3PL_International,Passport_Global,none,19.89,5.7,9,False,False,none
ORD001434,2025-02-01,Signature Hoodie,2,178.0,Australia,3PL_International,Passport_Global,none,20.61,6.4,9,False,False,none
ORD001435,2025-02-11,Cloud Sweatpants,1,62.4,United States,3PL_Central,Carrier_D,holiday_sale,6.8,4.3,5,False,False,none
ORD001436,2025-06-27,Lounge Set,2,284.0,United States,3PL_West,Carrier_A,none,5.32,2.1,5,False,False,none
ORD001437,2025-02-14,Cloud Sweatpants,4,312.0,United States,3PL_West,Carrier_A,none,8.37,2.4,5,False,False,none
ORD001438,2025-04-04,Weighted Tee,1,54.0,United States,3PL_East,Carrier_D,none,6.81,4.6,5,False,False,none
ORD001439,2025-06-21,Signature Hoodie,4,320.4,United States,3PL_West,Carrier_C,influencer_drop,7.84,3.5,5,False,False,none
ORD001440,2025-06-27,Zip Hoodie,1,81.6,United States,3PL_West,Carrier_B,email_drop,5.25,4.3,5,False,False,none
ORD001441,2025-02-17,Zip Hoodie,2,163.2,United States,3PL_Central,Carrier_A,holiday_sale,7.84,5.1,5,True,False,none
ORD001442,2025-01-10,Zip Hoodie,2,192.0,United States,3PL_East,Carrier_A,none,5.53,5.4,5,True,False,none
ORD001443,2025-01-31,Zip Hoodie,1,86.4,United States,3PL_East,Carrier_C,influencer_drop,4.29,4.1,5,False,False,none
ORD001444,2025-01-13,Signature Hoodie,1,89.0,Australia,3PL_International,Passport_Global,none,18.4,3.9,9,False,False,none
ORD001445,2025-02-09,Zip Hoodie,4,384.0,United States,3PL_West,Carrier_B,none,8.69,2.4,5,False,False,none
ORD001446,2025-04-15,Cloud Sweatpants,2,156.0,Canada,3PL_International,Passport_Global,none,18.64,3.5,9,False,False,none
ORD001447,2025-06-17,Cloud Sweatpants,2,124.8,United States,3PL_West,Carrier_A,influencer_drop,7.41,5.0,5,False,False,none
ORD001448,2025-04-08,Signature Hoodie,1,89.0,United States,3PL_Central,Carrier_C,none,4.96,4.5,5,False,False,none
ORD001449,2025-04-26,Signature Hoodie,1,75.65,United States,3PL_Central,Carrier_B,email_drop,4.15,2.9,5,False,False,none
ORD001450,2025-02-10,Lounge Set,1,142.0,United States,3PL_East,Carrier_B,none,6.04,1.7,5,False,False,none
ORD001451,2025-05-31,Signature Hoodie,2,178.0,Canada,3PL_International,Passport_Global,none,18.9,6.0,9,False,False,none
ORD001452,2025-04-25,Cloud Sweatpants,2,140.4,United States,3PL_West,Carrier_C,product_launch,6.46,5.4,5,True,False,none
ORD001453,2025-06-10,Signature Hoodie,1,80.1,United Kingdom,3PL_International,Passport_Global,influencer_drop,16.24,3.1,9,False,False,none
ORD001454,2025-06-23,Zip Hoodie,1,96.0,United States,3PL_West,Carrier_A,none,4.6,3.5,5,False,False,none
ORD001455,2025-03-09,Zip Hoodie,1,86.4,United States,3PL_East,Carrier_D,email_drop,7.04,3.8,5,False,False,none
ORD001456,2025-01-19,Weighted Tee,4,216.0,United States,3PL_West,Carrier_A,none,8.0,3.5,5,False,False,none
ORD001457,2025-02-15,Cloud Sweatpants,2,132.6,United States,3PL_East,Carrier_B,email_drop,7.31,2.6,5,False,False,none
ORD001458,2025-03-22,Signature Hoodie,4,356.0,United States,3PL_East,Carrier_A,none,8.8,4.1,5,False,False,none
ORD001459,2025-06-22,Signature Hoodie,1,89.0,United States,3PL_East,Carrier_C,none,5.21,3.3,5,False,False,none
ORD001460,2025-03-13,Signature Hoodie,2,178.0,United States,3PL_Central,Carrier_B,none,7.33,1.9,5,False,False,none
ORD001461,2025-05-25,Zip Hoodie,2,192.0,Australia,3PL_International,Passport_Global,none,18.48,4.4,9,False,False,none
ORD001462,2025-04-09,Weighted Tee,1,54.0,United States,3PL_West,Carrier_B,none,5.71,2.7,5,False,False,none
ORD001463,2025-02-06,Signature Hoodie,1,89.0,Canada,3PL_International,Passport_Global,none,17.8,5.3,9,False,True,quality_issue
ORD001464,2025-03-05,Cloud Sweatpants,1,66.3,United States,3PL_Central,Carrier_B,product_launch,6.07,2.5,5,False,False,none
ORD001465,2025-05-02,Zip Hoodie,1,96.0,United States,3PL_West,Carrier_A,none,5.75,2.5,5,False,False,none
ORD001466,2025-05-05,Cloud Sweatpants,3,234.0,United Kingdom,3PL_International,Passport_Global,none,20.6,2.9,9,False,False,none
ORD001467,2025-03-22,Zip Hoodie,2,192.0,United States,3PL_East,Carrier_D,none,7.94,4.1,5,False,False,none
ORD001468,2025-02-15,Cloud Sweatpants,1,66.3,United States,3PL_West,Carrier_A,email_drop,4.95,3.2,5,False,False,none
ORD001469,2025-05-16,Signature Hoodie,1,89.0,United Kingdom,3PL_International,Passport_Global,none,17.73,2.3,9,False,False,none
ORD001470,2025-02-03,Cloud Sweatpants,4,312.0,Australia,3PL_International,Passport_Global,none,21.75,4.5,9,False,True,changed_mind
ORD001471,2025-06-21,Cloud Sweatpants,2,124.8,United States,3PL_West,Carrier_C,email_drop,6.86,3.2,5,False,False,none
ORD001472,2025-02-07,Zip Hoodie,4,384.0,Canada,3PL_International,Passport_Global,none,21.87,4.8,9,False,False,none
ORD001473,2025-01-22,Signature Hoodie,1,75.65,United States,3PL_East,Carrier_C,product_launch,4.73,4.8,5,False,False,none
ORD001474,2025-03-31,Cloud Sweatpants,1,78.0,United States,3PL_West,Carrier_B,none,4.34,5.4,5,True,False,none
ORD001475,2025-04-05,Weighted Tee,2,91.8,United States,3PL_West,Carrier_B,email_drop,6.17,5.3,5,True,False,none
ORD001476,2025-04-03,Cloud Sweatpants,2,156.0,United States,3PL_West,Carrier_D,none,7.83,4.4,5,False,False,none
ORD001477,2025-03-22,Signature Hoodie,4,284.8,United States,3PL_West,Carrier_C,email_drop,8.1,4.5,5,False,False,none
ORD001478,2025-06-30,Weighted Tee,2,91.8,United States,3PL_West,Carrier_C,holiday_sale,6.38,4.3,5,False,False,none
ORD001479,2025-03-30,Signature Hoodie,1,89.0,United States,3PL_Central,Carrier_C,none,4.38,5.0,5,False,False,none
ORD001480,2025-03-28,Zip Hoodie,2,192.0,Canada,3PL_International,Passport_Global,none,18.51,2.0,9,False,False,none
ORD001481,2025-03-20,Signature Hoodie,1,89.0,United Kingdom,3PL_International,Passport_Global,none,17.03,4.3,9,False,False,none
ORD001482,2025-01-14,Lounge Set,1,142.0,United Kingdom,3PL_International,Passport_Global,none,16.87,3.6,9,False,False,none
ORD001483,2025-04-19,Signature Hoodie,1,71.2,United States,3PL_Central,Carrier_D,product_launch,6.22,3.5,5,False,False,none
ORD001484,2025-02-15,Cloud Sweatpants,3,234.0,Australia,3PL_International,Passport_Global,none,19.32,3.3,9,False,False,none
ORD001485,2025-04-28,Weighted Tee,2,108.0,United States,3PL_East,Carrier_B,none,6.96,4.0,5,False,False,none
ORD001486,2025-01-11,Cloud Sweatpants,1,62.4,United States,3PL_West,Carrier_B,product_launch,5.17,5.2,5,True,False,none
ORD001487,2025-06-28,Signature Hoodie,2,142.4,United States,3PL_Central,Carrier_A,influencer_drop,6.64,4.4,5,False,False,none
ORD001488,2025-03-27,Signature Hoodie,4,302.6,United States,3PL_East,Carrier_C,influencer_drop,8.69,2.9,5,False,False,none
ORD001489,2025-06-15,Signature Hoodie,3,267.0,United States,3PL_West,Carrier_C,none,8.21,3.8,5,False,False,none
ORD001490,2025-03-28,Signature Hoodie,2,178.0,United States,3PL_West,Carrier_D,none,8.75,4.1,5,False,False,none
ORD001491,2025-01-12,Cloud Sweatpants,1,78.0,Germany,3PL_International,Passport_Global,none,18.22,3.7,9,False,False,none
ORD001492,2025-06-04,Cloud Sweatpants,2,156.0,United States,3PL_East,Carrier_C,none,6.4,2.7,5,False,False,none
ORD001493,2025-05-01,Weighted Tee,2,108.0,United States,3PL_East,Carrier_A,none,6.52,4.0,5,False,False,none
ORD001494,2025-05-27,Zip Hoodie,4,384.0,United States,3PL_East,Carrier_B,none,7.91,4.5,5,False,False,none
ORD001495,2025-03-21,Weighted Tee,2,108.0,United States,3PL_East,Carrier_B,none,5.99,4.3,5,False,False,none
ORD001496,2025-04-28,Cloud Sweatpants,3,234.0,Germany,3PL_International,Passport_Global,none,20.69,5.1,9,False,False,none
ORD001497,2025-06-09,Cloud Sweatpants,2,156.0,United States,3PL_West,Carrier_A,none,6.11,4.1,5,False,False,none
ORD001498,2025-04-27,Cloud Sweatpants,2,156.0,United States,3PL_Central,Carrier_A,none,6.35,4.2,5,False,False,none
ORD001499,2025-03-09,Signature Hoodie,1,89.0,United States,3PL_Central,Carrier_C,none,5.88,4.6,5,False,False,none
ORD001500,2025-05-03,Signature Hoodie,1,89.0,United States,3PL_Central,Carrier_B,none,5.59,3.5,5,False,False,none
ORD001501,2025-05-05,Lounge Set,1,113.6,United States,3PL_Central,Carrier_A,email_drop,5.4,4.4,5,False,False,none
ORD001502,2025-06-25,Zip Hoodie,2,172.8,United States,3PL_East,Carrier_C,email_drop,6.35,3.2,5,False,False,none
ORD001503,2025-03-12,Signature Hoodie,4,356.0,United States,3PL_East,Carrier_A,none,9.5,2.6,5,False,True,fit_issue
ORD001504,2025-03-21,Cloud Sweatpants,1,78.0,United States,3PL_East,Carrier_A,none,4.87,3.8,5,False,False,none
ORD001505,2025-06-02,Signature Hoodie,2,178.0,Canada,3PL_International,Passport_Global,none,19.2,6.4,9,False,False,none
ORD001506,2025-04-02,Cloud Sweatpants,4,312.0,United States,3PL_Central,Carrier_A,none,8.62,5.0,5,False,False,none
ORD001507,2025-05-18,Signature Hoodie,1,89.0,United States,3PL_East,Carrier_C,none,5.83,3.6,5,False,True,quality_issue
ORD001508,2025-03-26,Lounge Set,1,120.7,United States,3PL_West,Carrier_C,product_launch,5.89,3.1,5,False,False,none
ORD001509,2025-02-13,Cloud Sweatpants,2,156.0,United States,3PL_West,Carrier_C,none,6.63,1.8,5,False,False,none
ORD001510,2025-05-20,Cloud Sweatpants,1,78.0,United States,3PL_East,Carrier_B,none,6.23,3.5,5,False,True,fit_issue
ORD001511,2025-01-27,Zip Hoodie,1,86.4,United States,3PL_Central,Carrier_B,email_drop,5.95,3.3,5,False,False,none
ORD001512,2025-02-09,Lounge Set,3,426.0,United States,3PL_East,Carrier_C,none,7.46,3.1,5,False,False,none
ORD001513,2025-04-26,Lounge Set,2,284.0,United States,3PL_West,Carrier_C,none,6.72,3.4,5,False,True,quality_issue
ORD001514,2025-05-21,Cloud Sweatpants,1,78.0,United States,3PL_Central,Carrier_B,none,5.6,3.0,5,False,False,none
ORD001515,2025-06-15,Signature Hoodie,2,151.3,United States,3PL_East,Carrier_B,product_launch,7.3,4.1,5,False,False,none
ORD001516,2025-02-24,Zip Hoodie,4,384.0,United States,3PL_East,Carrier_A,none,7.68,3.9,5,False,False,none
ORD001517,2025-01-23,Lounge Set,4,482.8,United States,3PL_West,Carrier_A,email_drop,9.7,4.4,5,False,False,none
ORD001518,2025-06-24,Weighted Tee,1,45.9,Australia,3PL_International,Passport_Global,influencer_drop,16.55,5.4,9,False,False,none
ORD001519,2025-02-01,Cloud Sweatpants,1,78.0,United States,3PL_West,Carrier_C,none,5.75,2.7,5,False,False,none
ORD001520,2025-02-09,Zip Hoodie,1,86.4,United States,3PL_West,Carrier_B,email_drop,5.74,2.0,5,False,False,none
ORD001521,2025-02-28,Signature Hoodie,2,178.0,United States,3PL_East,Carrier_C,none,6.39,2.1,5,False,False,none
ORD001522,2025-04-07,Signature Hoodie,2,178.0,United States,3PL_East,Carrier_B,none,7.01,4.4,5,False,False,none
ORD001523,2025-06-13,Signature Hoodie,1,89.0,Australia,3PL_International,Passport_Global,none,16.85,4.5,9,False,False,none
ORD001524,2025-05-23,Signature Hoodie,2,151.3,United States,3PL_East,Carrier_B,product_launch,5.91,4.4,5,False,True,fit_issue
ORD001525,2025-05-13,Cloud Sweatpants,1,78.0,United States,3PL_Central,Carrier_A,none,4.55,4.3,5,False,False,none
ORD001526,2025-02-05,Signature Hoodie,4,356.0,United States,3PL_East,Carrier_D,none,10.12,4.8,5,False,False,none
ORD001527,2025-03-10,Zip Hoodie,2,172.8,United States,3PL_Central,Carrier_A,product_launch,7.37,3.3,5,False,False,none
ORD001528,2025-03-29,Zip Hoodie,1,96.0,Canada,3PL_International,Passport_Global,none,18.78,6.2,9,False,False,none
ORD001529,2025-01-30,Signature Hoodie,2,142.4,Canada,3PL_International,Passport_Global,holiday_sale,18.87,6.5,9,False,False,none
ORD001530,2025-02-24,Zip Hoodie,1,86.4,United States,3PL_West,Carrier_B,email_drop,5.54,5.6,5,True,False,none
ORD001531,2025-03-03,Signature Hoodie,2,178.0,United States,3PL_West,Carrier_B,none,8.07,6.1,5,True,False,none
ORD001532,2025-01-26,Signature Hoodie,1,75.65,United States,3PL_West,Carrier_A,influencer_drop,5.07,3.9,5,False,False,none
ORD001533,2025-04-11,Weighted Tee,1,43.2,United States,3PL_Central,Carrier_B,email_drop,4.86,3.4,5,False,False,none
ORD001534,2025-05-12,Signature Hoodie,1,89.0,United States,3PL_East,Carrier_B,none,6.13,4.6,5,False,False,none
ORD001535,2025-01-15,Signature Hoodie,2,160.2,United Kingdom,3PL_International,Passport_Global,product_launch,18.53,3.4,9,False,False,none
ORD001536,2025-03-29,Zip Hoodie,2,172.8,United States,3PL_West,Carrier_B,product_launch,5.77,5.5,5,True,False,none
ORD001537,2025-05-28,Signature Hoodie,4,284.8,United States,3PL_East,Carrier_A,holiday_sale,9.54,3.2,5,False,False,none
ORD001538,2025-05-21,Cloud Sweatpants,1,62.4,United States,3PL_West,Carrier_A,email_drop,6.48,3.5,5,False,False,none
ORD001539,2025-06-02,Zip Hoodie,2,192.0,United States,3PL_East,Carrier_D,none,7.95,1.9,5,False,False,none
ORD001540,2025-03-24,Zip Hoodie,2,192.0,United Kingdom,3PL_International,Passport_Global,none,18.92,4.2,9,False,False,none
ORD001541,2025-06-03,Cloud Sweatpants,4,312.0,United States,3PL_East,Carrier_B,none,9.56,3.7,5,False,False,none
ORD001542,2025-02-18,Lounge Set,4,568.0,United Kingdom,3PL_International,Passport_Global,none,20.64,4.4,9,False,False,none
ORD001543,2025-03-11,Signature Hoodie,2,142.4,United States,3PL_East,Carrier_B,email_drop,7.3,3.2,5,False,False,none
ORD001544,2025-02-05,Cloud Sweatpants,1,70.2,United States,3PL_West,Carrier_B,email_drop,6.56,2.7,5,False,False,none
ORD001545,2025-03-27,Signature Hoodie,2,178.0,United States,3PL_Central,Carrier_D,none,7.36,4.2,5,False,False,none
ORD001546,2025-03-15,Signature Hoodie,2,178.0,United States,3PL_Central,Carrier_B,none,5.48,4.1,5,False,False,none
ORD001547,2025-02-18,Weighted Tee,3,145.8,United States,3PL_West,Carrier_A,email_drop,6.41,6.8,5,True,False,none
ORD001548,2025-05-22,Zip Hoodie,1,96.0,United States,3PL_East,Carrier_B,none,4.98,3.4,5,False,False,none
ORD001549,2025-03-03,Signature Hoodie,4,302.6,United States,3PL_Central,Carrier_A,product_launch,7.84,4.8,5,False,False,none
ORD001550,2025-02-24,Cloud Sweatpants,3,198.9,United States,3PL_East,Carrier_D,email_drop,10.37,2.9,5,False,False,none
ORD001551,2025-01-27,Signature Hoodie,1,89.0,United States,3PL_West,Carrier_B,none,4.63,5.1,5,True,False,none
ORD001552,2025-03-22,Zip Hoodie,1,96.0,United States,3PL_Central,Carrier_D,none,6.88,4.0,5,False,False,none
ORD001553,2025-03-02,Signature Hoodie,1,75.65,United States,3PL_East,Carrier_C,email_drop,5.69,5.5,5,True,False,none
ORD001554,2025-03-12,Lounge Set,2,284.0,United States,3PL_East,Carrier_A,none,5.89,5.1,5,True,False,none
ORD001555,2025-02-17,Signature Hoodie,1,80.1,Australia,3PL_International,Passport_Global,influencer_drop,17.81,3.5,9,False,False,none
ORD001556,2025-05-24,Signature Hoodie,1,89.0,United States,3PL_West,Carrier_D,none,7.72,4.0,5,False,False,none
ORD001557,2025-06-20,Weighted Tee,1,54.0,United States,3PL_East,Carrier_C,none,7.88,2.7,5,False,False,none
ORD001558,2025-03-31,Lounge Set,1,142.0,United States,3PL_Central,Carrier_B,none,5.7,1.9,5,False,False,none
ORD001559,2025-04-30,Signature Hoodie,2,160.2,United States,3PL_Central,Carrier_C,email_drop,5.28,4.0,5,False,False,none
ORD001560,2025-06-10,Cloud Sweatpants,1,70.2,United Kingdom,3PL_International,Passport_Global,product_launch,18.35,5.6,9,False,False,none
ORD001561,2025-06-30,Lounge Set,2,255.6,United States,3PL_East,Carrier_D,holiday_sale,8.6,4.9,5,False,False,none
ORD001562,2025-04-24,Zip Hoodie,1,96.0,Canada,3PL_International,Passport_Global,none,18.2,4.1,9,False,False,none
ORD001563,2025-06-14,Zip Hoodie,1,81.6,United States,3PL_Central,Carrier_C,influencer_drop,5.32,5.1,5,True,False,none
ORD001564,2025-06-17,Zip Hoodie,4,384.0,United States,3PL_East,Carrier_C,none,9.55,3.9,5,False,False,none
ORD001565,2025-05-30,Weighted Tee,3,162.0,United States,3PL_West,Carrier_D,none,9.3,4.1,5,False,False,none
ORD001566,2025-03-26,Cloud Sweatpants,1,66.3,United States,3PL_East,Carrier_C,product_launch,5.64,4.3,5,False,False,none
ORD001567,2025-01-17,Signature Hoodie,1,89.0,Canada,3PL_International,Passport_Global,none,17.96,5.0,9,False,False,none
ORD001568,2025-01-04,Cloud Sweatpants,4,249.6,United States,3PL_East,Carrier_C,product_launch,8.93,3.8,5,False,False,none
ORD001569,2025-03-28,Zip Hoodie,2,192.0,United States,3PL_West,Carrier_B,none,6.29,4.1,5,False,False,none
ORD001570,2025-03-31,Cloud Sweatpants,2,156.0,United States,3PL_West,Carrier_A,none,7.44,3.0,5,False,False,none
ORD001571,2025-03-18,Signature Hoodie,2,178.0,United States,3PL_East,Carrier_D,none,9.45,3.0,5,False,False,none
ORD001572,2025-04-14,Zip Hoodie,1,76.8,Canada,3PL_International,Passport_Global,holiday_sale,19.35,3.4,9,False,False,none
ORD001573,2025-04-11,Cloud Sweatpants,1,78.0,United States,3PL_East,Carrier_C,none,5.5,3.3,5,False,False,none
ORD001574,2025-06-06,Weighted Tee,1,48.6,Germany,3PL_International,Passport_Global,influencer_drop,17.98,3.5,9,False,False,none
ORD001575,2025-01-22,Signature Hoodie,3,267.0,United States,3PL_Central,Carrier_B,none,7.93,3.9,5,False,False,none
ORD001576,2025-02-15,Zip Hoodie,1,76.8,United Kingdom,3PL_International,Passport_Global,email_drop,17.17,4.6,9,False,False,none
ORD001577,2025-05-30,Cloud Sweatpants,2,156.0,United States,3PL_West,Carrier_D,none,9.06,4.4,5,False,False,none
ORD001578,2025-06-07,Signature Hoodie,3,267.0,Australia,3PL_International,Passport_Global,none,19.89,6.3,9,False,False,none
ORD001579,2025-06-30,Cloud Sweatpants,1,66.3,United States,3PL_East,Carrier_B,email_drop,5.88,3.5,5,False,False,none
ORD001580,2025-06-11,Signature Hoodie,1,71.2,United States,3PL_Central,Carrier_A,email_drop,4.48,2.2,5,False,False,none
ORD001581,2025-06-14,Lounge Set,3,426.0,United States,3PL_East,Carrier_B,none,8.16,4.8,5,False,True,fit_issue
ORD001582,2025-03-04,Zip Hoodie,4,384.0,Canada,3PL_International,Passport_Global,none,22.28,4.6,9,False,False,none
ORD001583,2025-03-17,Signature Hoodie,2,178.0,Canada,3PL_International,Passport_Global,none,18.44,3.5,9,False,False,none
ORD001584,2025-02-23,Cloud Sweatpants,1,70.2,United States,3PL_West,Carrier_C,product_launch,5.06,4.7,5,False,False,none
ORD001585,2025-04-22,Weighted Tee,2,86.4,United States,3PL_Central,Carrier_C,email_drop,6.19,2.9,5,False,False,none
ORD001586,2025-06-21,Signature Hoodie,1,80.1,United States,3PL_Central,Carrier_C,influencer_drop,5.04,5.8,5,True,False,none
ORD001587,2025-03-08,Lounge Set,2,227.2,United States,3PL_East,Carrier_C,email_drop,7.64,3.5,5,False,False,none
ORD001588,2025-04-12,Signature Hoodie,1,80.1,United States,3PL_East,Carrier_A,influencer_drop,5.52,3.9,5,False,False,none
ORD001589,2025-03-01,Signature Hoodie,3,267.0,United States,3PL_West,Carrier_B,none,6.96,5.3,5,True,False,none
ORD001590,2025-02-04,Cloud Sweatpants,2,156.0,United States,3PL_East,Carrier_C,none,5.93,6.0,5,True,False,none
ORD001591,2025-02-09,Signature Hoodie,2,151.3,United States,3PL_West,Carrier_C,email_drop,4.94,3.9,5,False,False,none
ORD001592,2025-01-12,Lounge Set,2,284.0,United States,3PL_East,Carrier_C,none,5.97,2.4,5,False,False,none
ORD001593,2025-06-23,Zip Hoodie,1,96.0,United States,3PL_Central,Carrier_B,none,4.43,3.3,5,False,False,none
ORD001594,2025-03-17,Zip Hoodie,4,326.4,United States,3PL_Central,Carrier_C,email_drop,7.92,1.5,5,False,False,none
ORD001595,2025-06-05,Zip Hoodie,1,86.4,United States,3PL_East,Carrier_C,holiday_sale,5.1,4.2,5,False,False,none
ORD001596,2025-05-07,Zip Hoodie,1,81.6,United States,3PL_East,Carrier_B,email_drop,4.57,4.6,5,False,False,none
ORD001597,2025-02-08,Zip Hoodie,4,384.0,United States,3PL_Central,Carrier_A,none,8.75,2.4,5,False,False,none
ORD001598,2025-02-05,Zip Hoodie,1,76.8,United States,3PL_East,Carrier_C,product_launch,5.72,4.0,5,False,False,none
ORD001599,2025-06-02,Lounge Set,1,142.0,United Kingdom,3PL_International,Passport_Global,none,18.07,4.7,9,False,False,none
ORD001600,2025-02-23,Cloud Sweatpants,3,234.0,United States,3PL_East,Carrier_C,none,7.9,3.6,5,False,False,none
ORD001601,2025-06-17,Signature Hoodie,1,80.1,Canada,3PL_International,Passport_Global,product_launch,15.8,5.9,9,False,False,none
ORD001602,2025-01-29,Cloud Sweatpants,2,124.8,United States,3PL_East,Carrier_A,influencer_drop,6.17,3.6,5,False,False,none
ORD001603,2025-05-07,Cloud Sweatpants,2,132.6,United States,3PL_East,Carrier_C,product_launch,7.57,5.9,5,True,True,fit_issue
ORD001604,2025-06-02,Signature Hoodie,3,213.6,United States,3PL_East,Carrier_A,influencer_drop,9.41,1.7,5,False,False,none
ORD001605,2025-02-17,Cloud Sweatpants,2,140.4,Germany,3PL_International,Passport_Global,email_drop,19.6,2.7,9,False,False,none
ORD001606,2025-02-25,Cloud Sweatpants,1,78.0,United States,3PL_East,Carrier_B,none,5.45,3.6,5,False,False,none
ORD001607,2025-06-25,Signature Hoodie,2,178.0,United States,3PL_Central,Carrier_A,none,5.88,2.9,5,False,False,none
ORD001608,2025-02-23,Lounge Set,3,383.4,United States,3PL_West,Carrier_B,product_launch,8.7,7.0,5,True,False,none
ORD001609,2025-03-21,Zip Hoodie,1,86.4,United States,3PL_West,Carrier_A,holiday_sale,5.28,5.8,5,True,False,none
ORD001610,2025-03-22,Signature Hoodie,1,89.0,United States,3PL_Central,Carrier_A,none,5.2,4.8,5,False,False,none
ORD001611,2025-02-20,Weighted Tee,2,108.0,United States,3PL_East,Carrier_D,none,9.27,3.7,5,False,False,none
ORD001612,2025-05-26,Weighted Tee,4,216.0,United States,3PL_East,Carrier_B,none,6.38,2.2,5,False,False,none
ORD001613,2025-05-25,Lounge Set,1,142.0,United States,3PL_West,Carrier_D,none,7.14,5.7,5,True,False,none
ORD001614,2025-03-13,Signature Hoodie,1,75.65,United States,3PL_East,Carrier_B,holiday_sale,4.22,2.7,5,False,False,none
ORD001615,2025-06-06,Signature Hoodie,4,356.0,United Kingdom,3PL_International,Passport_Global,none,21.69,3.9,9,False,False,none
ORD001616,2025-02-12,Cloud Sweatpants,3,234.0,Canada,3PL_International,Passport_Global,none,21.39,5.2,9,False,False,none
ORD001617,2025-01-01,Zip Hoodie,1,81.6,United States,3PL_Central,Carrier_A,product_launch,5.79,7.2,5,True,False,none
ORD001618,2025-04-15,Zip Hoodie,1,96.0,United States,3PL_West,Carrier_A,none,6.98,5.3,5,True,False,none
ORD001619,2025-06-30,Zip Hoodie,2,192.0,United States,3PL_West,Carrier_A,none,6.72,4.6,5,False,False,none
ORD001620,2025-01-08,Zip Hoodie,3,288.0,United States,3PL_West,Carrier_D,none,10.65,5.8,5,True,False,none
ORD001621,2025-02-11,Weighted Tee,3,162.0,United States,3PL_East,Carrier_B,none,6.43,2.8,5,False,False,none
ORD001622,2025-04-05,Cloud Sweatpants,4,312.0,United States,3PL_East,Carrier_B,none,9.02,4.6,5,False,False,none
ORD001623,2025-06-02,Lounge Set,2,284.0,United States,3PL_West,Carrier_B,none,5.49,5.5,5,True,False,none
ORD001624,2025-01-18,Lounge Set,4,568.0,United States,3PL_East,Carrier_A,none,9.16,2.4,5,False,False,none
ORD001625,2025-03-16,Signature Hoodie,2,178.0,United States,3PL_East,Carrier_D,none,8.09,3.6,5,False,False,none
ORD001626,2025-05-20,Lounge Set,2,284.0,United Kingdom,3PL_International,Passport_Global,none,18.79,4.9,9,False,False,none
ORD001627,2025-03-12,Signature Hoodie,2,178.0,Australia,3PL_International,Passport_Global,none,18.78,5.3,9,False,False,none
ORD001628,2025-02-07,Signature Hoodie,2,151.3,United States,3PL_East,Carrier_B,product_launch,7.39,3.5,5,False,False,none
ORD001629,2025-02-09,Weighted Tee,2,108.0,United States,3PL_Central,Carrier_A,none,6.7,5.2,5,True,True,quality_issue
ORD001630,2025-03-18,Cloud Sweatpants,3,234.0,United States,3PL_West,Carrier_C,none,7.85,4.2,5,False,False,none
ORD001631,2025-03-29,Cloud Sweatpants,4,265.2,United States,3PL_West,Carrier_B,holiday_sale,8.86,3.8,5,False,False,none
ORD001632,2025-06-10,Weighted Tee,2,108.0,United Kingdom,3PL_International,Passport_Global,none,19.52,5.2,9,False,True,late_delivery
ORD001633,2025-04-29,Signature Hoodie,1,89.0,United States,3PL_West,Carrier_D,none,7.02,4.8,5,False,False,none
ORD001634,2025-05-09,Signature Hoodie,2,160.2,United States,3PL_West,Carrier_A,holiday_sale,5.67,3.6,5,False,False,none
ORD001635,2025-06-28,Signature Hoodie,1,89.0,United States,3PL_West,Carrier_A,none,6.17,4.4,5,False,False,none
ORD001636,2025-03-18,Cloud Sweatpants,1,78.0,United States,3PL_West,Carrier_D,none,6.85,5.0,5,False,False,none
ORD001637,2025-03-17,Signature Hoodie,4,284.8,United States,3PL_East,Carrier_B,email_drop,9.07,5.7,5,True,False,none
ORD001638,2025-06-19,Signature Hoodie,2,151.3,United States,3PL_East,Carrier_B,email_drop,7.16,3.9,5,False,False,none
ORD001639,2025-02-19,Lounge Set,3,426.0,United States,3PL_Central,Carrier_B,none,6.84,5.1,5,True,False,none
ORD001640,2025-05-17,Signature Hoodie,1,89.0,United States,3PL_East,Carrier_B,none,4.75,3.3,5,False,False,none
ORD001641,2025-05-22,Cloud Sweatpants,2,156.0,United States,3PL_West,Carrier_B,none,5.41,5.1,5,True,False,none
ORD001642,2025-01-20,Signature Hoodie,2,151.3,United States,3PL_Central,Carrier_D,influencer_drop,8.07,3.3,5,False,False,none
ORD001643,2025-03-27,Cloud Sweatpants,4,312.0,United States,3PL_East,Carrier_B,none,9.7,2.8,5,False,False,none
ORD001644,2025-02-10,Zip Hoodie,1,96.0,United States,3PL_Central,Carrier_A,none,5.38,3.9,5,False,False,none
ORD001645,2025-02-07,Cloud Sweatpants,2,156.0,United States,3PL_Central,Carrier_A,none,7.68,4.5,5,False,False,none
ORD001646,2025-03-26,Signature Hoodie,1,71.2,United States,3PL_West,Carrier_D,product_launch,7.46,5.0,5,False,True,changed_mind
ORD001647,2025-02-28,Signature Hoodie,2,178.0,United States,3PL_West,Carrier_B,none,6.09,4.2,5,False,True,late_delivery
ORD001648,2025-05-30,Signature Hoodie,3,267.0,United States,3PL_Central,Carrier_B,none,7.15,1.0,5,False,False,none
ORD001649,2025-06-16,Signature Hoodie,1,89.0,United States,3PL_East,Carrier_A,none,6.67,5.1,5,True,False,none
ORD001650,2025-06-01,Cloud Sweatpants,2,140.4,United States,3PL_West,Carrier_D,email_drop,8.97,5.4,5,True,False,none
ORD001651,2025-02-23,Signature Hoodie,1,89.0,Canada,3PL_International,Passport_Global,none,17.66,3.1,9,False,False,none
ORD001652,2025-02-24,Signature Hoodie,4,284.8,United States,3PL_Central,Carrier_D,holiday_sale,10.76,4.0,5,False,False,none
ORD001653,2025-02-21,Signature Hoodie,1,89.0,United States,3PL_West,Carrier_A,none,5.04,3.3,5,False,False,none
ORD001654,2025-01-28,Lounge Set,1,142.0,United States,3PL_West,Carrier_A,none,3.38,4.2,5,False,False,none
ORD001655,2025-06-22,Cloud Sweatpants,1,78.0,United Kingdom,3PL_International,Passport_Global,none,17.87,6.7,9,False,False,none
ORD001656,2025-03-17,Cloud Sweatpants,2,156.0,United States,3PL_East,Carrier_B,none,5.55,3.6,5,False,False,none
ORD001657,2025-02-15,Cloud Sweatpants,1,78.0,United States,3PL_Central,Carrier_D,none,6.91,2.8,5,False,False,none
ORD001658,2025-06-07,Cloud Sweatpants,2,140.4,United States,3PL_East,Carrier_B,influencer_drop,5.54,4.3,5,False,False,none
ORD001659,2025-03-16,Signature Hoodie,1,89.0,Canada,3PL_International,Passport_Global,none,17.65,2.5,9,False,False,none
ORD001660,2025-01-08,Cloud Sweatpants,1,66.3,United States,3PL_West,Carrier_C,email_drop,4.6,4.2,5,False,False,none
ORD001661,2025-02-02,Cloud Sweatpants,2,156.0,United States,3PL_East,Carrier_A,none,6.6,4.9,5,False,False,none
ORD001662,2025-04-29,Signature Hoodie,2,178.0,United States,3PL_East,Carrier_B,none,7.11,3.4,5,False,False,none
ORD001663,2025-05-28,Signature Hoodie,1,89.0,United States,3PL_East,Carrier_C,none,5.65,3.1,5,False,False,none
ORD001664,2025-02-12,Lounge Set,1,142.0,United States,3PL_Central,Carrier_B,none,4.22,3.3,5,False,False,none
ORD001665,2025-06-18,Zip Hoodie,1,96.0,United States,3PL_East,Carrier_A,none,4.07,2.5,5,False,False,none
ORD001666,2025-06-08,Signature Hoodie,2,151.3,United States,3PL_East,Carrier_C,product_launch,5.52,4.1,5,False,False,none
ORD001667,2025-06-08,Lounge Set,4,511.2,Germany,3PL_International,Passport_Global,holiday_sale,22.07,4.2,9,False,False,none
ORD001668,2025-02-15,Signature Hoodie,1,75.65,United States,3PL_Central,Carrier_D,influencer_drop,8.95,3.9,5,False,False,none
ORD001669,2025-01-11,Signature Hoodie,1,80.1,United States,3PL_West,Carrier_C,holiday_sale,4.86,3.4,5,False,False,none
ORD001670,2025-06-10,Signature Hoodie,2,178.0,United States,3PL_West,Carrier_B,none,5.73,3.8,5,False,True,changed_mind
ORD001671,2025-03-02,Weighted Tee,4,216.0,United States,3PL_Central,Carrier_B,none,9.96,3.2,5,False,False,none
ORD001672,2025-04-25,Signature Hoodie,3,267.0,Canada,3PL_International,Passport_Global,none,19.77,4.8,9,False,False,none
ORD001673,2025-05-23,Lounge Set,2,227.2,United States,3PL_Central,Carrier_D,holiday_sale,8.29,5.6,5,True,False,none
ORD001674,2025-01-26,Zip Hoodie,1,96.0,United States,3PL_West,Carrier_B,none,5.53,3.9,5,False,False,none
ORD001675,2025-05-27,Cloud Sweatpants,2,156.0,United States,3PL_West,Carrier_A,none,6.0,2.5,5,False,False,none
ORD001676,2025-06-21,Signature Hoodie,2,142.4,United States,3PL_West,Carrier_A,email_drop,5.93,3.5,5,False,False,none
ORD001677,2025-05-17,Signature Hoodie,2,178.0,Australia,3PL_International,Passport_Global,none,18.89,5.1,9,False,False,none
ORD001678,2025-03-23,Zip Hoodie,2,163.2,United States,3PL_West,Carrier_B,email_drop,6.22,3.7,5,False,False,none
ORD001679,2025-06-12,Cloud Sweatpants,2,156.0,United Kingdom,3PL_International,Passport_Global,none,17.53,4.4,9,False,False,none
ORD001680,2025-04-06,Cloud Sweatpants,3,198.9,United States,3PL_West,Carrier_A,email_drop,6.98,3.6,5,False,False,none
ORD001681,2025-05-20,Signature Hoodie,1,71.2,United States,3PL_East,Carrier_B,holiday_sale,5.29,4.7,5,False,False,none
ORD001682,2025-06-03,Lounge Set,1,142.0,United States,3PL_East,Carrier_D,none,6.76,3.6,5,False,False,none
ORD001683,2025-05-21,Zip Hoodie,1,96.0,Australia,3PL_International,Passport_Global,none,18.2,6.2,9,False,False,none
ORD001684,2025-02-27,Cloud Sweatpants,1,78.0,United States,3PL_East,Carrier_C,none,4.78,3.2,5,False,False,none
ORD001685,2025-01-24,Cloud Sweatpants,2,156.0,United States,3PL_West,Carrier_A,none,8.0,3.2,5,False,True,duplicate_order
ORD001686,2025-02-17,Signature Hoodie,3,267.0,United States,3PL_East,Carrier_B,none,7.74,3.0,5,False,False,none
ORD001687,2025-04-01,Signature Hoodie,2,178.0,United States,3PL_West,Carrier_D,none,8.41,1.5,5,False,False,none
ORD001688,2025-04-02,Signature Hoodie,2,178.0,United States,3PL_Central,Carrier_A,none,6.14,4.2,5,False,False,none
ORD001689,2025-04-18,Zip Hoodie,4,384.0,United States,3PL_East,Carrier_C,none,8.64,3.5,5,False,False,none
ORD001690,2025-03-16,Signature Hoodie,3,267.0,United Kingdom,3PL_International,Passport_Global,none,18.59,5.1,9,False,True,quality_issue
ORD001691,2025-05-29,Signature Hoodie,2,151.3,United States,3PL_East,Carrier_B,product_launch,6.55,1.9,5,False,False,none
ORD001692,2025-06-17,Signature Hoodie,1,89.0,Australia,3PL_International,Passport_Global,none,19.37,4.8,9,False,False,none
ORD001693,2025-02-19,Signature Hoodie,1,89.0,United States,3PL_East,Carrier_B,none,6.12,3.4,5,False,False,none
ORD001694,2025-05-18,Cloud Sweatpants,4,312.0,United States,3PL_East,Carrier_A,none,7.54,5.0,5,False,False,none
ORD001695,2025-05-07,Zip Hoodie,2,192.0,United States,3PL_East,Carrier_C,none,6.78,3.6,5,False,False,none
ORD001696,2025-04-05,Cloud Sweatpants,1,66.3,United States,3PL_East,Carrier_A,product_launch,5.76,4.1,5,False,False,none
ORD001697,2025-02-07,Cloud Sweatpants,2,156.0,United States,3PL_West,Carrier_C,none,7.76,4.2,5,False,True,fit_issue
ORD001698,2025-05-30,Cloud Sweatpants,1,66.3,United States,3PL_West,Carrier_A,email_drop,4.77,1.2,5,False,False,none
ORD001699,2025-06-25,Cloud Sweatpants,4,249.6,United States,3PL_East,Carrier_A,email_drop,10.68,4.6,5,False,False,none
ORD001700,2025-05-16,Lounge Set,2,241.4,United States,3PL_West,Carrier_B,influencer_drop,6.64,4.8,5,False,False,none
ORD001701,2025-06-18,Lounge Set,3,362.1,United States,3PL_West,Carrier_C,email_drop,7.04,3.1,5,False,False,none
ORD001702,2025-06-28,Lounge Set,2,255.6,United States,3PL_Central,Carrier_D,influencer_drop,7.04,3.8,5,False,False,none
ORD001703,2025-03-09,Lounge Set,1,142.0,United States,3PL_West,Carrier_C,none,5.3,4.8,5,False,False,none
ORD001704,2025-04-29,Lounge Set,2,284.0,Germany,3PL_International,Passport_Global,none,19.12,3.8,9,False,False,none
ORD001705,2025-03-28,Cloud Sweatpants,2,140.4,United States,3PL_Central,Carrier_D,email_drop,7.44,3.7,5,False,False,none
ORD001706,2025-06-28,Cloud Sweatpants,1,78.0,United Kingdom,3PL_International,Passport_Global,none,18.3,1.9,9,False,False,none
ORD001707,2025-01-19,Zip Hoodie,3,288.0,Australia,3PL_International,Passport_Global,none,20.52,4.0,9,False,False,none
ORD001708,2025-03-18,Signature Hoodie,1,89.0,Canada,3PL_International,Passport_Global,none,17.81,5.2,9,False,False,none
ORD001709,2025-06-12,Signature Hoodie,2,178.0,United States,3PL_East,Carrier_A,none,5.86,4.7,5,False,False,none
ORD001710,2025-02-27,Lounge Set,3,426.0,United States,3PL_West,Carrier_B,none,7.72,3.3,5,False,False,none
ORD001711,2025-05-29,Cloud Sweatpants,1,78.0,United States,3PL_West,Carrier_B,none,6.87,4.5,5,False,False,none
ORD001712,2025-03-14,Signature Hoodie,1,89.0,United States,3PL_West,Carrier_B,none,4.66,3.3,5,False,False,none
ORD001713,2025-06-28,Cloud Sweatpants,1,78.0,United States,3PL_East,Carrier_A,none,3.99,3.2,5,False,False,none
ORD001714,2025-06-13,Signature Hoodie,3,267.0,United States,3PL_West,Carrier_B,none,7.4,2.9,5,False,False,none
ORD001715,2025-03-02,Signature Hoodie,1,80.1,United States,3PL_East,Carrier_B,email_drop,4.75,3.0,5,False,False,none
ORD001716,2025-05-25,Cloud Sweatpants,2,156.0,Canada,3PL_International,Passport_Global,none,17.47,4.7,9,False,False,none
ORD001717,2025-03-07,Cloud Sweatpants,1,70.2,United States,3PL_East,Carrier_D,email_drop,7.53,2.4,5,False,False,none
ORD001718,2025-04-22,Cloud Sweatpants,1,78.0,Australia,3PL_International,Passport_Global,none,16.74,6.5,9,False,False,none
ORD001719,2025-05-03,Signature Hoodie,4,356.0,United States,3PL_Central,Carrier_B,none,7.71,2.9,5,False,False,none
ORD001720,2025-06-05,Cloud Sweatpants,2,124.8,Canada,3PL_International,Passport_Global,email_drop,19.61,4.8,9,False,False,none
ORD001721,2025-01-05,Signature Hoodie,1,80.1,United States,3PL_Central,Carrier_C,influencer_drop,6.52,2.9,5,False,False,none
ORD001722,2025-02-14,Cloud Sweatpants,4,280.8,Australia,3PL_International,Passport_Global,email_drop,23.32,2.0,9,False,False,none
ORD001723,2025-05-13,Zip Hoodie,2,153.6,United States,3PL_West,Carrier_C,email_drop,5.3,5.4,5,True,False,none
ORD001724,2025-04-13,Signature Hoodie,3,213.6,Canada,3PL_International,Passport_Global,email_drop,20.41,4.5,9,False,False,none
ORD001725,2025-03-31,Lounge Set,1,113.6,United States,3PL_Central,Carrier_B,email_drop,4.28,1.5,5,False,False,none
ORD001726,2025-01-12,Zip Hoodie,1,76.8,United States,3PL_East,Carrier_C,email_drop,5.46,2.1,5,False,False,none
ORD001727,2025-03-09,Signature Hoodie,1,75.65,United States,3PL_West,Carrier_C,email_drop,5.27,5.5,5,True,False,none
ORD001728,2025-06-10,Cloud Sweatpants,2,156.0,United States,3PL_East,Carrier_A,none,4.84,3.9,5,False,False,none
ORD001729,2025-01-07,Signature Hoodie,3,267.0,United Kingdom,3PL_International,Passport_Global,none,20.52,1.0,9,False,False,none
ORD001730,2025-03-16,Signature Hoodie,4,356.0,United States,3PL_Central,Carrier_A,none,8.85,2.6,5,False,False,none
ORD001731,2025-06-22,Lounge Set,4,568.0,United States,3PL_West,Carrier_A,none,9.33,3.5,5,False,False,none
ORD001732,2025-01-11,Zip Hoodie,2,153.6,United States,3PL_East,Carrier_B,influencer_drop,5.54,5.4,5,True,False,none
ORD001733,2025-05-21,Lounge Set,2,284.0,Germany,3PL_International,Passport_Global,none,20.64,4.3,9,False,False,none
ORD001734,2025-02-21,Zip Hoodie,1,96.0,United States,3PL_West,Carrier_D,none,7.41,2.4,5,False,False,none
ORD001735,2025-06-10,Lounge Set,1,120.7,United Kingdom,3PL_International,Passport_Global,influencer_drop,18.07,3.9,9,False,False,none
ORD001736,2025-05-20,Lounge Set,1,142.0,United States,3PL_Central,Carrier_B,none,6.5,2.9,5,False,False,none
ORD001737,2025-06-13,Signature Hoodie,1,75.65,United States,3PL_East,Carrier_A,influencer_drop,5.39,3.9,5,False,False,none
ORD001738,2025-02-13,Signature Hoodie,2,178.0,United States,3PL_East,Carrier_A,none,5.83,2.4,5,False,False,none
ORD001739,2025-04-07,Cloud Sweatpants,2,156.0,United States,3PL_East,Carrier_D,none,9.22,3.7,5,False,False,none
ORD001740,2025-05-27,Signature Hoodie,3,267.0,Australia,3PL_International,Passport_Global,none,19.98,3.7,9,False,False,none
ORD001741,2025-02-19,Cloud Sweatpants,1,78.0,United States,3PL_Central,Carrier_B,none,6.17,3.4,5,False,False,none
ORD001742,2025-02-16,Signature Hoodie,4,356.0,Canada,3PL_International,Passport_Global,none,21.16,5.9,9,False,False,none
ORD001743,2025-01-06,Lounge Set,3,426.0,Australia,3PL_International,Passport_Global,none,21.84,5.4,9,False,False,none
ORD001744,2025-06-24,Signature Hoodie,4,356.0,United States,3PL_Central,Carrier_B,none,8.81,4.5,5,False,False,none
ORD001745,2025-05-13,Lounge Set,2,284.0,United States,3PL_East,Carrier_D,none,7.84,3.1,5,False,False,none
ORD001746,2025-04-28,Cloud Sweatpants,1,66.3,United States,3PL_Central,Carrier_C,influencer_drop,5.66,3.6,5,False,False,none
ORD001747,2025-05-20,Signature Hoodie,2,178.0,United States,3PL_Central,Carrier_B,none,6.16,4.2,5,False,False,none
ORD001748,2025-04-07,Lounge Set,2,284.0,Canada,3PL_International,Passport_Global,none,18.24,4.0,9,False,False,none
ORD001749,2025-03-28,Cloud Sweatpants,1,78.0,United States,3PL_East,Carrier_A,none,6.47,2.7,5,False,False,none
ORD001750,2025-03-24,Zip Hoodie,1,81.6,United States,3PL_West,Carrier_A,product_launch,4.37,4.5,5,False,False,none
ORD001751,2025-04-29,Lounge Set,2,227.2,United States,3PL_East,Carrier_B,influencer_drop,7.36,2.7,5,False,True,changed_mind
ORD001752,2025-02-10,Signature Hoodie,1,75.65,Canada,3PL_International,Passport_Global,product_launch,19.07,6.1,9,False,False,none
ORD001753,2025-06-14,Signature Hoodie,1,80.1,United States,3PL_East,Carrier_B,holiday_sale,5.11,5.9,5,True,False,none
ORD001754,2025-06-02,Signature Hoodie,1,89.0,United States,3PL_East,Carrier_B,none,5.6,2.5,5,False,False,none
ORD001755,2025-03-09,Signature Hoodie,2,151.3,United States,3PL_Central,Carrier_B,email_drop,5.87,3.9,5,False,False,none
ORD001756,2025-04-17,Weighted Tee,4,216.0,Canada,3PL_International,Passport_Global,none,22.15,3.6,9,False,False,none
ORD001757,2025-01-29,Lounge Set,2,255.6,United States,3PL_East,Carrier_B,holiday_sale,5.5,7.0,5,True,True,changed_mind
ORD001758,2025-06-26,Signature Hoodie,1,89.0,United States,3PL_West,Carrier_C,none,6.18,4.3,5,False,False,none
ORD001759,2025-06-16,Zip Hoodie,2,192.0,Canada,3PL_International,Passport_Global,none,18.94,3.3,9,False,False,none
ORD001760,2025-06-19,Lounge Set,2,241.4,United States,3PL_East,Carrier_B,holiday_sale,5.85,4.7,5,False,False,none
ORD001761,2025-03-06,Signature Hoodie,2,160.2,United States,3PL_East,Carrier_B,influencer_drop,5.97,2.7,5,False,False,none
ORD001762,2025-02-03,Signature Hoodie,2,142.4,United States,3PL_West,Carrier_C,product_launch,6.92,5.2,5,True,False,none
ORD001763,2025-02-12,Lounge Set,2,284.0,United States,3PL_Central,Carrier_D,none,7.38,4.6,5,False,True,changed_mind
ORD001764,2025-01-19,Zip Hoodie,1,96.0,United States,3PL_East,Carrier_C,none,5.82,3.4,5,False,False,none
ORD001765,2025-01-25,Signature Hoodie,4,356.0,United States,3PL_Central,Carrier_C,none,8.97,4.0,5,False,False,none
ORD001766,2025-01-15,Cloud Sweatpants,2,156.0,United States,3PL_West,Carrier_C,none,6.21,2.1,5,False,False,none
ORD001767,2025-06-29,Signature Hoodie,1,89.0,United States,3PL_West,Carrier_D,none,7.57,2.3,5,False,False,none
ORD001768,2025-01-15,Zip Hoodie,1,96.0,United States,3PL_East,Carrier_C,none,4.74,3.6,5,False,False,none
ORD001769,2025-01-27,Zip Hoodie,2,153.6,United States,3PL_West,Carrier_B,influencer_drop,6.31,2.3,5,False,False,none
ORD001770,2025-06-04,Signature Hoodie,1,89.0,United States,3PL_East,Carrier_C,none,5.07,3.6,5,False,False,none
ORD001771,2025-04-17,Lounge Set,1,120.7,United States,3PL_East,Carrier_A,email_drop,4.36,3.2,5,False,False,none
ORD001772,2025-05-26,Cloud Sweatpants,2,140.4,United States,3PL_Central,Carrier_D,holiday_sale,8.06,4.2,5,False,False,none
ORD001773,2025-04-27,Zip Hoodie,2,192.0,United Kingdom,3PL_International,Passport_Global,none,17.68,4.5,9,False,False,none
ORD001774,2025-06-13,Zip Hoodie,3,288.0,United States,3PL_East,Carrier_A,none,7.23,3.4,5,False,True,fit_issue
ORD001775,2025-04-29,Cloud Sweatpants,2,156.0,Canada,3PL_International,Passport_Global,none,17.55,1.7,9,False,False,none
ORD001776,2025-04-05,Signature Hoodie,2,178.0,United States,3PL_East,Carrier_C,none,5.71,2.3,5,False,False,none
ORD001777,2025-05-14,Signature Hoodie,2,160.2,United States,3PL_Central,Carrier_B,email_drop,5.79,4.2,5,False,False,none
ORD001778,2025-03-24,Zip Hoodie,3,288.0,United States,3PL_East,Carrier_C,none,8.01,1.8,5,False,False,none
ORD001779,2025-03-08,Zip Hoodie,1,96.0,United States,3PL_West,Carrier_B,none,4.61,2.8,5,False,False,none
ORD001780,2025-03-27,Signature Hoodie,1,75.65,Australia,3PL_International,Passport_Global,product_launch,16.78,4.9,9,False,False,none
ORD001781,2025-02-03,Weighted Tee,3,145.8,United States,3PL_East,Carrier_D,email_drop,9.17,3.4,5,False,False,none
ORD001782,2025-05-30,Lounge Set,1,127.8,United States,3PL_West,Carrier_B,holiday_sale,6.9,5.1,5,True,False,none
ORD001783,2025-02-22,Signature Hoodie,2,178.0,United States,3PL_West,Carrier_B,none,5.2,4.4,5,False,False,none
ORD001784,2025-01-31,Signature Hoodie,1,75.65,United States,3PL_Central,Carrier_C,product_launch,5.94,4.1,5,False,False,none
ORD001785,2025-02-19,Cloud Sweatpants,3,234.0,United States,3PL_West,Carrier_A,none,7.96,2.4,5,False,False,none
ORD001786,2025-06-07,Signature Hoodie,4,356.0,United States,3PL_East,Carrier_B,none,10.5,6.8,5,True,False,none
ORD001787,2025-03-06,Weighted Tee,1,48.6,Australia,3PL_International,Passport_Global,holiday_sale,18.02,4.7,9,False,False,none
ORD001788,2025-05-08,Zip Hoodie,1,86.4,United States,3PL_East,Carrier_B,holiday_sale,5.42,6.1,5,True,False,none
ORD001789,2025-06-09,Signature Hoodie,3,267.0,United States,3PL_East,Carrier_C,none,7.71,1.3,5,False,False,none
ORD001790,2025-01-16,Cloud Sweatpants,1,78.0,United States,3PL_Central,Carrier_A,none,5.35,3.4,5,False,False,none
ORD001791,2025-05-24,Signature Hoodie,2,178.0,United States,3PL_East,Carrier_A,none,7.1,2.9,5,False,False,none
ORD001792,2025-03-02,Cloud Sweatpants,4,280.8,United States,3PL_East,Carrier_C,influencer_drop,8.41,3.1,5,False,False,none
ORD001793,2025-02-13,Signature Hoodie,4,284.8,United States,3PL_West,Carrier_C,holiday_sale,11.26,5.9,5,True,False,none
ORD001794,2025-05-09,Lounge Set,4,568.0,Australia,3PL_International,Passport_Global,none,21.92,4.7,9,False,False,none
ORD001795,2025-06-17,Zip Hoodie,1,96.0,United States,3PL_West,Carrier_B,none,5.23,3.3,5,False,True,quality_issue
ORD001796,2025-03-01,Lounge Set,1,127.8,United States,3PL_East,Carrier_A,email_drop,5.18,4.3,5,False,True,quality_issue
ORD001797,2025-04-15,Signature Hoodie,1,80.1,United States,3PL_Central,Carrier_A,email_drop,5.37,3.2,5,False,True,duplicate_order
ORD001798,2025-02-28,Cloud Sweatpants,3,234.0,United States,3PL_East,Carrier_B,none,7.65,1.7,5,False,False,none
ORD001799,2025-04-12,Lounge Set,1,142.0,United States,3PL_West,Carrier_B,none,5.9,4.0,5,False,True,changed_mind
ORD001800,2025-04-25,Signature Hoodie,2,151.3,United States,3PL_West,Carrier_C,product_launch,6.77,4.4,5,False,False,none
ORD001801,2025-04-23,Signature Hoodie,3,267.0,Canada,3PL_International,Passport_Global,none,21.26,4.2,9,False,False,none
ORD001802,2025-04-26,Weighted Tee,2,108.0,United States,3PL_East,Carrier_A,none,5.77,5.1,5,True,False,none
ORD001803,2025-01-28,Lounge Set,4,568.0,United Kingdom,3PL_International,Passport_Global,none,21.21,8.0,9,False,False,none
ORD001804,2025-05-10,Lounge Set,2,284.0,United Kingdom,3PL_International,Passport_Global,none,18.16,5.2,9,False,False,none
ORD001805,2025-05-06,Cloud Sweatpants,1,62.4,United States,3PL_West,Carrier_B,holiday_sale,5.01,2.3,5,False,False,none
ORD001806,2025-05-08,Cloud Sweatpants,4,312.0,United Kingdom,3PL_International,Passport_Global,none,20.83,5.0,9,False,True,fit_issue
ORD001807,2025-01-15,Cloud Sweatpants,2,156.0,United States,3PL_West,Carrier_B,none,7.17,5.4,5,True,False,none
ORD001808,2025-03-24,Cloud Sweatpants,1,78.0,United States,3PL_West,Carrier_A,none,4.88,3.6,5,False,False,none
ORD001809,2025-03-18,Signature Hoodie,2,151.3,United States,3PL_West,Carrier_D,email_drop,9.46,4.4,5,False,True,duplicate_order
ORD001810,2025-01-18,Lounge Set,3,426.0,United States,3PL_East,Carrier_B,none,8.86,4.0,5,False,False,none
ORD001811,2025-02-14,Cloud Sweatpants,3,234.0,United States,3PL_West,Carrier_A,none,8.27,3.2,5,False,False,none
ORD001812,2025-03-23,Cloud Sweatpants,1,78.0,Canada,3PL_International,Passport_Global,none,16.88,5.8,9,False,False,none
ORD001813,2025-05-20,Lounge Set,1,142.0,United States,3PL_West,Carrier_C,none,6.55,4.2,5,False,False,none
ORD001814,2025-02-17,Lounge Set,2,255.6,United States,3PL_West,Carrier_B,product_launch,6.2,5.3,5,True,False,none
ORD001815,2025-06-05,Signature Hoodie,3,226.95,United States,3PL_West,Carrier_B,email_drop,7.43,4.0,5,False,False,none
ORD001816,2025-04-10,Zip Hoodie,2,153.6,Germany,3PL_International,Passport_Global,holiday_sale,19.36,4.3,9,False,False,none
ORD001817,2025-05-23,Cloud Sweatpants,1,78.0,United States,3PL_West,Carrier_C,none,4.71,2.6,5,False,False,none
ORD001818,2025-03-28,Signature Hoodie,3,267.0,United States,3PL_East,Carrier_C,none,8.7,2.6,5,False,False,none
ORD001819,2025-04-01,Signature Hoodie,2,142.4,United States,3PL_East,Carrier_C,product_launch,7.19,6.3,5,True,False,none
ORD001820,2025-04-25,Zip Hoodie,4,384.0,Australia,3PL_International,Passport_Global,none,23.63,6.3,9,False,False,none
ORD001821,2025-06-20,Lounge Set,1,120.7,United States,3PL_West,Carrier_B,influencer_drop,5.64,2.6,5,False,True,late_delivery
ORD001822,2025-03-30,Weighted Tee,3,162.0,United States,3PL_West,Carrier_C,none,7.59,5.3,5,True,False,none
ORD001823,2025-04-06,Signature Hoodie,1,89.0,United States,3PL_Central,Carrier_A,none,7.0,4.9,5,False,False,none
ORD001824,2025-04-21,Cloud Sweatpants,3,234.0,United States,3PL_East,Carrier_A,none,6.21,2.7,5,False,False,none
ORD001825,2025-05-18,Signature Hoodie,3,267.0,United States,3PL_East,Carrier_D,none,9.68,4.3,5,False,False,none
ORD001826,2025-01-15,Weighted Tee,1,54.0,United Kingdom,3PL_International,Passport_Global,none,17.69,4.7,9,False,False,none
ORD001827,2025-04-04,Lounge Set,1,142.0,United States,3PL_East,Carrier_D,none,8.18,4.7,5,False,False,none
ORD001828,2025-03-29,Weighted Tee,4,216.0,United States,3PL_West,Carrier_B,none,11.34,3.9,5,False,False,none
ORD001829,2025-06-19,Cloud Sweatpants,1,78.0,Australia,3PL_International,Passport_Global,none,17.26,4.1,9,False,False,none
ORD001830,2025-03-31,Signature Hoodie,2,151.3,United States,3PL_East,Carrier_A,holiday_sale,7.48,2.6,5,False,False,none
ORD001831,2025-03-27,Cloud Sweatpants,1,78.0,United States,3PL_West,Carrier_C,none,6.51,5.1,5,True,False,none
ORD001832,2025-06-25,Signature Hoodie,1,80.1,United States,3PL_West,Carrier_C,holiday_sale,6.45,5.9,5,True,False,none
ORD001833,2025-03-24,Signature Hoodie,3,267.0,United States,3PL_East,Carrier_B,none,7.9,5.5,5,True,False,none
ORD001834,2025-02-06,Signature Hoodie,2,178.0,United States,3PL_East,Carrier_B,none,7.12,4.6,5,False,False,none
ORD001835,2025-02-13,Signature Hoodie,1,89.0,United States,3PL_East,Carrier_C,none,4.64,4.5,5,False,False,none
ORD001836,2025-01-19,Signature Hoodie,1,71.2,United States,3PL_East,Carrier_A,product_launch,6.82,3.6,5,False,False,none
ORD001837,2025-01-01,Weighted Tee,1,54.0,Germany,3PL_International,Passport_Global,none,16.94,2.5,9,False,False,none
ORD001838,2025-03-21,Zip Hoodie,2,153.6,United States,3PL_West,Carrier_D,product_launch,7.57,4.0,5,False,False,none
ORD001839,2025-05-25,Zip Hoodie,1,96.0,United States,3PL_East,Carrier_B,none,5.17,3.3,5,False,False,none
ORD001840,2025-05-18,Signature Hoodie,1,71.2,United States,3PL_East,Carrier_C,email_drop,4.94,2.6,5,False,False,none
ORD001841,2025-01-07,Zip Hoodie,1,81.6,Canada,3PL_International,Passport_Global,influencer_drop,18.15,4.4,9,False,False,none
ORD001842,2025-04-15,Cloud Sweatpants,1,70.2,United States,3PL_East,Carrier_C,product_launch,5.15,5.4,5,True,False,none
ORD001843,2025-02-01,Signature Hoodie,1,89.0,United States,3PL_Central,Carrier_B,none,4.7,3.2,5,False,False,none
ORD001844,2025-06-22,Cloud Sweatpants,4,280.8,United Kingdom,3PL_International,Passport_Global,product_launch,20.35,3.2,9,False,False,none
ORD001845,2025-02-03,Signature Hoodie,3,267.0,United States,3PL_Central,Carrier_B,none,8.65,5.2,5,True,False,none
ORD001846,2025-04-26,Lounge Set,4,511.2,Canada,3PL_International,Passport_Global,influencer_drop,21.67,5.7,9,False,False,none
ORD001847,2025-03-05,Lounge Set,2,284.0,United States,3PL_West,Carrier_A,none,5.51,3.4,5,False,False,none
ORD001848,2025-04-29,Signature Hoodie,2,178.0,Canada,3PL_International,Passport_Global,none,19.46,4.1,9,False,False,none
ORD001849,2025-03-18,Zip Hoodie,1,96.0,United States,3PL_East,Carrier_C,none,5.14,2.5,5,False,False,none
ORD001850,2025-05-23,Signature Hoodie,4,320.4,Australia,3PL_International,Passport_Global,influencer_drop,19.99,6.5,9,False,False,none
ORD001851,2025-02-16,Signature Hoodie,4,356.0,United States,3PL_Central,Carrier_C,none,7.86,2.6,5,False,False,none
ORD001852,2025-06-16,Zip Hoodie,1,96.0,United States,3PL_West,Carrier_A,none,6.21,5.2,5,True,False,none
ORD001853,2025-04-01,Zip Hoodie,1,96.0,United States,3PL_East,Carrier_A,none,6.48,6.1,5,True,False,none
ORD001854,2025-05-22,Lounge Set,1,113.6,United States,3PL_East,Carrier_A,email_drop,5.96,4.4,5,False,True,fit_issue
ORD001855,2025-06-08,Signature Hoodie,1,89.0,United States,3PL_East,Carrier_B,none,4.81,3.5,5,False,False,none
ORD001856,2025-06-30,Cloud Sweatpants,4,265.2,United States,3PL_East,Carrier_A,email_drop,9.26,2.3,5,False,False,none
ORD001857,2025-02-15,Signature Hoodie,1,89.0,United States,3PL_West,Carrier_B,none,5.79,5.3,5,True,False,none
ORD001858,2025-02-27,Signature Hoodie,2,151.3,United States,3PL_Central,Carrier_B,email_drop,4.55,4.1,5,False,False,none
ORD001859,2025-02-20,Signature Hoodie,3,226.95,United States,3PL_West,Carrier_A,email_drop,8.17,3.6,5,False,False,none
ORD001860,2025-02-22,Signature Hoodie,3,226.95,United States,3PL_West,Carrier_A,email_drop,7.85,4.7,5,False,False,none
ORD001861,2025-04-18,Signature Hoodie,1,71.2,United States,3PL_West,Carrier_C,influencer_drop,7.28,2.9,5,False,False,none
ORD001862,2025-06-29,Signature Hoodie,1,89.0,United States,3PL_West,Carrier_B,none,6.99,5.0,5,False,False,none
ORD001863,2025-06-29,Zip Hoodie,1,96.0,United States,3PL_West,Carrier_C,none,5.34,6.5,5,True,True,changed_mind
ORD001864,2025-04-06,Signature Hoodie,1,71.2,United States,3PL_Central,Carrier_C,email_drop,5.76,3.3,5,False,False,none
ORD001865,2025-04-29,Signature Hoodie,1,89.0,United States,3PL_East,Carrier_C,none,5.5,5.2,5,True,False,none
ORD001866,2025-06-09,Weighted Tee,1,54.0,United States,3PL_Central,Carrier_C,none,5.03,3.6,5,False,False,none
ORD001867,2025-06-20,Lounge Set,1,113.6,United States,3PL_East,Carrier_C,influencer_drop,4.31,2.2,5,False,False,none
ORD001868,2025-02-10,Signature Hoodie,4,356.0,United States,3PL_West,Carrier_B,none,8.32,5.1,5,True,False,none
ORD001869,2025-04-06,Signature Hoodie,1,89.0,United States,3PL_West,Carrier_B,none,5.04,3.2,5,False,False,none
ORD001870,2025-06-05,Signature Hoodie,1,75.65,United States,3PL_West,Carrier_A,product_launch,6.36,5.2,5,True,False,none
ORD001871,2025-03-02,Weighted Tee,3,162.0,United States,3PL_West,Carrier_D,none,9.67,6.1,5,True,False,none
ORD001872,2025-03-23,Signature Hoodie,2,178.0,United States,3PL_East,Carrier_C,none,6.1,5.3,5,True,False,none
ORD001873,2025-06-28,Signature Hoodie,1,89.0,United States,3PL_West,Carrier_C,none,4.81,3.5,5,False,False,none
ORD001874,2025-06-28,Zip Hoodie,1,96.0,United States,3PL_East,Carrier_B,none,5.75,3.3,5,False,False,none
ORD001875,2025-06-16,Zip Hoodie,1,76.8,United States,3PL_West,Carrier_B,email_drop,5.15,3.1,5,False,False,none
ORD001876,2025-05-31,Signature Hoodie,2,151.3,United States,3PL_Central,Carrier_A,influencer_drop,5.71,2.7,5,False,False,none
ORD001877,2025-02-23,Signature Hoodie,2,178.0,Germany,3PL_International,Passport_Global,none,18.21,4.2,9,False,False,none
ORD001878,2025-03-05,Cloud Sweatpants,1,78.0,United States,3PL_Central,Carrier_A,none,6.81,4.2,5,False,False,none
ORD001879,2025-04-11,Signature Hoodie,2,178.0,United States,3PL_East,Carrier_C,none,6.45,2.6,5,False,False,none
ORD001880,2025-04-13,Signature Hoodie,3,267.0,United Kingdom,3PL_International,Passport_Global,none,20.98,4.3,9,False,False,none
ORD001881,2025-04-02,Lounge Set,4,454.4,United States,3PL_East,Carrier_B,email_drop,7.44,4.4,5,False,False,none
ORD001882,2025-04-28,Zip Hoodie,2,192.0,United States,3PL_Central,Carrier_A,none,7.5,4.3,5,False,False,none
ORD001883,2025-03-18,Zip Hoodie,1,96.0,United States,3PL_West,Carrier_C,none,6.02,4.0,5,False,False,none
ORD001884,2025-05-21,Zip Hoodie,1,86.4,United States,3PL_Central,Carrier_C,influencer_drop,6.11,3.6,5,False,False,none
ORD001885,2025-03-07,Cloud Sweatpants,1,70.2,United States,3PL_West,Carrier_C,influencer_drop,4.12,4.0,5,False,False,none
ORD001886,2025-03-06,Signature Hoodie,1,89.0,United States,3PL_East,Carrier_B,none,5.43,3.8,5,False,False,none
ORD001887,2025-01-26,Zip Hoodie,2,153.6,United States,3PL_East,Carrier_B,email_drop,5.9,5.4,5,True,False,none
ORD001888,2025-02-07,Signature Hoodie,1,89.0,Australia,3PL_International,Passport_Global,none,16.86,4.4,9,False,False,none
ORD001889,2025-06-08,Signature Hoodie,1,89.0,United States,3PL_East,Carrier_A,none,3.9,2.4,5,False,False,none
ORD001890,2025-03-24,Signature Hoodie,3,267.0,United States,3PL_West,Carrier_B,none,6.84,2.2,5,False,False,none
ORD001891,2025-02-15,Zip Hoodie,1,81.6,United States,3PL_Central,Carrier_B,email_drop,4.48,4.5,5,False,True,changed_mind
ORD001892,2025-05-23,Cloud Sweatpants,3,210.6,United States,3PL_East,Carrier_C,product_launch,8.33,4.0,5,False,True,fit_issue
ORD001893,2025-04-12,Cloud Sweatpants,1,78.0,United Kingdom,3PL_International,Passport_Global,none,17.31,6.5,9,False,False,none
ORD001894,2025-01-05,Cloud Sweatpants,1,78.0,United States,3PL_West,Carrier_A,none,5.28,5.1,5,True,False,none
ORD001895,2025-03-04,Lounge Set,1,120.7,United States,3PL_East,Carrier_B,email_drop,6.36,5.3,5,True,False,none
ORD001896,2025-02-05,Signature Hoodie,2,178.0,United States,3PL_East,Carrier_B,none,6.61,3.6,5,False,True,quality_issue
ORD001897,2025-05-02,Cloud Sweatpants,1,78.0,United States,3PL_West,Carrier_C,none,4.83,5.2,5,True,False,none
ORD001898,2025-02-25,Zip Hoodie,1,96.0,Canada,3PL_International,Passport_Global,none,17.96,3.8,9,False,False,none
ORD001899,2025-01-13,Zip Hoodie,3,230.4,United States,3PL_East,Carrier_A,holiday_sale,7.07,3.2,5,False,False,none
ORD001900,2025-01-11,Cloud Sweatpants,4,265.2,United States,3PL_East,Carrier_B,influencer_drop,7.45,4.5,5,False,False,none
ORD001901,2025-04-17,Signature Hoodie,2,142.4,United States,3PL_East,Carrier_B,product_launch,6.85,2.7,5,False,False,none
ORD001902,2025-01-05,Weighted Tee,4,216.0,Canada,3PL_International,Passport_Global,none,21.77,4.1,9,False,False,none
ORD001903,2025-06-08,Cloud Sweatpants,3,234.0,United States,3PL_East,Carrier_D,none,9.34,2.4,5,False,False,none
ORD001904,2025-02-01,Lounge Set,3,426.0,United States,3PL_West,Carrier_B,none,7.6,5.1,5,True,False,none
ORD001905,2025-04-22,Lounge Set,4,568.0,United Kingdom,3PL_International,Passport_Global,none,20.91,4.3,9,False,False,none
ORD001906,2025-03-23,Lounge Set,1,142.0,United States,3PL_West,Carrier_A,none,6.64,2.7,5,False,False,none
ORD001907,2025-03-23,Signature Hoodie,1,80.1,United States,3PL_East,Carrier_D,influencer_drop,7.44,3.2,5,False,False,none
ORD001908,2025-01-15,Cloud Sweatpants,2,132.6,Canada,3PL_International,Passport_Global,email_drop,18.85,6.2,9,False,False,none
ORD001909,2025-06-01,Signature Hoodie,2,160.2,United States,3PL_West,Carrier_A,email_drop,7.32,3.4,5,False,False,none
ORD001910,2025-06-14,Signature Hoodie,4,356.0,United States,3PL_West,Carrier_C,none,9.7,3.4,5,False,False,none
ORD001911,2025-01-03,Signature Hoodie,1,89.0,United States,3PL_Central,Carrier_B,none,5.76,4.2,5,False,False,none
ORD001912,2025-02-05,Cloud Sweatpants,1,78.0,United Kingdom,3PL_International,Passport_Global,none,18.57,4.7,9,False,False,none
ORD001913,2025-06-16,Cloud Sweatpants,1,78.0,United States,3PL_West,Carrier_A,none,5.84,4.9,5,False,False,none
ORD001914,2025-04-11,Zip Hoodie,2,192.0,United States,3PL_West,Carrier_B,none,6.59,4.7,5,False,True,late_delivery
ORD001915,2025-01-31,Signature Hoodie,4,356.0,United States,3PL_West,Carrier_B,none,9.64,4.5,5,False,False,none
ORD001916,2025-02-10,Signature Hoodie,4,284.8,United States,3PL_West,Carrier_A,product_launch,8.1,4.3,5,False,False,none
ORD001917,2025-05-03,Signature Hoodie,3,267.0,United States,3PL_East,Carrier_C,none,6.94,4.6,5,False,True,quality_issue
ORD001918,2025-05-16,Zip Hoodie,3,288.0,United Kingdom,3PL_International,Passport_Global,none,20.5,5.0,9,False,False,none
ORD001919,2025-04-21,Signature Hoodie,1,89.0,United States,3PL_Central,Carrier_B,none,4.86,2.5,5,False,False,none
ORD001920,2025-06-23,Zip Hoodie,2,163.2,United Kingdom,3PL_International,Passport_Global,email_drop,19.61,4.8,9,False,False,none
ORD001921,2025-03-31,Signature Hoodie,1,89.0,United States,3PL_East,Carrier_D,none,7.4,1.9,5,False,False,none
ORD001922,2025-03-01,Cloud Sweatpants,2,156.0,United States,3PL_East,Carrier_C,none,8.21,4.4,5,False,False,none
ORD001923,2025-03-28,Zip Hoodie,1,96.0,United States,3PL_East,Carrier_A,none,4.61,1.7,5,False,False,none
ORD001924,2025-03-10,Cloud Sweatpants,4,312.0,United States,3PL_West,Carrier_D,none,11.4,2.7,5,False,False,none
ORD001925,2025-02-15,Zip Hoodie,1,96.0,United States,3PL_East,Carrier_A,none,5.0,4.9,5,False,False,none
ORD001926,2025-01-10,Lounge Set,1,142.0,United States,3PL_West,Carrier_B,none,5.63,4.8,5,False,False,none
ORD001927,2025-03-09,Signature Hoodie,1,89.0,United States,3PL_Central,Carrier_D,none,7.78,3.2,5,False,False,none
ORD001928,2025-05-13,Signature Hoodie,4,284.8,United States,3PL_East,Carrier_A,influencer_drop,9.17,2.8,5,False,False,none
ORD001929,2025-01-04,Weighted Tee,4,216.0,United States,3PL_West,Carrier_A,none,9.26,4.1,5,False,False,none
ORD001930,2025-03-23,Lounge Set,2,284.0,United States,3PL_West,Carrier_C,none,6.89,3.6,5,False,False,none
ORD001931,2025-04-30,Zip Hoodie,4,384.0,Germany,3PL_International,Passport_Global,none,21.06,6.0,9,False,False,none
ORD001932,2025-04-23,Signature Hoodie,3,240.3,United States,3PL_East,Carrier_A,email_drop,8.39,3.8,5,False,False,none
ORD001933,2025-05-26,Signature Hoodie,3,267.0,United States,3PL_Central,Carrier_A,none,8.43,1.7,5,False,False,none
ORD001934,2025-06-02,Lounge Set,4,568.0,United States,3PL_East,Carrier_C,none,8.58,1.5,5,False,False,none
ORD001935,2025-05-13,Zip Hoodie,1,96.0,United States,3PL_East,Carrier_B,none,4.77,2.3,5,False,False,none
ORD001936,2025-01-21,Signature Hoodie,2,142.4,United States,3PL_East,Carrier_B,product_launch,6.77,4.4,5,False,False,none
ORD001937,2025-03-28,Signature Hoodie,1,89.0,Germany,3PL_International,Passport_Global,none,17.97,3.9,9,False,False,none
ORD001938,2025-04-22,Lounge Set,1,127.8,United Kingdom,3PL_International,Passport_Global,holiday_sale,16.52,4.2,9,False,False,none
ORD001939,2025-02-19,Cloud Sweatpants,2,132.6,United States,3PL_West,Carrier_B,holiday_sale,6.73,5.6,5,True,False,none
ORD001940,2025-01-09,Weighted Tee,1,54.0,United States,3PL_West,Carrier_B,none,4.76,1.9,5,False,False,none
ORD001941,2025-02-14,Cloud Sweatpants,1,78.0,United States,3PL_West,Carrier_C,none,3.87,3.3,5,False,False,none
ORD001942,2025-03-25,Signature Hoodie,3,267.0,Australia,3PL_International,Passport_Global,none,20.42,6.0,9,False,False,none
ORD001943,2025-03-19,Signature Hoodie,1,71.2,United States,3PL_East,Carrier_D,product_launch,6.23,5.6,5,True,True,changed_mind
ORD001944,2025-02-05,Cloud Sweatpants,2,156.0,United States,3PL_West,Carrier_A,none,7.58,3.6,5,False,False,none
ORD001945,2025-06-04,Signature Hoodie,3,267.0,Australia,3PL_International,Passport_Global,none,20.73,6.1,9,False,False,none
ORD001946,2025-06-19,Signature Hoodie,1,89.0,United States,3PL_East,Carrier_D,none,7.4,3.5,5,False,True,fit_issue
ORD001947,2025-02-10,Signature Hoodie,2,142.4,United States,3PL_East,Carrier_A,holiday_sale,7.66,4.6,5,False,False,none
ORD001948,2025-06-20,Signature Hoodie,4,356.0,United States,3PL_West,Carrier_A,none,9.62,4.7,5,False,False,none
ORD001949,2025-01-04,Lounge Set,3,426.0,United States,3PL_East,Carrier_A,none,6.99,4.0,5,False,True,fit_issue
ORD001950,2025-06-19,Signature Hoodie,4,356.0,United States,3PL_West,Carrier_B,none,9.66,5.1,5,True,False,none
ORD001951,2025-06-23,Cloud Sweatpants,2,156.0,United States,3PL_East,Carrier_B,none,6.0,2.9,5,False,False,none
ORD001952,2025-01-03,Zip Hoodie,4,345.6,United States,3PL_East,Carrier_A,holiday_sale,9.59,4.1,5,False,False,none
ORD001953,2025-05-24,Signature Hoodie,1,80.1,United States,3PL_East,Carrier_A,influencer_drop,5.06,3.1,5,False,False,none
ORD001954,2025-06-26,Cloud Sweatpants,2,156.0,United States,3PL_West,Carrier_B,none,5.54,3.8,5,False,False,none
ORD001955,2025-06-16,Lounge Set,2,284.0,United States,3PL_Central,Carrier_A,none,6.89,5.5,5,True,False,none
ORD001956,2025-06-26,Cloud Sweatpants,4,249.6,United States,3PL_East,Carrier_C,influencer_drop,8.46,4.5,5,False,False,none
ORD001957,2025-04-11,Cloud Sweatpants,1,78.0,United States,3PL_West,Carrier_A,none,6.26,2.6,5,False,False,none
ORD001958,2025-01-16,Lounge Set,4,568.0,United States,3PL_West,Carrier_A,none,9.9,2.5,5,False,False,none
ORD001959,2025-06-08,Weighted Tee,2,108.0,United States,3PL_East,Carrier_A,none,5.17,5.5,5,True,False,none
ORD001960,2025-04-24,Lounge Set,1,113.6,United States,3PL_East,Carrier_A,email_drop,5.4,3.3,5,False,False,none
ORD001961,2025-04-24,Cloud Sweatpants,2,140.4,United States,3PL_East,Carrier_A,product_launch,7.07,4.9,5,False,False,none
ORD001962,2025-03-19,Zip Hoodie,4,307.2,United States,3PL_West,Carrier_A,email_drop,8.95,4.0,5,False,False,none
ORD001963,2025-04-15,Cloud Sweatpants,2,156.0,Canada,3PL_International,Passport_Global,none,19.07,4.4,9,False,False,none
ORD001964,2025-01-31,Signature Hoodie,2,151.3,United States,3PL_Central,Carrier_B,email_drop,6.77,2.6,5,False,False,none
ORD001965,2025-05-19,Cloud Sweatpants,4,312.0,United States,3PL_West,Carrier_B,none,7.57,4.9,5,False,False,none
ORD001966,2025-01-16,Lounge Set,4,454.4,United States,3PL_East,Carrier_B,holiday_sale,10.13,4.1,5,False,False,none
ORD001967,2025-05-17,Signature Hoodie,1,89.0,United States,3PL_Central,Carrier_D,none,7.73,6.1,5,True,False,none
ORD001968,2025-06-08,Lounge Set,3,426.0,United States,3PL_East,Carrier_C,none,7.18,3.1,5,False,False,none
ORD001969,2025-03-28,Weighted Tee,2,108.0,United States,3PL_West,Carrier_A,none,5.95,4.7,5,False,False,none
ORD001970,2025-04-03,Signature Hoodie,2,178.0,United States,3PL_East,Carrier_B,none,7.24,7.2,5,True,False,none
ORD001971,2025-03-03,Signature Hoodie,3,267.0,United States,3PL_West,Carrier_C,none,7.91,4.8,5,False,False,none
ORD001972,2025-06-26,Weighted Tee,1,54.0,United States,3PL_East,Carrier_B,none,5.69,3.4,5,False,False,none
ORD001973,2025-05-18,Signature Hoodie,1,75.65,Australia,3PL_International,Passport_Global,influencer_drop,18.24,4.5,9,False,False,none
ORD001974,2025-03-12,Lounge Set,1,113.6,United States,3PL_East,Carrier_C,influencer_drop,5.58,2.6,5,False,False,none
ORD001975,2025-02-05,Signature Hoodie,3,267.0,United States,3PL_West,Carrier_A,none,6.2,5.3,5,True,False,none
ORD001976,2025-02-14,Signature Hoodie,1,89.0,United States,3PL_Central,Carrier_B,none,5.07,3.5,5,False,False,none
ORD001977,2025-03-26,Signature Hoodie,2,178.0,United States,3PL_East,Carrier_C,none,7.0,3.4,5,False,False,none
ORD001978,2025-06-22,Signature Hoodie,2,178.0,United States,3PL_Central,Carrier_D,none,8.87,2.7,5,False,False,none
ORD001979,2025-05-18,Lounge Set,2,284.0,United States,3PL_West,Carrier_D,none,7.97,4.4,5,False,False,none
ORD001980,2025-02-13,Signature Hoodie,4,320.4,United States,3PL_West,Carrier_D,holiday_sale,10.62,4.2,5,False,False,none
ORD001981,2025-06-09,Signature Hoodie,4,284.8,United States,3PL_West,Carrier_B,product_launch,9.78,5.8,5,True,False,none
ORD001982,2025-03-13,Zip Hoodie,1,96.0,United Kingdom,3PL_International,Passport_Global,none,18.92,4.4,9,False,False,none
ORD001983,2025-06-08,Weighted Tee,3,137.7,United States,3PL_Central,Carrier_A,influencer_drop,7.96,5.1,5,True,False,none
ORD001984,2025-02-18,Cloud Sweatpants,1,66.3,United States,3PL_East,Carrier_B,email_drop,6.11,1.9,5,False,False,none
ORD001985,2025-04-25,Lounge Set,2,284.0,United States,3PL_West,Carrier_C,none,6.83,4.9,5,False,False,none
ORD001986,2025-06-20,Signature Hoodie,2,160.2,United States,3PL_Central,Carrier_A,email_drop,7.11,1.9,5,False,False,none
ORD001987,2025-02-21,Lounge Set,1,142.0,United States,3PL_West,Carrier_A,none,5.39,4.9,5,False,False,none
ORD001988,2025-05-10,Zip Hoodie,1,96.0,United States,3PL_Central,Carrier_D,none,6.72,1.0,5,False,False,none
ORD001989,2025-06-29,Lounge Set,4,454.4,Australia,3PL_International,Passport_Global,product_launch,22.73,6.1,9,False,False,none
ORD001990,2025-01-31,Zip Hoodie,1,86.4,United States,3PL_East,Carrier_A,email_drop,6.84,4.1,5,False,False,none
ORD001991,2025-01-18,Weighted Tee,1,54.0,United States,3PL_Central,Carrier_D,none,7.22,3.2,5,False,False,none
ORD001992,2025-05-06,Cloud Sweatpants,1,78.0,Germany,3PL_International,Passport_Global,none,18.12,5.6,9,False,False,none
ORD001993,2025-03-07,Zip Hoodie,1,81.6,United States,3PL_East,Carrier_C,product_launch,5.54,5.5,5,True,False,none
ORD001994,2025-01-15,Zip Hoodie,2,192.0,United States,3PL_East,Carrier_A,none,6.59,4.1,5,False,False,none
ORD001995,2025-03-28,Signature Hoodie,3,240.3,United States,3PL_East,Carrier_A,holiday_sale,7.78,2.5,5,False,False,none
ORD001996,2025-05-22,Weighted Tee,2,86.4,Canada,3PL_International,Passport_Global,holiday_sale,19.89,6.3,9,False,True,changed_mind
ORD001997,2025-02-27,Lounge Set,1,142.0,United States,3PL_West,Carrier_A,none,4.55,5.9,5,True,True,changed_mind
ORD001998,2025-03-07,Lounge Set,4,511.2,United States,3PL_Central,Carrier_B,email_drop,8.36,4.1,5,False,False,none
ORD001999,2025-06-07,Signature Hoodie,1,71.2,United States,3PL_East,Carrier_C,email_drop,6.15,2.3,5,False,True,quality_issue
ORD002000,2025-04-05,Lounge Set,1,113.6,United States,3PL_East,Carrier_B,influencer_drop,5.55,2.6,5,False,False,none
ORD002001,2025-06-07,Signature Hoodie,2,178.0,United Kingdom,3PL_International,Passport_Global,none,19.99,5.4,9,False,False,none
ORD002002,2025-03-24,Weighted Tee,1,54.0,United States,3PL_West,Carrier_A,none,5.49,5.3,5,True,False,none
ORD002003,2025-06-23,Signature Hoodie,1,89.0,United States,3PL_Central,Carrier_C,none,5.72,4.4,5,False,False,none
ORD002004,2025-05-01,Zip Hoodie,3,288.0,United States,3PL_Central,Carrier_A,none,7.57,2.3,5,False,False,none
ORD002005,2025-01-24,Signature Hoodie,2,151.3,United States,3PL_East,Carrier_A,influencer_drop,7.66,3.6,5,False,False,none
ORD002006,2025-06-13,Zip Hoodie,4,345.6,Canada,3PL_International,Passport_Global,influencer_drop,21.98,3.9,9,False,False,none
ORD002007,2025-03-30,Signature Hoodie,3,267.0,United States,3PL_West,Carrier_D,none,8.63,3.4,5,False,False,none
ORD002008,2025-01-29,Lounge Set,1,142.0,United States,3PL_Central,Carrier_A,none,5.93,3.8,5,False,False,none
ORD002009,2025-01-31,Lounge Set,3,426.0,United States,3PL_West,Carrier_A,none,8.56,3.3,5,False,False,none
ORD002010,2025-05-09,Signature Hoodie,4,320.4,United Kingdom,3PL_International,Passport_Global,influencer_drop,21.26,5.1,9,False,False,none
ORD002011,2025-01-10,Lounge Set,2,284.0,United States,3PL_West,Carrier_B,none,7.14,3.1,5,False,False,none
ORD002012,2025-02-27,Zip Hoodie,3,259.2,United States,3PL_East,Carrier_D,influencer_drop,10.58,4.2,5,False,False,none
ORD002013,2025-01-29,Cloud Sweatpants,2,156.0,United States,3PL_West,Carrier_B,none,6.51,2.3,5,False,True,changed_mind
ORD002014,2025-03-23,Signature Hoodie,4,356.0,United States,3PL_West,Carrier_A,none,9.16,2.8,5,False,False,none
ORD002015,2025-03-19,Signature Hoodie,1,75.65,United Kingdom,3PL_International,Passport_Global,holiday_sale,17.45,4.5,9,False,False,none
ORD002016,2025-04-05,Signature Hoodie,1,89.0,United States,3PL_East,Carrier_A,none,5.86,4.1,5,False,False,none
ORD002017,2025-02-26,Cloud Sweatpants,1,78.0,United States,3PL_Central,Carrier_B,none,4.68,5.1,5,True,False,none
ORD002018,2025-01-07,Cloud Sweatpants,1,66.3,United States,3PL_East,Carrier_B,email_drop,5.97,4.4,5,False,False,none
ORD002019,2025-04-24,Cloud Sweatpants,2,156.0,United States,3PL_West,Carrier_D,none,9.62,2.9,5,False,False,none
ORD002020,2025-03-13,Weighted Tee,1,48.6,United States,3PL_Central,Carrier_A,product_launch,4.73,4.0,5,False,False,none
ORD002021,2025-05-01,Signature Hoodie,1,71.2,United States,3PL_East,Carrier_B,holiday_sale,6.51,3.9,5,False,False,none
ORD002022,2025-01-22,Lounge Set,3,362.1,United States,3PL_West,Carrier_A,email_drop,7.73,5.5,5,True,False,none
ORD002023,2025-01-03,Lounge Set,1,142.0,United States,3PL_West,Carrier_D,none,6.74,4.0,5,False,False,none
ORD002024,2025-02-19,Zip Hoodie,4,384.0,United States,3PL_Central,Carrier_A,none,8.74,2.4,5,False,False,none
ORD002025,2025-03-25,Cloud Sweatpants,1,62.4,United States,3PL_East,Carrier_A,holiday_sale,5.49,5.2,5,True,False,none
ORD002026,2025-03-16,Signature Hoodie,2,178.0,United Kingdom,3PL_International,Passport_Global,none,18.7,4.1,9,False,False,none
ORD002027,2025-06-02,Lounge Set,1,113.6,United States,3PL_Central,Carrier_C,product_launch,6.37,4.5,5,False,False,none
ORD002028,2025-03-13,Zip Hoodie,1,81.6,United States,3PL_West,Carrier_A,email_drop,5.24,3.8,5,False,False,none
ORD002029,2025-04-07,Lounge Set,3,426.0,Canada,3PL_International,Passport_Global,none,20.42,4.1,9,False,False,none
ORD002030,2025-04-20,Signature Hoodie,1,89.0,Canada,3PL_International,Passport_Global,none,19.56,7.1,9,False,False,none
ORD002031,2025-01-05,Cloud Sweatpants,4,280.8,Canada,3PL_International,Passport_Global,email_drop,21.18,3.8,9,False,False,none
ORD002032,2025-04-04,Cloud Sweatpants,2,156.0,Canada,3PL_International,Passport_Global,none,18.62,5.4,9,False,False,none
ORD002033,2025-03-08,Zip Hoodie,2,192.0,United States,3PL_East,Carrier_A,none,6.31,1.9,5,False,False,none
ORD002034,2025-03-20,Zip Hoodie,4,307.2,United States,3PL_East,Carrier_B,email_drop,9.8,2.7,5,False,False,none
ORD002035,2025-01-21,Signature Hoodie,1,89.0,Canada,3PL_International,Passport_Global,none,17.78,4.3,9,False,False,none
ORD002036,2025-05-28,Signature Hoodie,1,89.0,United States,3PL_West,Carrier_B,none,5.67,4.6,5,False,False,none
ORD002037,2025-06-22,Signature Hoodie,1,75.65,United States,3PL_West,Carrier_A,email_drop,4.9,3.1,5,False,False,none
ORD002038,2025-01-05,Signature Hoodie,2,151.3,United States,3PL_West,Carrier_A,influencer_drop,6.37,5.0,5,False,True,changed_mind
ORD002039,2025-04-21,Signature Hoodie,3,267.0,United States,3PL_East,Carrier_C,none,8.53,4.8,5,False,True,quality_issue
ORD002040,2025-05-24,Signature Hoodie,2,151.3,United States,3PL_East,Carrier_B,product_launch,5.44,4.5,5,False,False,none
ORD002041,2025-02-27,Signature Hoodie,1,71.2,United States,3PL_East,Carrier_A,product_launch,4.03,3.9,5,False,False,none
ORD002042,2025-05-29,Zip Hoodie,4,384.0,United States,3PL_West,Carrier_A,none,8.5,2.8,5,False,False,none
ORD002043,2025-04-27,Lounge Set,2,284.0,United States,3PL_East,Carrier_C,none,6.28,1.0,5,False,False,none
ORD002044,2025-06-20,Signature Hoodie,3,240.3,United States,3PL_West,Carrier_D,influencer_drop,9.33,4.9,5,False,False,none
ORD002045,2025-06-28,Signature Hoodie,2,178.0,United States,3PL_East,Carrier_C,none,6.4,4.3,5,False,False,none
ORD002046,2025-01-09,Zip Hoodie,1,81.6,United Kingdom,3PL_International,Passport_Global,holiday_sale,17.85,4.6,9,False,False,none
ORD002047,2025-03-23,Cloud Sweatpants,4,312.0,United States,3PL_West,Carrier_D,none,10.36,2.4,5,False,False,none
ORD002048,2025-04-10,Signature Hoodie,2,178.0,United States,3PL_East,Carrier_C,none,7.68,3.6,5,False,False,none
ORD002049,2025-01-30,Cloud Sweatpants,1,78.0,United States,3PL_East,Carrier_B,none,6.1,3.6,5,False,False,none
ORD002050,2025-03-07,Weighted Tee,3,162.0,United States,3PL_East,Carrier_B,none,7.65,3.9,5,False,False,none
ORD002051,2025-06-29,Signature Hoodie,1,75.65,United States,3PL_East,Carrier_D,product_launch,7.97,5.5,5,True,False,none
ORD002052,2025-01-04,Weighted Tee,4,216.0,United States,3PL_West,Carrier_A,none,6.82,2.3,5,False,False,none
ORD002053,2025-03-25,Signature Hoodie,2,142.4,United Kingdom,3PL_International,Passport_Global,product_launch,19.26,5.2,9,False,False,none
ORD002054,2025-06-07,Signature Hoodie,2,178.0,United States,3PL_East,Carrier_C,none,7.28,3.4,5,False,False,none
ORD002055,2025-03-05,Signature Hoodie,1,75.65,United States,3PL_Central,Carrier_A,influencer_drop,4.99,3.5,5,False,True,changed_mind
ORD002056,2025-03-29,Lounge Set,1,120.7,United States,3PL_East,Carrier_C,holiday_sale,5.87,3.7,5,False,False,none
ORD002057,2025-06-27,Cloud Sweatpants,3,234.0,Australia,3PL_International,Passport_Global,none,19.64,4.9,9,False,False,none
ORD002058,2025-03-28,Cloud Sweatpants,2,156.0,Canada,3PL_International,Passport_Global,none,19.26,3.6,9,False,False,none
ORD002059,2025-01-27,Weighted Tee,1,45.9,United States,3PL_East,Carrier_C,influencer_drop,4.4,3.6,5,False,False,none
ORD002060,2025-01-11,Cloud Sweatpants,2,132.6,Germany,3PL_International,Passport_Global,holiday_sale,19.71,5.1,9,False,False,none
ORD002061,2025-06-22,Signature Hoodie,3,267.0,United States,3PL_East,Carrier_D,none,9.55,3.1,5,False,False,none
ORD002062,2025-02-23,Zip Hoodie,1,96.0,United States,3PL_East,Carrier_A,none,5.63,6.4,5,True,False,none
ORD002063,2025-04-02,Signature Hoodie,2,142.4,United States,3PL_West,Carrier_A,influencer_drop,6.54,3.8,5,False,False,none
ORD002064,2025-01-19,Cloud Sweatpants,4,312.0,Canada,3PL_International,Passport_Global,none,22.16,3.8,9,False,False,none
ORD002065,2025-03-20,Lounge Set,2,241.4,United States,3PL_Central,Carrier_C,email_drop,6.79,2.7,5,False,False,none
ORD002066,2025-06-20,Cloud Sweatpants,1,78.0,United States,3PL_West,Carrier_C,none,6.2,4.5,5,False,False,none
ORD002067,2025-04-01,Signature Hoodie,4,356.0,United States,3PL_East,Carrier_B,none,8.46,2.6,5,False,False,none
ORD002068,2025-06-26,Cloud Sweatpants,4,280.8,United States,3PL_West,Carrier_C,influencer_drop,9.34,4.3,5,False,False,none
ORD002069,2025-02-22,Signature Hoodie,2,178.0,Canada,3PL_International,Passport_Global,none,20.25,3.5,9,False,False,none
ORD002070,2025-04-02,Signature Hoodie,1,75.65,United States,3PL_East,Carrier_C,product_launch,6.74,4.9,5,False,True,changed_mind
ORD002071,2025-06-09,Cloud Sweatpants,3,234.0,United States,3PL_East,Carrier_A,none,5.69,4.0,5,False,False,none
ORD002072,2025-03-24,Signature Hoodie,1,89.0,United States,3PL_West,Carrier_D,none,7.37,5.0,5,False,False,none
ORD002073,2025-02-26,Signature Hoodie,1,89.0,United States,3PL_West,Carrier_D,none,6.06,3.7,5,False,False,none
ORD002074,2025-06-09,Cloud Sweatpants,2,156.0,United States,3PL_East,Carrier_D,none,8.08,2.9,5,False,False,none
ORD002075,2025-03-15,Cloud Sweatpants,2,132.6,United States,3PL_West,Carrier_B,influencer_drop,6.15,3.0,5,False,False,none
ORD002076,2025-04-07,Cloud Sweatpants,2,140.4,United States,3PL_East,Carrier_D,email_drop,8.87,3.7,5,False,False,none
ORD002077,2025-06-27,Weighted Tee,1,48.6,United States,3PL_West,Carrier_A,influencer_drop,5.33,4.5,5,False,False,none
ORD002078,2025-02-07,Signature Hoodie,4,356.0,United States,3PL_West,Carrier_A,none,8.3,4.0,5,False,False,none
ORD002079,2025-03-02,Signature Hoodie,2,178.0,Australia,3PL_International,Passport_Global,none,19.41,2.8,9,False,False,none
ORD002080,2025-01-07,Lounge Set,2,284.0,United States,3PL_East,Carrier_D,none,7.56,4.3,5,False,False,none
ORD002081,2025-03-15,Signature Hoodie,4,284.8,United States,3PL_West,Carrier_D,influencer_drop,10.07,2.5,5,False,False,none
ORD002082,2025-02-10,Lounge Set,1,142.0,United Kingdom,3PL_International,Passport_Global,none,17.53,4.2,9,False,False,none
ORD002083,2025-05-07,Zip Hoodie,2,192.0,United States,3PL_Central,Carrier_C,none,6.43,4.8,5,False,False,none
ORD002084,2025-02-06,Cloud Sweatpants,4,312.0,United States,3PL_Central,Carrier_B,none,9.03,2.8,5,False,False,none
ORD002085,2025-05-06,Signature Hoodie,2,178.0,United States,3PL_West,Carrier_A,none,6.74,2.8,5,False,True,fit_issue
ORD002086,2025-02-22,Signature Hoodie,2,160.2,United States,3PL_West,Carrier_C,email_drop,6.09,4.1,5,False,False,none
ORD002087,2025-03-10,Lounge Set,1,142.0,United States,3PL_Central,Carrier_A,none,5.63,4.7,5,False,False,none
ORD002088,2025-03-09,Signature Hoodie,1,80.1,United Kingdom,3PL_International,Passport_Global,product_launch,17.9,4.3,9,False,False,none
ORD002089,2025-05-14,Zip Hoodie,2,192.0,United States,3PL_West,Carrier_A,none,6.59,1.5,5,False,False,none
ORD002090,2025-03-27,Lounge Set,4,568.0,United States,3PL_East,Carrier_A,none,7.65,2.2,5,False,False,none
ORD002091,2025-03-11,Zip Hoodie,2,192.0,Canada,3PL_International,Passport_Global,none,19.34,4.7,9,False,False,none
ORD002092,2025-06-08,Signature Hoodie,1,71.2,United States,3PL_East,Carrier_B,influencer_drop,5.89,4.8,5,False,False,none
ORD002093,2025-04-15,Zip Hoodie,2,192.0,United States,3PL_East,Carrier_C,none,7.17,2.5,5,False,False,none
ORD002094,2025-02-13,Zip Hoodie,1,96.0,United States,3PL_West,Carrier_C,none,5.54,1.8,5,False,False,none
ORD002095,2025-06-15,Signature Hoodie,4,284.8,United States,3PL_East,Carrier_A,influencer_drop,9.72,4.3,5,False,False,none
ORD002096,2025-03-08,Lounge Set,2,284.0,United States,3PL_East,Carrier_C,none,6.95,3.0,5,False,False,none
ORD002097,2025-01-08,Signature Hoodie,1,89.0,United States,3PL_West,Carrier_A,none,5.08,2.2,5,False,False,none
ORD002098,2025-03-31,Weighted Tee,2,108.0,United States,3PL_East,Carrier_C,none,6.51,3.8,5,False,False,none
ORD002099,2025-01-25,Signature Hoodie,2,178.0,United Kingdom,3PL_International,Passport_Global,none,18.5,4.0,9,False,False,none
ORD002100,2025-02-17,Signature Hoodie,2,151.3,Canada,3PL_International,Passport_Global,holiday_sale,18.17,6.8,9,False,False,none
ORD002101,2025-05-20,Zip Hoodie,2,163.2,United States,3PL_West,Carrier_B,email_drop,7.12,4.0,5,False,False,none
ORD002102,2025-01-27,Signature Hoodie,4,284.8,United States,3PL_East,Carrier_D,influencer_drop,10.46,2.3,5,False,False,none
ORD002103,2025-06-01,Signature Hoodie,3,240.3,United States,3PL_West,Carrier_A,holiday_sale,8.26,2.9,5,False,False,none
ORD002104,2025-06-21,Signature Hoodie,1,71.2,United States,3PL_East,Carrier_D,influencer_drop,8.7,4.9,5,False,False,none
ORD002105,2025-04-22,Lounge Set,1,142.0,United States,3PL_West,Carrier_B,none,6.24,3.5,5,False,False,none
ORD002106,2025-05-13,Signature Hoodie,4,356.0,United States,3PL_East,Carrier_A,none,8.09,6.0,5,True,False,none
ORD002107,2025-05-14,Zip Hoodie,2,192.0,United States,3PL_West,Carrier_C,none,6.11,4.3,5,False,False,none
ORD002108,2025-06-29,Cloud Sweatpants,1,70.2,United States,3PL_East,Carrier_C,product_launch,5.87,5.3,5,True,False,none
ORD002109,2025-03-08,Cloud Sweatpants,2,140.4,United States,3PL_Central,Carrier_B,product_launch,6.89,2.4,5,False,False,none
ORD002110,2025-02-02,Signature Hoodie,1,71.2,Australia,3PL_International,Passport_Global,influencer_drop,18.87,4.7,9,False,False,none
ORD002111,2025-04-05,Signature Hoodie,1,89.0,United States,3PL_East,Carrier_C,none,5.12,4.7,5,False,False,none
ORD002112,2025-04-07,Weighted Tee,1,54.0,United States,3PL_East,Carrier_C,none,4.4,3.1,5,False,False,none
ORD002113,2025-02-05,Lounge Set,1,120.7,United States,3PL_West,Carrier_C,holiday_sale,4.67,5.2,5,True,False,none
ORD002114,2025-04-24,Weighted Tee,1,54.0,United States,3PL_Central,Carrier_C,none,6.36,3.8,5,False,False,none
ORD002115,2025-01-03,Zip Hoodie,3,288.0,United States,3PL_East,Carrier_B,none,7.84,3.3,5,False,False,none
ORD002116,2025-06-20,Lounge Set,2,284.0,United States,3PL_East,Carrier_B,none,7.23,3.1,5,False,False,none
ORD002117,2025-02-23,Weighted Tee,2,108.0,United States,3PL_East,Carrier_C,none,6.29,3.4,5,False,False,none
ORD002118,2025-01-09,Cloud Sweatpants,4,249.6,United States,3PL_West,Carrier_A,email_drop,8.27,2.5,5,False,False,none
ORD002119,2025-01-22,Lounge Set,3,340.8,United States,3PL_West,Carrier_B,product_launch,8.24,3.8,5,False,True,quality_issue
ORD002120,2025-02-18,Signature Hoodie,3,240.3,United States,3PL_Central,Carrier_A,influencer_drop,6.65,3.7,5,False,False,none
ORD002121,2025-02-24,Signature Hoodie,1,89.0,United States,3PL_Central,Carrier_C,none,5.8,2.0,5,False,False,none
ORD002122,2025-01-07,Cloud Sweatpants,3,234.0,United States,3PL_East,Carrier_A,none,9.01,4.5,5,False,False,none
ORD002123,2025-02-26,Cloud Sweatpants,4,249.6,United States,3PL_Central,Carrier_C,holiday_sale,7.05,4.9,5,False,False,none
ORD002124,2025-02-08,Cloud Sweatpants,1,78.0,United States,3PL_Central,Carrier_A,none,4.66,3.9,5,False,False,none
ORD002125,2025-03-13,Cloud Sweatpants,4,312.0,United States,3PL_West,Carrier_D,none,10.64,3.0,5,False,False,none
ORD002126,2025-03-14,Cloud Sweatpants,4,265.2,United States,3PL_East,Carrier_C,email_drop,8.49,2.5,5,False,False,none
ORD002127,2025-03-07,Lounge Set,3,426.0,Germany,3PL_International,Passport_Global,none,20.01,6.1,9,False,False,none
ORD002128,2025-03-06,Signature Hoodie,1,89.0,Germany,3PL_International,Passport_Global,none,19.58,4.1,9,False,False,none
ORD002129,2025-01-18,Signature Hoodie,1,71.2,United States,3PL_East,Carrier_B,holiday_sale,4.89,4.6,5,False,False,none
ORD002130,2025-01-05,Zip Hoodie,3,288.0,United States,3PL_East,Carrier_B,none,7.54,1.8,5,False,False,none
ORD002131,2025-02-10,Zip Hoodie,2,192.0,United States,3PL_West,Carrier_C,none,5.77,4.6,5,False,False,none
ORD002132,2025-05-23,Lounge Set,3,426.0,United States,3PL_West,Carrier_C,none,6.58,4.8,5,False,False,none
ORD002133,2025-06-29,Signature Hoodie,1,71.2,United States,3PL_East,Carrier_C,product_launch,5.76,4.0,5,False,False,none
ORD002134,2025-06-20,Signature Hoodie,1,71.2,United States,3PL_Central,Carrier_A,email_drop,4.11,3.6,5,False,False,none
ORD002135,2025-04-02,Weighted Tee,4,194.4,Germany,3PL_International,Passport_Global,email_drop,20.21,5.3,9,False,False,none
ORD002136,2025-04-07,Signature Hoodie,2,178.0,United States,3PL_East,Carrier_B,none,6.59,4.2,5,False,False,none
ORD002137,2025-03-04,Zip Hoodie,3,244.8,United States,3PL_East,Carrier_B,product_launch,8.17,6.8,5,True,False,none
ORD002138,2025-05-26,Signature Hoodie,4,302.6,United States,3PL_West,Carrier_C,holiday_sale,8.16,5.1,5,True,False,none
ORD002139,2025-05-24,Cloud Sweatpants,2,156.0,Canada,3PL_International,Passport_Global,none,18.36,4.8,9,False,False,none
ORD002140,2025-06-07,Lounge Set,1,142.0,United Kingdom,3PL_International,Passport_Global,none,16.49,4.5,9,False,False,none
ORD002141,2025-06-15,Cloud Sweatpants,4,280.8,United States,3PL_East,Carrier_B,email_drop,9.26,2.0,5,False,False,none
ORD002142,2025-03-22,Signature Hoodie,3,240.3,United States,3PL_East,Carrier_B,influencer_drop,7.73,3.9,5,False,True,fit_issue
ORD002143,2025-05-24,Zip Hoodie,2,153.6,United States,3PL_East,Carrier_D,influencer_drop,8.36,2.5,5,False,False,none
ORD002144,2025-06-01,Signature Hoodie,4,284.8,United States,3PL_East,Carrier_A,product_launch,7.8,5.0,5,False,False,none
ORD002145,2025-03-03,Signature Hoodie,1,71.2,United States,3PL_West,Carrier_A,email_drop,6.05,3.5,5,False,False,none
ORD002146,2025-06-20,Cloud Sweatpants,1,78.0,United States,3PL_East,Carrier_A,none,5.0,2.8,5,False,False,none
ORD002147,2025-01-19,Cloud Sweatpants,1,78.0,United States,3PL_West,Carrier_A,none,6.11,2.1,5,False,False,none
ORD002148,2025-06-30,Zip Hoodie,1,86.4,United States,3PL_West,Carrier_B,influencer_drop,4.88,4.8,5,False,False,none
ORD002149,2025-05-25,Cloud Sweatpants,2,156.0,United States,3PL_Central,Carrier_C,none,6.81,3.5,5,False,False,none
ORD002150,2025-01-19,Cloud Sweatpants,2,156.0,United States,3PL_West,Carrier_C,none,5.95,3.4,5,False,False,none
ORD002151,2025-05-02,Signature Hoodie,1,80.1,United States,3PL_East,Carrier_D,email_drop,7.97,3.3,5,False,False,none
ORD002152,2025-01-07,Lounge Set,3,426.0,United States,3PL_West,Carrier_A,none,6.73,3.3,5,False,False,none
ORD002153,2025-05-25,Signature Hoodie,2,142.4,Canada,3PL_International,Passport_Global,influencer_drop,19.19,4.0,9,False,False,none
ORD002154,2025-05-31,Weighted Tee,2,108.0,United States,3PL_West,Carrier_A,none,5.57,5.6,5,True,False,none
ORD002155,2025-04-21,Signature Hoodie,4,356.0,United States,3PL_East,Carrier_C,none,8.51,2.4,5,False,True,duplicate_order
ORD002156,2025-06-09,Signature Hoodie,2,178.0,United States,3PL_Central,Carrier_B,none,7.06,3.9,5,False,False,none
ORD002157,2025-01-20,Zip Hoodie,4,307.2,United States,3PL_West,Carrier_A,email_drop,7.94,4.4,5,False,False,none
ORD002158,2025-02-25,Cloud Sweatpants,1,62.4,Australia,3PL_International,Passport_Global,influencer_drop,18.18,3.4,9,False,False,none
ORD002159,2025-03-19,Zip Hoodie,3,288.0,United States,3PL_West,Carrier_D,none,10.1,4.2,5,False,False,none
ORD002160,2025-01-09,Lounge Set,4,568.0,United States,3PL_East,Carrier_A,none,7.25,1.7,5,False,True,quality_issue
ORD002161,2025-03-24,Lounge Set,3,426.0,United States,3PL_East,Carrier_A,none,8.08,3.7,5,False,False,none
ORD002162,2025-02-23,Cloud Sweatpants,4,280.8,United States,3PL_East,Carrier_B,email_drop,9.75,3.4,5,False,False,none
ORD002163,2025-03-15,Zip Hoodie,3,230.4,United States,3PL_West,Carrier_B,product_launch,7.1,5.7,5,True,False,none
ORD002164,2025-03-21,Cloud Sweatpants,2,140.4,United States,3PL_Central,Carrier_C,influencer_drop,5.86,3.7,5,False,False,none
ORD002165,2025-06-12,Lounge Set,3,426.0,Canada,3PL_International,Passport_Global,none,18.8,3.5,9,False,False,none
ORD002166,2025-02-24,Signature Hoodie,4,302.6,United States,3PL_West,Carrier_C,email_drop,8.08,4.2,5,False,False,none
ORD002167,2025-06-14,Signature Hoodie,2,178.0,United States,3PL_East,Carrier_C,none,7.37,4.9,5,False,False,none
ORD002168,2025-03-21,Cloud Sweatpants,2,156.0,Australia,3PL_International,Passport_Global,none,18.62,3.3,9,False,False,none
ORD002169,2025-03-06,Signature Hoodie,1,89.0,United States,3PL_Central,Carrier_C,none,5.8,3.4,5,False,False,none
ORD002170,2025-04-01,Zip Hoodie,4,384.0,Canada,3PL_International,Passport_Global,none,20.75,4.6,9,False,False,none
ORD002171,2025-03-19,Signature Hoodie,3,267.0,United States,3PL_East,Carrier_C,none,7.61,4.3,5,False,False,none
ORD002172,2025-02-21,Signature Hoodie,1,75.65,United States,3PL_West,Carrier_B,influencer_drop,6.4,3.4,5,False,False,none
ORD002173,2025-04-01,Zip Hoodie,1,96.0,Australia,3PL_International,Passport_Global,none,18.88,6.0,9,False,False,none
ORD002174,2025-01-31,Cloud Sweatpants,1,66.3,United States,3PL_East,Carrier_C,influencer_drop,5.52,4.0,5,False,False,none
ORD002175,2025-03-09,Weighted Tee,1,43.2,United States,3PL_East,Carrier_D,product_launch,7.03,2.6,5,False,False,none
ORD002176,2025-04-14,Signature Hoodie,4,356.0,United States,3PL_West,Carrier_D,none,10.02,3.5,5,False,False,none
ORD002177,2025-03-19,Signature Hoodie,2,178.0,United States,3PL_Central,Carrier_A,none,7.19,3.2,5,False,False,none
ORD002178,2025-06-04,Signature Hoodie,1,80.1,United States,3PL_Central,Carrier_B,influencer_drop,5.3,4.2,5,False,False,none
ORD002179,2025-02-21,Cloud Sweatpants,3,234.0,United States,3PL_West,Carrier_D,none,10.54,5.4,5,True,False,none
ORD002180,2025-06-26,Signature Hoodie,1,89.0,Germany,3PL_International,Passport_Global,none,16.45,3.7,9,False,False,none
ORD002181,2025-05-28,Lounge Set,4,568.0,United States,3PL_West,Carrier_B,none,8.5,4.9,5,False,True,quality_issue
ORD002182,2025-06-26,Signature Hoodie,3,240.3,United States,3PL_West,Carrier_D,influencer_drop,9.38,3.3,5,False,False,none
ORD002183,2025-06-06,Weighted Tee,1,43.2,United States,3PL_East,Carrier_B,influencer_drop,5.81,3.0,5,False,True,fit_issue
ORD002184,2025-01-29,Cloud Sweatpants,2,140.4,United States,3PL_East,Carrier_A,holiday_sale,5.52,5.5,5,True,False,none
ORD002185,2025-04-06,Zip Hoodie,2,153.6,United States,3PL_West,Carrier_A,email_drop,6.44,3.0,5,False,False,none
ORD002186,2025-02-04,Signature Hoodie,1,89.0,United States,3PL_Central,Carrier_B,none,6.18,3.8,5,False,False,none
ORD002187,2025-06-03,Signature Hoodie,4,302.6,United States,3PL_West,Carrier_B,influencer_drop,9.1,3.5,5,False,False,none
ORD002188,2025-04-18,Signature Hoodie,1,80.1,United States,3PL_Central,Carrier_D,holiday_sale,7.47,4.8,5,False,False,none
ORD002189,2025-02-22,Cloud Sweatpants,1,78.0,Australia,3PL_International,Passport_Global,none,17.15,5.8,9,False,False,none
ORD002190,2025-06-20,Cloud Sweatpants,1,66.3,United Kingdom,3PL_International,Passport_Global,product_launch,17.63,6.4,9,False,False,none
ORD002191,2025-01-24,Signature Hoodie,2,160.2,United States,3PL_Central,Carrier_C,holiday_sale,5.73,5.0,5,False,False,none
ORD002192,2025-04-14,Signature Hoodie,1,89.0,United States,3PL_East,Carrier_A,none,6.21,1.7,5,False,True,fit_issue
ORD002193,2025-05-15,Weighted Tee,3,162.0,United States,3PL_West,Carrier_A,none,8.04,5.1,5,True,False,none
ORD002194,2025-01-12,Signature Hoodie,1,89.0,United States,3PL_East,Carrier_B,none,5.5,3.4,5,False,False,none
ORD002195,2025-04-20,Signature Hoodie,1,80.1,United States,3PL_Central,Carrier_B,influencer_drop,5.54,4.4,5,False,False,none
ORD002196,2025-06-03,Signature Hoodie,2,178.0,United States,3PL_East,Carrier_A,none,7.52,3.8,5,False,False,none
ORD002197,2025-01-14,Signature Hoodie,1,89.0,United States,3PL_Central,Carrier_B,none,7.01,3.8,5,False,False,none
ORD002198,2025-04-03,Cloud Sweatpants,3,234.0,United States,3PL_East,Carrier_D,none,9.57,4.4,5,False,False,none
ORD002199,2025-02-21,Zip Hoodie,1,76.8,United States,3PL_East,Carrier_C,holiday_sale,5.47,5.9,5,True,False,none
ORD002200,2025-05-04,Zip Hoodie,1,76.8,Australia,3PL_International,Passport_Global,holiday_sale,18.12,5.6,9,False,False,none
ORD002201,2025-01-24,Zip Hoodie,1,81.6,United States,3PL_East,Carrier_D,influencer_drop,8.36,2.8,5,False,False,none
ORD002202,2025-06-21,Signature Hoodie,1,89.0,United States,3PL_East,Carrier_A,none,6.02,4.9,5,False,False,none
ORD002203,2025-06-15,Signature Hoodie,4,356.0,United States,3PL_West,Carrier_A,none,9.17,3.4,5,False,False,none
ORD002204,2025-02-07,Lounge Set,2,241.4,United States,3PL_East,Carrier_A,email_drop,7.17,2.1,5,False,False,none
ORD002205,2025-03-05,Signature Hoodie,2,178.0,Germany,3PL_International,Passport_Global,none,19.28,4.7,9,False,False,none
ORD002206,2025-04-19,Signature Hoodie,1,89.0,United States,3PL_East,Carrier_A,none,4.28,4.3,5,False,False,none
ORD002207,2025-05-15,Cloud Sweatpants,1,70.2,United States,3PL_West,Carrier_A,product_launch,6.26,5.7,5,True,False,none
ORD002208,2025-03-23,Zip Hoodie,1,96.0,United States,3PL_East,Carrier_B,none,4.76,2.9,5,False,False,none
ORD002209,2025-02-01,Signature Hoodie,2,142.4,United States,3PL_Central,Carrier_A,email_drop,6.48,2.6,5,False,False,none
ORD002210,2025-01-21,Lounge Set,1,113.6,United States,3PL_West,Carrier_A,email_drop,4.78,4.1,5,False,False,none
ORD002211,2025-06-30,Signature Hoodie,4,320.4,Germany,3PL_International,Passport_Global,influencer_drop,21.04,6.8,9,False,False,none
ORD002212,2025-03-25,Weighted Tee,2,108.0,United States,3PL_West,Carrier_B,none,6.74,5.0,5,False,False,none
ORD002213,2025-06-11,Signature Hoodie,1,89.0,United States,3PL_West,Carrier_C,none,6.49,5.2,5,True,False,none
ORD002214,2025-03-29,Zip Hoodie,1,96.0,United States,3PL_West,Carrier_A,none,5.06,4.5,5,False,False,none
ORD002215,2025-06-19,Signature Hoodie,2,178.0,United Kingdom,3PL_International,Passport_Global,none,20.12,4.2,9,False,False,none
ORD002216,2025-01-18,Lounge Set,2,284.0,United States,3PL_West,Carrier_D,none,7.07,4.1,5,False,False,none
ORD002217,2025-01-24,Cloud Sweatpants,2,156.0,United States,3PL_East,Carrier_A,none,5.57,1.9,5,False,False,none
ORD002218,2025-06-20,Lounge Set,2,241.4,United States,3PL_West,Carrier_B,influencer_drop,5.87,4.1,5,False,False,none
ORD002219,2025-06-22,Zip Hoodie,2,192.0,United States,3PL_East,Carrier_C,none,7.16,1.8,5,False,True,late_delivery
ORD002220,2025-03-04,Cloud Sweatpants,3,234.0,United States,3PL_Central,Carrier_B,none,6.96,3.0,5,False,False,none
ORD002221,2025-03-10,Signature Hoodie,2,178.0,United States,3PL_East,Carrier_A,none,5.55,1.7,5,False,False,none
ORD002222,2025-03-25,Signature Hoodie,3,267.0,Canada,3PL_International,Passport_Global,none,21.54,6.7,9,False,True,fit_issue
ORD002223,2025-03-19,Weighted Tee,1,54.0,United States,3PL_West,Carrier_B,none,5.29,3.3,5,False,False,none
ORD002224,2025-02-08,Weighted Tee,4,216.0,United States,3PL_East,Carrier_B,none,10.04,2.4,5,False,False,none
ORD002225,2025-06-15,Signature Hoodie,1,80.1,United States,3PL_East,Carrier_C,product_launch,6.23,6.9,5,True,False,none
ORD002226,2025-02-21,Signature Hoodie,2,142.4,United States,3PL_East,Carrier_A,product_launch,7.2,3.2,5,False,True,changed_mind
ORD002227,2025-05-12,Signature Hoodie,4,284.8,United States,3PL_West,Carrier_A,email_drop,9.86,5.0,5,False,True,late_delivery
ORD002228,2025-01-14,Signature Hoodie,1,89.0,Germany,3PL_International,Passport_Global,none,17.58,3.8,9,False,False,none
ORD002229,2025-01-08,Signature Hoodie,1,71.2,United States,3PL_East,Carrier_B,influencer_drop,4.48,4.9,5,False,False,none
ORD002230,2025-05-02,Lounge Set,1,120.7,United States,3PL_West,Carrier_B,holiday_sale,5.81,4.6,5,False,False,none
ORD002231,2025-03-07,Signature Hoodie,1,89.0,United States,3PL_East,Carrier_A,none,5.12,2.8,5,False,False,none
ORD002232,2025-05-02,Lounge Set,1,142.0,United States,3PL_West,Carrier_B,none,5.88,2.2,5,False,True,fit_issue
ORD002233,2025-01-19,Weighted Tee,2,91.8,United States,3PL_East,Carrier_C,email_drop,7.27,2.8,5,False,False,none
ORD002234,2025-06-23,Signature Hoodie,1,75.65,United States,3PL_Central,Carrier_D,product_launch,6.56,4.0,5,False,False,none
ORD002235,2025-05-21,Cloud Sweatpants,1,78.0,United States,3PL_West,Carrier_D,none,6.73,1.7,5,False,False,none
ORD002236,2025-06-12,Cloud Sweatpants,1,78.0,United States,3PL_West,Carrier_B,none,5.33,4.9,5,False,False,none
ORD002237,2025-01-28,Signature Hoodie,1,89.0,United States,3PL_West,Carrier_D,none,8.22,4.8,5,False,False,none
ORD002238,2025-03-04,Zip Hoodie,1,96.0,United States,3PL_West,Carrier_B,none,4.77,3.4,5,False,False,none
ORD002239,2025-03-12,Cloud Sweatpants,4,280.8,United States,3PL_West,Carrier_A,email_drop,10.32,1.9,5,False,False,none
ORD002240,2025-04-08,Signature Hoodie,2,178.0,United States,3PL_East,Carrier_D,none,7.03,3.4,5,False,False,none
ORD002241,2025-03-01,Lounge Set,3,340.8,United Kingdom,3PL_International,Passport_Global,product_launch,21.4,5.6,9,False,False,none
ORD002242,2025-01-13,Signature Hoodie,2,151.3,United States,3PL_East,Carrier_A,influencer_drop,6.74,3.6,5,False,False,none
ORD002243,2025-03-12,Signature Hoodie,3,267.0,United States,3PL_West,Carrier_A,none,8.13,3.9,5,False,False,none
ORD002244,2025-02-21,Weighted Tee,1,45.9,United States,3PL_West,Carrier_B,influencer_drop,5.86,1.5,5,False,False,none
ORD002245,2025-03-15,Signature Hoodie,1,71.2,United States,3PL_East,Carrier_B,influencer_drop,3.55,3.8,5,False,False,none
ORD002246,2025-02-09,Signature Hoodie,2,178.0,United States,3PL_East,Carrier_B,none,6.32,3.9,5,False,False,none
ORD002247,2025-02-22,Signature Hoodie,1,89.0,Australia,3PL_International,Passport_Global,none,17.68,5.6,9,False,False,none
ORD002248,2025-04-26,Signature Hoodie,1,71.2,Australia,3PL_International,Passport_Global,influencer_drop,18.77,4.8,9,False,False,none
ORD002249,2025-03-15,Cloud Sweatpants,3,234.0,United States,3PL_West,Carrier_A,none,7.63,4.3,5,False,False,none
ORD002250,2025-03-08,Zip Hoodie,2,192.0,United States,3PL_West,Carrier_A,none,7.69,5.7,5,True,False,none
ORD002251,2025-04-08,Signature Hoodie,2,178.0,United States,3PL_East,Carrier_A,none,8.01,3.3,5,False,False,none
ORD002252,2025-05-25,Cloud Sweatpants,2,156.0,United States,3PL_West,Carrier_A,none,7.02,1.9,5,False,False,none
ORD002253,2025-03-14,Signature Hoodie,2,142.4,United States,3PL_West,Carrier_D,email_drop,8.51,4.8,5,False,False,none
ORD002254,2025-04-18,Cloud Sweatpants,1,78.0,Australia,3PL_International,Passport_Global,none,16.98,5.5,9,False,False,none
ORD002255,2025-06-25,Weighted Tee,1,48.6,United States,3PL_East,Carrier_B,email_drop,5.92,5.9,5,True,False,none
ORD002256,2025-04-05,Lounge Set,1,142.0,United States,3PL_West,Carrier_B,none,5.16,3.4,5,False,False,none
ORD002257,2025-06-17,Zip Hoodie,3,244.8,Germany,3PL_International,Passport_Global,influencer_drop,21.23,4.1,9,False,False,none
ORD002258,2025-05-30,Signature Hoodie,4,356.0,United States,3PL_East,Carrier_C,none,7.69,1.5,5,False,False,none
ORD002259,2025-01-12,Cloud Sweatpants,1,66.3,United States,3PL_East,Carrier_C,product_launch,4.88,3.0,5,False,False,none
ORD002260,2025-03-21,Lounge Set,2,255.6,Canada,3PL_International,Passport_Global,holiday_sale,19.71,4.0,9,False,True,fit_issue
ORD002261,2025-05-11,Lounge Set,2,284.0,United States,3PL_West,Carrier_A,none,7.94,3.3,5,False,False,none
ORD002262,2025-06-29,Zip Hoodie,2,153.6,United States,3PL_East,Carrier_A,email_drop,7.15,5.2,5,True,False,none
ORD002263,2025-03-25,Cloud Sweatpants,1,78.0,United States,3PL_East,Carrier_A,none,6.44,3.0,5,False,False,none
ORD002264,2025-01-19,Signature Hoodie,1,71.2,United States,3PL_East,Carrier_B,influencer_drop,5.57,3.7,5,False,False,none
ORD002265,2025-04-13,Signature Hoodie,1,80.1,United States,3PL_West,Carrier_D,email_drop,8.59,3.6,5,False,True,quality_issue
ORD002266,2025-01-26,Signature Hoodie,1,89.0,Canada,3PL_International,Passport_Global,none,18.03,4.2,9,False,False,none
ORD002267,2025-05-21,Signature Hoodie,1,89.0,United States,3PL_West,Carrier_C,none,5.85,3.4,5,False,False,none
ORD002268,2025-04-02,Signature Hoodie,1,89.0,United States,3PL_West,Carrier_C,none,5.61,5.6,5,True,False,none
ORD002269,2025-05-16,Cloud Sweatpants,2,124.8,Australia,3PL_International,Passport_Global,influencer_drop,18.78,5.2,9,False,False,none
ORD002270,2025-06-11,Cloud Sweatpants,4,265.2,Germany,3PL_International,Passport_Global,influencer_drop,21.64,4.7,9,False,False,none
ORD002271,2025-04-27,Cloud Sweatpants,2,156.0,Canada,3PL_International,Passport_Global,none,19.2,6.7,9,False,True,changed_mind
ORD002272,2025-04-24,Cloud Sweatpants,1,78.0,Canada,3PL_International,Passport_Global,none,18.21,4.5,9,False,False,none
ORD002273,2025-05-22,Signature Hoodie,1,89.0,Australia,3PL_International,Passport_Global,none,16.05,4.9,9,False,False,none
ORD002274,2025-06-07,Cloud Sweatpants,1,78.0,Canada,3PL_International,Passport_Global,none,17.15,4.7,9,False,False,none
ORD002275,2025-06-11,Weighted Tee,1,54.0,United States,3PL_Central,Carrier_A,none,5.03,2.9,5,False,False,none
ORD002276,2025-01-08,Cloud Sweatpants,4,312.0,United States,3PL_East,Carrier_B,none,7.7,3.6,5,False,False,none
ORD002277,2025-04-12,Lounge Set,2,255.6,United States,3PL_West,Carrier_B,holiday_sale,5.85,5.3,5,True,False,none
ORD002278,2025-02-13,Cloud Sweatpants,2,156.0,United States,3PL_West,Carrier_D,none,8.96,3.7,5,False,True,quality_issue
ORD002279,2025-06-09,Zip Hoodie,2,172.8,United States,3PL_Central,Carrier_A,email_drop,6.85,6.2,5,True,True,late_delivery
ORD002280,2025-05-01,Cloud Sweatpants,1,78.0,United States,3PL_East,Carrier_A,none,6.22,3.5,5,False,True,duplicate_order
ORD002281,2025-03-20,Zip Hoodie,1,96.0,United States,3PL_West,Carrier_B,none,6.17,5.5,5,True,True,late_delivery
ORD002282,2025-02-07,Lounge Set,2,227.2,United States,3PL_East,Carrier_C,email_drop,7.38,5.6,5,True,False,none
ORD002283,2025-03-07,Cloud Sweatpants,4,312.0,United States,3PL_Central,Carrier_B,none,8.93,3.6,5,False,False,none
ORD002284,2025-05-12,Zip Hoodie,2,192.0,United States,3PL_West,Carrier_A,none,7.67,4.2,5,False,False,none
ORD002285,2025-02-10,Lounge Set,1,120.7,United States,3PL_West,Carrier_C,product_launch,4.99,6.1,5,True,True,fit_issue
ORD002286,2025-01-19,Lounge Set,4,482.8,United States,3PL_West,Carrier_B,holiday_sale,9.93,4.9,5,False,False,none
ORD002287,2025-06-14,Signature Hoodie,1,75.65,United States,3PL_West,Carrier_B,email_drop,6.15,5.5,5,True,False,none
ORD002288,2025-05-24,Signature Hoodie,1,89.0,United States,3PL_West,Carrier_B,none,5.96,2.5,5,False,False,none
ORD002289,2025-02-09,Lounge Set,2,284.0,United States,3PL_East,Carrier_C,none,6.57,3.0,5,False,False,none
ORD002290,2025-02-28,Zip Hoodie,3,288.0,Canada,3PL_International,Passport_Global,none,19.59,4.1,9,False,True,fit_issue
ORD002291,2025-06-26,Weighted Tee,1,45.9,United States,3PL_West,Carrier_A,product_launch,5.44,3.8,5,False,True,fit_issue
ORD002292,2025-05-13,Signature Hoodie,1,80.1,Canada,3PL_International,Passport_Global,influencer_drop,16.62,5.5,9,False,True,quality_issue
ORD002293,2025-04-23,Lounge Set,1,142.0,Canada,3PL_International,Passport_Global,none,18.67,3.7,9,False,False,none
ORD002294,2025-03-02,Lounge Set,3,340.8,Australia,3PL_International,Passport_Global,product_launch,19.75,4.9,9,False,True,fit_issue
ORD002295,2025-03-01,Lounge Set,4,568.0,Canada,3PL_International,Passport_Global,none,20.95,3.3,9,False,False,none
ORD002296,2025-01-09,Zip Hoodie,3,288.0,United States,3PL_West,Carrier_B,none,6.27,4.8,5,False,False,none
ORD002297,2025-05-17,Signature Hoodie,1,89.0,United States,3PL_West,Carrier_C,none,4.59,4.6,5,False,False,none
ORD002298,2025-01-09,Zip Hoodie,3,288.0,United States,3PL_East,Carrier_C,none,9.83,3.7,5,False,False,none
ORD002299,2025-01-02,Zip Hoodie,1,76.8,United States,3PL_West,Carrier_A,product_launch,4.92,5.0,5,False,False,none
ORD002300,2025-05-17,Signature Hoodie,4,320.4,United States,3PL_West,Carrier_A,holiday_sale,9.7,4.3,5,False,False,none
ORD002301,2025-06-23,Signature Hoodie,4,356.0,Australia,3PL_International,Passport_Global,none,20.24,3.2,9,False,False,none
ORD002302,2025-05-23,Lounge Set,3,426.0,United States,3PL_West,Carrier_A,none,6.64,2.7,5,False,False,none
ORD002303,2025-03-28,Signature Hoodie,4,356.0,United States,3PL_West,Carrier_C,none,8.84,3.0,5,False,True,fit_issue
ORD002304,2025-03-30,Cloud Sweatpants,1,78.0,Germany,3PL_International,Passport_Global,none,17.86,5.7,9,False,False,none
ORD002305,2025-03-22,Zip Hoodie,2,192.0,United States,3PL_East,Carrier_B,none,6.08,4.9,5,False,False,none
ORD002306,2025-03-05,Weighted Tee,1,54.0,United States,3PL_East,Carrier_B,none,5.4,2.3,5,False,False,none
ORD002307,2025-04-05,Zip Hoodie,2,192.0,United States,3PL_East,Carrier_B,none,5.94,4.3,5,False,False,none
ORD002308,2025-03-21,Signature Hoodie,1,89.0,United States,3PL_Central,Carrier_B,none,6.38,2.8,5,False,False,none
ORD002309,2025-04-20,Signature Hoodie,4,356.0,United States,3PL_East,Carrier_A,none,10.47,4.4,5,False,False,none
ORD002310,2025-06-15,Signature Hoodie,2,151.3,United States,3PL_West,Carrier_A,product_launch,7.39,5.1,5,True,False,none
ORD002311,2025-06-30,Signature Hoodie,3,267.0,United States,3PL_West,Carrier_B,none,6.61,3.7,5,False,False,none
ORD002312,2025-01-16,Lounge Set,1,142.0,United States,3PL_East,Carrier_C,none,5.76,4.7,5,False,False,none
ORD002313,2025-03-14,Signature Hoodie,1,89.0,United States,3PL_East,Carrier_B,none,4.94,5.1,5,True,False,none
ORD002314,2025-02-06,Signature Hoodie,3,240.3,United States,3PL_West,Carrier_B,email_drop,7.24,2.6,5,False,False,none
ORD002315,2025-03-09,Lounge Set,1,142.0,United States,3PL_East,Carrier_D,none,7.77,4.7,5,False,False,none
ORD002316,2025-02-27,Signature Hoodie,3,267.0,United States,3PL_East,Carrier_B,none,7.79,3.0,5,False,False,none
ORD002317,2025-02-05,Signature Hoodie,2,160.2,Canada,3PL_International,Passport_Global,email_drop,19.05,6.4,9,False,False,none
ORD002318,2025-05-24,Cloud Sweatpants,4,280.8,United States,3PL_Central,Carrier_A,email_drop,8.89,4.0,5,False,False,none
ORD002319,2025-03-31,Signature Hoodie,1,89.0,United States,3PL_East,Carrier_C,none,4.68,2.4,5,False,False,none
ORD002320,2025-06-18,Signature Hoodie,1,89.0,United States,3PL_East,Carrier_A,none,4.59,2.8,5,False,False,none
ORD002321,2025-01-07,Weighted Tee,3,137.7,United States,3PL_West,Carrier_A,product_launch,7.48,5.1,5,True,False,none
ORD002322,2025-01-14,Lounge Set,3,426.0,Canada,3PL_International,Passport_Global,none,19.95,5.3,9,False,False,none
ORD002323,2025-03-17,Zip Hoodie,1,96.0,Germany,3PL_International,Passport_Global,none,18.13,5.1,9,False,False,none
ORD002324,2025-01-17,Zip Hoodie,3,288.0,United States,3PL_Central,Carrier_B,none,8.41,4.0,5,False,False,none
ORD002325,2025-02-22,Signature Hoodie,2,178.0,United States,3PL_West,Carrier_A,none,6.41,3.1,5,False,False,none
ORD002326,2025-06-28,Lounge Set,4,482.8,United States,3PL_Central,Carrier_B,email_drop,8.99,3.7,5,False,False,none
ORD002327,2025-02-11,Cloud Sweatpants,2,132.6,United States,3PL_East,Carrier_B,email_drop,7.29,3.3,5,False,False,none
ORD002328,2025-02-09,Signature Hoodie,3,267.0,United States,3PL_East,Carrier_A,none,7.5,1.8,5,False,False,none
ORD002329,2025-04-16,Signature Hoodie,1,89.0,United States,3PL_West,Carrier_A,none,5.75,3.6,5,False,False,none
ORD002330,2025-03-31,Cloud Sweatpants,1,78.0,Canada,3PL_International,Passport_Global,none,17.97,3.4,9,False,False,none
ORD002331,2025-04-17,Signature Hoodie,3,226.95,United States,3PL_West,Carrier_C,influencer_drop,7.44,4.9,5,False,False,none
ORD002332,2025-03-13,Signature Hoodie,1,89.0,Canada,3PL_International,Passport_Global,none,16.78,6.0,9,False,False,none
ORD002333,2025-06-04,Signature Hoodie,2,178.0,United States,3PL_Central,Carrier_A,none,5.79,3.7,5,False,False,none
ORD002334,2025-01-28,Cloud Sweatpants,4,265.2,United Kingdom,3PL_International,Passport_Global,email_drop,22.08,5.7,9,False,False,none
ORD002335,2025-03-21,Signature Hoodie,4,356.0,Canada,3PL_International,Passport_Global,none,19.96,5.0,9,False,False,none
ORD002336,2025-05-09,Cloud Sweatpants,3,234.0,United States,3PL_West,Carrier_D,none,10.92,4.7,5,False,False,none
ORD002337,2025-06-11,Signature Hoodie,2,178.0,United States,3PL_West,Carrier_D,none,7.81,2.5,5,False,False,none
ORD002338,2025-03-12,Cloud Sweatpants,3,187.2,United States,3PL_East,Carrier_B,email_drop,6.28,3.2,5,False,False,none
ORD002339,2025-04-14,Signature Hoodie,1,89.0,United States,3PL_East,Carrier_D,none,6.77,2.8,5,False,False,none
ORD002340,2025-01-14,Cloud Sweatpants,3,210.6,United States,3PL_Central,Carrier_A,email_drop,5.9,4.3,5,False,True,changed_mind
ORD002341,2025-02-04,Zip Hoodie,1,86.4,Australia,3PL_International,Passport_Global,influencer_drop,16.43,3.7,9,False,False,none
ORD002342,2025-01-14,Zip Hoodie,3,230.4,United States,3PL_West,Carrier_B,email_drop,7.78,4.6,5,False,False,none
ORD002343,2025-05-17,Signature Hoodie,1,89.0,Australia,3PL_International,Passport_Global,none,16.55,5.5,9,False,False,none
ORD002344,2025-02-27,Cloud Sweatpants,3,210.6,United States,3PL_Central,Carrier_C,influencer_drop,6.49,3.1,5,False,False,none
ORD002345,2025-05-16,Lounge Set,2,284.0,United States,3PL_East,Carrier_B,none,6.59,2.5,5,False,False,none
ORD002346,2025-01-14,Signature Hoodie,4,320.4,United States,3PL_West,Carrier_C,holiday_sale,8.91,3.7,5,False,False,none
ORD002347,2025-06-10,Cloud Sweatpants,3,198.9,United States,3PL_West,Carrier_A,email_drop,8.1,4.9,5,False,False,none
ORD002348,2025-06-06,Cloud Sweatpants,4,312.0,United States,3PL_Central,Carrier_A,none,9.03,3.9,5,False,False,none
ORD002349,2025-01-18,Lounge Set,1,113.6,United States,3PL_East,Carrier_B,influencer_drop,5.35,3.3,5,False,False,none
ORD002350,2025-01-05,Cloud Sweatpants,1,78.0,United States,3PL_Central,Carrier_A,none,5.86,2.3,5,False,False,none
ORD002351,2025-01-12,Weighted Tee,2,108.0,United States,3PL_West,Carrier_A,none,7.28,3.5,5,False,True,duplicate_order
ORD002352,2025-06-08,Zip Hoodie,1,96.0,United States,3PL_East,Carrier_A,none,5.45,5.1,5,True,False,none
ORD002353,2025-02-16,Cloud Sweatpants,1,78.0,United States,3PL_West,Carrier_B,none,5.8,4.1,5,False,False,none
ORD002354,2025-04-11,Signature Hoodie,1,80.1,United States,3PL_East,Carrier_C,email_drop,3.31,3.9,5,False,False,none
ORD002355,2025-03-21,Cloud Sweatpants,3,187.2,United States,3PL_West,Carrier_B,holiday_sale,7.35,3.5,5,False,False,none
ORD002356,2025-05-30,Signature Hoodie,2,178.0,United States,3PL_West,Carrier_B,none,7.7,2.3,5,False,False,none
ORD002357,2025-03-30,Cloud Sweatpants,3,210.6,United States,3PL_West,Carrier_A,email_drop,7.25,3.4,5,False,False,none
ORD002358,2025-04-01,Signature Hoodie,3,226.95,United States,3PL_West,Carrier_B,email_drop,8.1,5.3,5,True,False,none
ORD002359,2025-06-29,Zip Hoodie,1,86.4,United States,3PL_West,Carrier_A,email_drop,5.58,4.2,5,False,False,none
ORD002360,2025-01-31,Zip Hoodie,3,288.0,United States,3PL_East,Carrier_A,none,7.19,3.2,5,False,False,none
ORD002361,2025-06-05,Weighted Tee,1,54.0,United States,3PL_Central,Carrier_B,none,5.76,2.9,5,False,False,none
ORD002362,2025-01-11,Signature Hoodie,1,80.1,Australia,3PL_International,Passport_Global,influencer_drop,17.43,3.0,9,False,False,none
ORD002363,2025-03-28,Lounge Set,4,568.0,United States,3PL_West,Carrier_A,none,8.46,4.2,5,False,False,none
ORD002364,2025-06-13,Lounge Set,1,142.0,United States,3PL_East,Carrier_D,none,6.8,3.6,5,False,False,none
ORD002365,2025-05-04,Lounge Set,4,568.0,United States,3PL_Central,Carrier_B,none,8.15,2.9,5,False,False,none
ORD002366,2025-05-08,Zip Hoodie,2,192.0,United Kingdom,3PL_International,Passport_Global,none,18.15,4.9,9,False,False,none
ORD002367,2025-02-22,Signature Hoodie,1,89.0,United States,3PL_Central,Carrier_B,none,5.01,2.2,5,False,False,none
ORD002368,2025-03-19,Lounge Set,3,426.0,Australia,3PL_International,Passport_Global,none,20.15,4.5,9,False,False,none
ORD002369,2025-03-12,Cloud Sweatpants,1,62.4,Canada,3PL_International,Passport_Global,email_drop,17.49,5.0,9,False,False,none
ORD002370,2025-04-05,Zip Hoodie,2,172.8,United States,3PL_East,Carrier_C,product_launch,6.19,4.6,5,False,False,none
ORD002371,2025-03-26,Signature Hoodie,2,178.0,United States,3PL_West,Carrier_D,none,10.4,3.1,5,False,False,none
ORD002372,2025-03-06,Signature Hoodie,1,89.0,United States,3PL_West,Carrier_B,none,5.98,2.6,5,False,False,none
ORD002373,2025-03-02,Signature Hoodie,2,160.2,Canada,3PL_International,Passport_Global,influencer_drop,17.63,2.4,9,False,False,none
ORD002374,2025-02-20,Cloud Sweatpants,1,78.0,Germany,3PL_International,Passport_Global,none,18.0,4.3,9,False,False,none
ORD002375,2025-03-11,Cloud Sweatpants,1,62.4,United Kingdom,3PL_International,Passport_Global,product_launch,18.03,5.2,9,False,False,none
ORD002376,2025-01-31,Lounge Set,2,284.0,Australia,3PL_International,Passport_Global,none,21.76,5.1,9,False,False,none
ORD002377,2025-06-11,Signature Hoodie,1,89.0,United States,3PL_West,Carrier_A,none,5.67,2.6,5,False,False,none
ORD002378,2025-04-21,Signature Hoodie,2,178.0,United States,3PL_East,Carrier_A,none,8.24,2.0,5,False,False,none
ORD002379,2025-01-27,Signature Hoodie,1,89.0,United States,3PL_East,Carrier_B,none,5.08,3.8,5,False,False,none
ORD002380,2025-05-10,Signature Hoodie,3,226.95,United States,3PL_West,Carrier_D,influencer_drop,8.88,4.4,5,False,False,none
ORD002381,2025-06-07,Cloud Sweatpants,4,312.0,United States,3PL_Central,Carrier_C,none,7.92,3.5,5,False,False,none
ORD002382,2025-02-17,Zip Hoodie,4,326.4,United States,3PL_West,Carrier_C,holiday_sale,9.56,2.9,5,False,False,none
ORD002383,2025-01-31,Weighted Tee,4,183.6,United States,3PL_West,Carrier_C,influencer_drop,8.12,3.8,5,False,False,none
ORD002384,2025-01-02,Signature Hoodie,1,75.65,United States,3PL_Central,Carrier_A,holiday_sale,4.88,3.8,5,False,False,none
ORD002385,2025-01-10,Signature Hoodie,2,142.4,United States,3PL_Central,Carrier_B,holiday_sale,6.96,3.2,5,False,False,none
ORD002386,2025-05-24,Zip Hoodie,1,96.0,United States,3PL_West,Carrier_C,none,5.14,2.7,5,False,False,none
ORD002387,2025-06-29,Signature Hoodie,1,89.0,United States,3PL_West,Carrier_A,none,5.52,2.4,5,False,False,none
ORD002388,2025-01-10,Zip Hoodie,1,86.4,United States,3PL_East,Carrier_B,holiday_sale,4.39,4.1,5,False,False,none
ORD002389,2025-05-21,Cloud Sweatpants,2,156.0,United States,3PL_West,Carrier_C,none,4.64,4.7,5,False,False,none
ORD002390,2025-01-15,Lounge Set,1,142.0,United States,3PL_Central,Carrier_C,none,6.43,2.8,5,False,False,none
ORD002391,2025-04-19,Signature Hoodie,1,89.0,United States,3PL_Central,Carrier_B,none,6.33,2.8,5,False,False,none
ORD002392,2025-05-22,Weighted Tee,1,54.0,United States,3PL_East,Carrier_B,none,5.2,6.1,5,True,False,none
ORD002393,2025-03-10,Weighted Tee,1,43.2,United States,3PL_East,Carrier_C,holiday_sale,5.48,6.3,5,True,False,none
ORD002394,2025-01-03,Signature Hoodie,1,89.0,United States,3PL_Central,Carrier_D,none,6.45,3.4,5,False,False,none
ORD002395,2025-04-20,Cloud Sweatpants,2,124.8,United States,3PL_Central,Carrier_C,email_drop,6.34,3.8,5,False,False,none
ORD002396,2025-06-29,Cloud Sweatpants,1,62.4,United States,3PL_West,Carrier_A,product_launch,7.34,4.9,5,False,False,none
ORD002397,2025-02-21,Signature Hoodie,4,356.0,Canada,3PL_International,Passport_Global,none,22.68,5.1,9,False,False,none
ORD002398,2025-02-08,Weighted Tee,3,145.8,United States,3PL_West,Carrier_D,influencer_drop,9.73,3.4,5,False,False,none
ORD002399,2025-01-25,Signature Hoodie,4,356.0,United States,3PL_West,Carrier_B,none,7.33,3.6,5,False,True,fit_issue
ORD002400,2025-04-12,Signature Hoodie,1,89.0,United Kingdom,3PL_International,Passport_Global,none,18.22,3.0,9,False,False,none
ORD002401,2025-04-20,Signature Hoodie,2,178.0,United States,3PL_East,Carrier_B,none,6.34,3.6,5,False,False,none
ORD002402,2025-05-30,Cloud Sweatpants,3,234.0,United States,3PL_East,Carrier_B,none,7.37,5.5,5,True,False,none
ORD002403,2025-05-22,Lounge Set,2,284.0,United States,3PL_West,Carrier_B,none,6.55,3.9,5,False,True,quality_issue
ORD002404,2025-06-14,Zip Hoodie,1,96.0,United States,3PL_East,Carrier_B,none,6.94,3.5,5,False,False,none
ORD002405,2025-06-01,Zip Hoodie,3,288.0,United States,3PL_West,Carrier_A,none,7.82,5.1,5,True,False,none
ORD002406,2025-02-19,Signature Hoodie,1,89.0,United States,3PL_East,Carrier_C,none,6.2,3.4,5,False,False,none
ORD002407,2025-04-12,Zip Hoodie,4,307.2,United States,3PL_East,Carrier_B,email_drop,9.19,3.9,5,False,False,none
ORD002408,2025-03-01,Cloud Sweatpants,1,78.0,United States,3PL_Central,Carrier_D,none,7.52,2.5,5,False,False,none
ORD002409,2025-03-06,Cloud Sweatpants,2,132.6,Germany,3PL_International,Passport_Global,influencer_drop,19.49,3.3,9,False,False,none
ORD002410,2025-06-20,Cloud Sweatpants,1,70.2,United States,3PL_East,Carrier_C,product_launch,5.07,3.1,5,False,False,none
ORD002411,2025-05-07,Weighted Tee,4,194.4,United Kingdom,3PL_International,Passport_Global,email_drop,20.17,2.1,9,False,False,none
ORD002412,2025-06-27,Zip Hoodie,1,96.0,United States,3PL_East,Carrier_C,none,6.68,3.0,5,False,False,none
ORD002413,2025-03-19,Zip Hoodie,1,76.8,United States,3PL_West,Carrier_D,email_drop,5.98,5.7,5,True,True,changed_mind
ORD002414,2025-04-08,Cloud Sweatpants,3,187.2,United States,3PL_East,Carrier_C,email_drop,7.93,1.1,5,False,False,none
ORD002415,2025-03-30,Signature Hoodie,4,284.8,United States,3PL_Central,Carrier_B,product_launch,10.3,2.9,5,False,False,none
ORD002416,2025-01-22,Cloud Sweatpants,4,265.2,United States,3PL_East,Carrier_A,product_launch,9.13,6.6,5,True,False,none
ORD002417,2025-02-17,Zip Hoodie,2,192.0,United States,3PL_Central,Carrier_D,none,8.83,3.4,5,False,False,none
ORD002418,2025-04-06,Zip Hoodie,1,96.0,United States,3PL_West,Carrier_A,none,5.88,3.8,5,False,False,none
ORD002419,2025-01-14,Zip Hoodie,1,76.8,United States,3PL_East,Carrier_A,influencer_drop,6.34,3.6,5,False,False,none
ORD002420,2025-06-20,Signature Hoodie,1,89.0,United States,3PL_Central,Carrier_A,none,6.49,2.5,5,False,False,none
ORD002421,2025-01-25,Signature Hoodie,1,89.0,United States,3PL_East,Carrier_C,none,4.26,4.7,5,False,False,none
ORD002422,2025-02-09,Signature Hoodie,1,71.2,United States,3PL_West,Carrier_C,email_drop,6.45,3.6,5,False,False,none
ORD002423,2025-05-24,Zip Hoodie,2,163.2,United States,3PL_West,Carrier_C,email_drop,6.5,2.9,5,False,False,none
ORD002424,2025-01-20,Weighted Tee,3,162.0,United States,3PL_East,Carrier_B,none,7.1,4.6,5,False,False,none
ORD002425,2025-06-15,Cloud Sweatpants,2,156.0,United States,3PL_East,Carrier_B,none,5.69,2.8,5,False,False,none
ORD002426,2025-05-16,Zip Hoodie,1,96.0,United States,3PL_Central,Carrier_D,none,7.41,3.2,5,False,False,none
ORD002427,2025-01-14,Zip Hoodie,2,192.0,Germany,3PL_International,Passport_Global,none,18.5,3.0,9,False,False,none
ORD002428,2025-05-09,Signature Hoodie,1,80.1,United States,3PL_Central,Carrier_B,holiday_sale,5.46,2.5,5,False,False,none
ORD002429,2025-04-27,Signature Hoodie,2,160.2,United States,3PL_East,Carrier_D,holiday_sale,8.35,6.9,5,True,True,changed_mind
ORD002430,2025-05-23,Signature Hoodie,4,356.0,Australia,3PL_International,Passport_Global,none,21.48,4.9,9,False,False,none
ORD002431,2025-06-05,Weighted Tee,1,54.0,United States,3PL_West,Carrier_B,none,6.04,5.5,5,True,True,late_delivery
ORD002432,2025-05-15,Signature Hoodie,4,302.6,United States,3PL_West,Carrier_B,influencer_drop,9.79,3.1,5,False,False,none
ORD002433,2025-04-18,Cloud Sweatpants,1,66.3,United States,3PL_Central,Carrier_D,email_drop,8.13,2.0,5,False,False,none
ORD002434,2025-03-05,Signature Hoodie,2,178.0,United States,3PL_East,Carrier_C,none,7.77,1.2,5,False,False,none
ORD002435,2025-05-10,Zip Hoodie,1,96.0,United States,3PL_West,Carrier_A,none,5.19,3.2,5,False,False,none
ORD002436,2025-06-24,Signature Hoodie,1,89.0,United Kingdom,3PL_International,Passport_Global,none,17.22,3.2,9,False,False,none
ORD002437,2025-04-19,Weighted Tee,2,86.4,United States,3PL_East,Carrier_C,influencer_drop,6.48,3.1,5,False,False,none
ORD002438,2025-05-04,Signature Hoodie,1,89.0,United States,3PL_East,Carrier_C,none,5.01,2.4,5,False,False,none
ORD002439,2025-03-22,Weighted Tee,2,108.0,United States,3PL_West,Carrier_B,none,5.5,4.2,5,False,False,none
ORD002440,2025-05-22,Cloud Sweatpants,1,62.4,United States,3PL_West,Carrier_A,holiday_sale,5.19,6.0,5,True,False,none
ORD002441,2025-06-30,Cloud Sweatpants,4,249.6,United Kingdom,3PL_International,Passport_Global,email_drop,21.8,8.3,9,False,False,none
ORD002442,2025-02-02,Zip Hoodie,2,163.2,United Kingdom,3PL_International,Passport_Global,product_launch,19.92,5.3,9,False,False,none
ORD002443,2025-02-10,Cloud Sweatpants,3,234.0,Canada,3PL_International,Passport_Global,none,20.02,4.2,9,False,False,none
ORD002444,2025-04-09,Signature Hoodie,3,267.0,United States,3PL_Central,Carrier_C,none,8.56,2.6,5,False,False,none
ORD002445,2025-03-29,Zip Hoodie,3,259.2,Canada,3PL_International,Passport_Global,product_launch,20.11,3.6,9,False,True,fit_issue
ORD002446,2025-04-15,Cloud Sweatpants,1,70.2,United States,3PL_West,Carrier_B,product_launch,3.49,3.5,5,False,False,none
ORD002447,2025-01-10,Cloud Sweatpants,2,124.8,United States,3PL_East,Carrier_A,product_launch,5.46,5.6,5,True,False,none
ORD002448,2025-03-17,Zip Hoodie,4,326.4,United States,3PL_West,Carrier_C,influencer_drop,9.18,3.9,5,False,False,none
ORD002449,2025-04-18,Zip Hoodie,1,96.0,United States,3PL_Central,Carrier_C,none,3.95,5.9,5,True,False,none
ORD002450,2025-04-18,Signature Hoodie,2,178.0,United States,3PL_West,Carrier_B,none,5.48,2.4,5,False,False,none
ORD002451,2025-05-03,Signature Hoodie,1,89.0,United States,3PL_East,Carrier_A,none,4.18,3.2,5,False,False,none
ORD002452,2025-05-15,Signature Hoodie,3,213.6,United Kingdom,3PL_International,Passport_Global,product_launch,19.93,5.1,9,False,False,none
ORD002453,2025-04-29,Cloud Sweatpants,4,312.0,United States,3PL_East,Carrier_C,none,9.04,3.8,5,False,False,none
ORD002454,2025-05-29,Signature Hoodie,1,75.65,United States,3PL_East,Carrier_C,influencer_drop,4.03,3.8,5,False,False,none
ORD002455,2025-04-26,Signature Hoodie,3,226.95,United States,3PL_West,Carrier_C,product_launch,8.3,4.3,5,False,True,changed_mind
ORD002456,2025-04-08,Lounge Set,1,120.7,United States,3PL_Central,Carrier_D,product_launch,7.21,3.6,5,False,False,none
ORD002457,2025-04-22,Signature Hoodie,4,302.6,United States,3PL_East,Carrier_C,product_launch,7.79,4.7,5,False,False,none
ORD002458,2025-01-21,Signature Hoodie,1,89.0,United States,3PL_West,Carrier_B,none,5.43,5.2,5,True,False,none
ORD002459,2025-02-24,Lounge Set,1,142.0,United States,3PL_Central,Carrier_A,none,4.79,3.8,5,False,False,none
ORD002460,2025-04-06,Zip Hoodie,3,244.8,United States,3PL_West,Carrier_B,product_launch,7.08,4.0,5,False,False,none
ORD002461,2025-06-11,Zip Hoodie,3,288.0,Australia,3PL_International,Passport_Global,none,19.08,5.5,9,False,False,none
ORD002462,2025-05-07,Signature Hoodie,1,89.0,Canada,3PL_International,Passport_Global,none,17.78,3.9,9,False,False,none
ORD002463,2025-01-19,Zip Hoodie,1,76.8,United States,3PL_East,Carrier_A,product_launch,5.2,6.2,5,True,False,none
ORD002464,2025-04-19,Weighted Tee,1,43.2,United States,3PL_East,Carrier_A,email_drop,5.19,4.3,5,False,True,quality_issue
ORD002465,2025-02-14,Signature Hoodie,1,89.0,United States,3PL_West,Carrier_A,none,5.3,3.8,5,False,False,none
ORD002466,2025-05-18,Signature Hoodie,3,267.0,United States,3PL_East,Carrier_C,none,7.89,2.9,5,False,False,none
ORD002467,2025-06-04,Signature Hoodie,2,178.0,United States,3PL_West,Carrier_B,none,6.39,3.0,5,False,False,none
ORD002468,2025-04-20,Lounge Set,3,362.1,United States,3PL_West,Carrier_B,product_launch,6.11,4.7,5,False,False,none
ORD002469,2025-04-19,Signature Hoodie,2,178.0,United States,3PL_East,Carrier_A,none,6.51,4.7,5,False,False,none
ORD002470,2025-03-07,Cloud Sweatpants,2,156.0,United States,3PL_West,Carrier_B,none,5.77,3.3,5,False,False,none
ORD002471,2025-03-24,Cloud Sweatpants,2,156.0,Canada,3PL_International,Passport_Global,none,19.85,5.6,9,False,False,none
ORD002472,2025-06-10,Weighted Tee,2,86.4,United States,3PL_West,Carrier_B,holiday_sale,6.89,4.8,5,False,False,none
ORD002473,2025-05-16,Signature Hoodie,2,142.4,United States,3PL_West,Carrier_C,holiday_sale,7.34,2.6,5,False,False,none
ORD002474,2025-04-05,Cloud Sweatpants,2,156.0,Australia,3PL_International,Passport_Global,none,18.51,3.8,9,False,False,none
ORD002475,2025-03-12,Weighted Tee,2,108.0,United States,3PL_West,Carrier_C,none,7.26,6.7,5,True,False,none
ORD002476,2025-01-11,Signature Hoodie,2,178.0,United States,3PL_West,Carrier_B,none,5.65,3.9,5,False,False,none
ORD002477,2025-01-29,Cloud Sweatpants,4,312.0,United States,3PL_West,Carrier_A,none,8.83,3.3,5,False,False,none
ORD002478,2025-02-08,Signature Hoodie,1,89.0,United States,3PL_West,Carrier_A,none,4.67,2.8,5,False,False,none
ORD002479,2025-03-13,Signature Hoodie,4,356.0,United States,3PL_East,Carrier_C,none,9.33,3.4,5,False,False,none
ORD002480,2025-06-22,Signature Hoodie,1,89.0,United States,3PL_West,Carrier_D,none,8.58,4.5,5,False,False,none
ORD002481,2025-04-02,Signature Hoodie,2,178.0,United States,3PL_East,Carrier_C,none,6.83,3.4,5,False,False,none
ORD002482,2025-02-16,Signature Hoodie,2,178.0,United States,3PL_East,Carrier_A,none,5.35,2.9,5,False,False,none
ORD002483,2025-01-22,Lounge Set,4,568.0,United States,3PL_East,Carrier_A,none,8.31,1.4,5,False,False,none
ORD002484,2025-03-07,Cloud Sweatpants,1,78.0,United States,3PL_Central,Carrier_B,none,7.85,2.6,5,False,False,none
ORD002485,2025-06-03,Cloud Sweatpants,1,62.4,United States,3PL_West,Carrier_D,email_drop,7.85,3.1,5,False,False,none
ORD002486,2025-03-14,Zip Hoodie,2,192.0,United States,3PL_Central,Carrier_A,none,5.93,4.7,5,False,False,none
ORD002487,2025-05-25,Weighted Tee,3,162.0,United States,3PL_West,Carrier_A,none,8.44,4.4,5,False,False,none
ORD002488,2025-06-01,Signature Hoodie,2,151.3,Australia,3PL_International,Passport_Global,product_launch,19.05,7.1,9,False,False,none
ORD002489,2025-01-23,Signature Hoodie,2,178.0,United States,3PL_West,Carrier_A,none,8.65,2.9,5,False,False,none
ORD002490,2025-04-23,Signature Hoodie,1,80.1,United States,3PL_West,Carrier_A,holiday_sale,5.46,4.7,5,False,False,none
ORD002491,2025-06-24,Lounge Set,4,568.0,United States,3PL_East,Carrier_A,none,8.65,4.1,5,False,False,none
ORD002492,2025-03-17,Lounge Set,3,340.8,United States,3PL_West,Carrier_B,email_drop,7.64,2.9,5,False,False,none
ORD002493,2025-01-11,Cloud Sweatpants,1,78.0,United States,3PL_West,Carrier_A,none,5.09,4.2,5,False,True,fit_issue
ORD002494,2025-06-19,Signature Hoodie,2,178.0,United States,3PL_East,Carrier_A,none,5.98,5.1,5,True,False,none
ORD002495,2025-06-13,Cloud Sweatpants,1,62.4,United States,3PL_East,Carrier_B,holiday_sale,4.5,5.3,5,True,False,none
ORD002496,2025-04-05,Zip Hoodie,2,172.8,Australia,3PL_International,Passport_Global,influencer_drop,18.57,4.6,9,False,False,none
ORD002497,2025-04-11,Signature Hoodie,2,178.0,United States,3PL_East,Carrier_C,none,7.17,5.0,5,False,False,none
ORD002498,2025-02-12,Signature Hoodie,4,302.6,United States,3PL_West,Carrier_C,influencer_drop,8.64,4.6,5,False,False,none
ORD002499,2025-06-03,Signature Hoodie,1,89.0,United States,3PL_West,Carrier_B,none,4.94,2.7,5,False,False,none
ORD002500,2025-04-01,Zip Hoodie,1,86.4,United States,3PL_Central,Carrier_C,holiday_sale,4.34,4.9,5,False,True,changed_mind
ORD002501,2025-01-07,Weighted Tee,2,91.8,United States,3PL_West,Carrier_A,influencer_drop,7.11,3.4,5,False,False,none
ORD002502,2025-05-08,Signature Hoodie,1,89.0,United States,3PL_West,Carrier_A,none,6.69,3.1,5,False,False,none
ORD002503,2025-06-23,Lounge Set,2,227.2,United States,3PL_West,Carrier_C,holiday_sale,5.87,3.4,5,False,False,none
ORD002504,2025-06-05,Cloud Sweatpants,1,70.2,United States,3PL_West,Carrier_A,product_launch,4.89,3.9,5,False,False,none
ORD002505,2025-02-25,Zip Hoodie,1,86.4,United States,3PL_East,Carrier_A,email_drop,4.66,3.5,5,False,False,none
ORD002506,2025-01-11,Lounge Set,2,284.0,United States,3PL_East,Carrier_A,none,7.2,3.5,5,False,False,none
ORD002507,2025-06-21,Cloud Sweatpants,2,132.6,United States,3PL_East,Carrier_C,influencer_drop,7.38,4.2,5,False,False,none
ORD002508,2025-06-21,Signature Hoodie,1,75.65,United States,3PL_West,Carrier_C,email_drop,5.52,5.6,5,True,False,none
ORD002509,2025-04-07,Signature Hoodie,4,356.0,United States,3PL_East,Carrier_A,none,7.9,3.6,5,False,False,none
ORD002510,2025-04-29,Lounge Set,4,511.2,United Kingdom,3PL_International,Passport_Global,holiday_sale,21.56,4.0,9,False,False,none
ORD002511,2025-03-26,Cloud Sweatpants,1,78.0,United States,3PL_Central,Carrier_A,none,5.59,4.2,5,False,False,none
ORD002512,2025-03-20,Signature Hoodie,1,75.65,Canada,3PL_International,Passport_Global,holiday_sale,18.07,4.8,9,False,False,none
ORD002513,2025-01-25,Cloud Sweatpants,2,132.6,United States,3PL_East,Carrier_A,email_drop,5.71,4.7,5,False,True,fit_issue
ORD002514,2025-01-20,Signature Hoodie,2,178.0,United States,3PL_West,Carrier_A,none,5.66,4.7,5,False,False,none
ORD002515,2025-02-16,Signature Hoodie,1,80.1,United States,3PL_West,Carrier_C,product_launch,4.1,4.6,5,False,False,none
ORD002516,2025-06-06,Lounge Set,2,284.0,United States,3PL_Central,Carrier_D,none,9.27,3.6,5,False,False,none
ORD002517,2025-01-30,Cloud Sweatpants,4,312.0,United States,3PL_West,Carrier_A,none,9.8,4.9,5,False,False,none
ORD002518,2025-02-15,Signature Hoodie,1,89.0,United States,3PL_East,Carrier_A,none,4.11,4.0,5,False,False,none
ORD002519,2025-04-11,Cloud Sweatpants,1,78.0,United States,3PL_Central,Carrier_C,none,4.76,1.0,5,False,False,none
ORD002520,2025-02-13,Weighted Tee,3,145.8,United States,3PL_East,Carrier_A,email_drop,7.07,3.4,5,False,False,none
ORD002521,2025-02-02,Signature Hoodie,2,178.0,Australia,3PL_International,Passport_Global,none,19.68,5.5,9,False,False,none
ORD002522,2025-04-13,Signature Hoodie,2,160.2,United States,3PL_East,Carrier_A,product_launch,6.62,4.0,5,False,False,none
ORD002523,2025-03-12,Signature Hoodie,2,160.2,Canada,3PL_International,Passport_Global,product_launch,20.18,7.9,9,False,False,none
ORD002524,2025-04-26,Signature Hoodie,3,213.6,Australia,3PL_International,Passport_Global,influencer_drop,19.87,5.4,9,False,False,none
ORD002525,2025-06-17,Signature Hoodie,3,267.0,United States,3PL_East,Carrier_A,none,6.63,4.5,5,False,False,none
ORD002526,2025-01-31,Signature Hoodie,2,151.3,United States,3PL_East,Carrier_C,email_drop,5.96,4.9,5,False,True,changed_mind
ORD002527,2025-06-17,Signature Hoodie,2,178.0,United States,3PL_East,Carrier_B,none,5.82,4.8,5,False,False,none
ORD002528,2025-06-16,Zip Hoodie,2,153.6,United States,3PL_Central,Carrier_D,influencer_drop,9.19,3.3,5,False,False,none
ORD002529,2025-06-05,Signature Hoodie,1,89.0,United Kingdom,3PL_International,Passport_Global,none,19.34,4.5,9,False,False,none
ORD002530,2025-04-27,Signature Hoodie,2,151.3,Canada,3PL_International,Passport_Global,product_launch,19.34,5.6,9,False,False,none
ORD002531,2025-04-25,Zip Hoodie,2,192.0,United States,3PL_West,Carrier_A,none,5.99,4.0,5,False,True,quality_issue
ORD002532,2025-04-29,Signature Hoodie,3,267.0,United States,3PL_West,Carrier_D,none,9.71,3.2,5,False,False,none
ORD002533,2025-05-09,Signature Hoodie,3,240.3,United States,3PL_East,Carrier_A,product_launch,6.39,4.6,5,False,False,none
ORD002534,2025-01-04,Weighted Tee,1,54.0,United States,3PL_Central,Carrier_A,none,5.24,3.3,5,False,False,none
ORD002535,2025-06-24,Cloud Sweatpants,3,198.9,United States,3PL_West,Carrier_A,holiday_sale,6.36,3.9,5,False,False,none
ORD002536,2025-04-18,Zip Hoodie,2,172.8,United States,3PL_West,Carrier_D,holiday_sale,8.73,4.0,5,False,False,none
ORD002537,2025-05-27,Cloud Sweatpants,1,78.0,United States,3PL_Central,Carrier_D,none,7.07,4.0,5,False,False,none
ORD002538,2025-03-13,Weighted Tee,1,54.0,United States,3PL_East,Carrier_C,none,6.06,2.7,5,False,True,quality_issue
ORD002539,2025-01-03,Signature Hoodie,1,89.0,United States,3PL_East,Carrier_A,none,5.99,2.9,5,False,False,none
ORD002540,2025-04-03,Signature Hoodie,2,142.4,United Kingdom,3PL_International,Passport_Global,holiday_sale,18.51,5.0,9,False,False,none
ORD002541,2025-04-02,Lounge Set,1,120.7,United States,3PL_West,Carrier_A,product_launch,6.21,4.7,5,False,True,late_delivery
ORD002542,2025-03-22,Signature Hoodie,1,89.0,United States,3PL_West,Carrier_A,none,4.45,3.6,5,False,False,none
ORD002543,2025-03-07,Cloud Sweatpants,1,66.3,United States,3PL_Central,Carrier_D,email_drop,9.31,5.0,5,False,False,none
ORD002544,2025-02-20,Signature Hoodie,4,356.0,United States,3PL_Central,Carrier_B,none,7.78,3.8,5,False,False,none
ORD002545,2025-04-06,Signature Hoodie,1,89.0,United States,3PL_Central,Carrier_A,none,6.0,3.8,5,False,False,none
ORD002546,2025-03-13,Zip Hoodie,1,86.4,United States,3PL_East,Carrier_C,influencer_drop,6.39,2.9,5,False,False,none
ORD002547,2025-06-26,Cloud Sweatpants,1,62.4,United States,3PL_Central,Carrier_A,holiday_sale,5.54,4.3,5,False,True,changed_mind
ORD002548,2025-02-04,Cloud Sweatpants,1,78.0,United States,3PL_West,Carrier_B,none,4.57,3.0,5,False,False,none
ORD002549,2025-03-04,Signature Hoodie,4,356.0,United States,3PL_West,Carrier_A,none,8.23,4.4,5,False,False,none
ORD002550,2025-03-01,Signature Hoodie,1,89.0,United States,3PL_East,Carrier_B,none,4.58,4.6,5,False,False,none
ORD002551,2025-04-10,Zip Hoodie,1,96.0,United States,3PL_West,Carrier_A,none,5.4,1.9,5,False,False,none
ORD002552,2025-04-01,Signature Hoodie,1,89.0,United States,3PL_East,Carrier_A,none,6.03,4.1,5,False,False,none
ORD002553,2025-04-30,Cloud Sweatpants,1,70.2,United States,3PL_Central,Carrier_D,holiday_sale,7.59,5.0,5,False,False,none
ORD002554,2025-06-23,Cloud Sweatpants,1,78.0,Canada,3PL_International,Passport_Global,none,17.84,5.0,9,False,False,none
ORD002555,2025-02-27,Signature Hoodie,1,89.0,United States,3PL_West,Carrier_B,none,4.28,3.1,5,False,False,none
ORD002556,2025-05-10,Signature Hoodie,3,213.6,United States,3PL_East,Carrier_C,email_drop,9.06,2.8,5,False,False,none
ORD002557,2025-01-05,Lounge Set,3,426.0,United Kingdom,3PL_International,Passport_Global,none,19.96,4.8,9,False,False,none
ORD002558,2025-02-22,Cloud Sweatpants,1,78.0,United States,3PL_West,Carrier_B,none,5.1,3.6,5,False,False,none
ORD002559,2025-03-26,Signature Hoodie,2,142.4,United Kingdom,3PL_International,Passport_Global,product_launch,19.13,4.9,9,False,False,none
ORD002560,2025-01-07,Weighted Tee,1,54.0,United States,3PL_West,Carrier_A,none,4.07,3.6,5,False,False,none
ORD002561,2025-04-25,Signature Hoodie,4,356.0,United States,3PL_East,Carrier_B,none,8.8,4.0,5,False,False,none
ORD002562,2025-05-07,Lounge Set,1,142.0,United Kingdom,3PL_International,Passport_Global,none,17.63,6.4,9,False,False,none
ORD002563,2025-05-20,Signature Hoodie,1,89.0,United States,3PL_East,Carrier_C,none,5.26,3.5,5,False,False,none
ORD002564,2025-04-04,Signature Hoodie,1,89.0,United States,3PL_West,Carrier_B,none,6.38,3.2,5,False,False,none
ORD002565,2025-04-22,Cloud Sweatpants,1,78.0,United States,3PL_West,Carrier_B,none,4.4,4.7,5,False,False,none
ORD002566,2025-03-16,Signature Hoodie,4,356.0,United States,3PL_East,Carrier_B,none,8.82,3.5,5,False,False,none
ORD002567,2025-01-09,Zip Hoodie,2,153.6,United States,3PL_East,Carrier_D,holiday_sale,7.86,4.7,5,False,False,none
ORD002568,2025-01-20,Signature Hoodie,1,89.0,United States,3PL_West,Carrier_A,none,5.23,5.7,5,True,False,none
ORD002569,2025-05-02,Cloud Sweatpants,3,234.0,Germany,3PL_International,Passport_Global,none,20.77,3.5,9,False,False,none
ORD002570,2025-06-30,Lounge Set,3,426.0,United States,3PL_East,Carrier_D,none,9.4,2.8,5,False,True,late_delivery
ORD002571,2025-01-04,Cloud Sweatpants,1,66.3,United States,3PL_West,Carrier_B,product_launch,5.18,3.4,5,False,False,none
ORD002572,2025-04-12,Cloud Sweatpants,2,156.0,United States,3PL_West,Carrier_C,none,4.67,3.7,5,False,False,none
ORD002573,2025-05-21,Signature Hoodie,1,80.1,United States,3PL_East,Carrier_B,holiday_sale,6.03,3.2,5,False,False,none
ORD002574,2025-06-04,Signature Hoodie,2,178.0,United States,3PL_East,Carrier_D,none,7.05,3.6,5,False,False,none
ORD002575,2025-04-10,Lounge Set,1,127.8,United States,3PL_East,Carrier_D,product_launch,6.82,4.5,5,False,False,none
ORD002576,2025-04-25,Cloud Sweatpants,3,234.0,Australia,3PL_International,Passport_Global,none,19.41,1.8,9,False,True,quality_issue
ORD002577,2025-05-10,Zip Hoodie,4,384.0,United States,3PL_East,Carrier_A,none,7.02,3.6,5,False,True,quality_issue
ORD002578,2025-06-09,Cloud Sweatpants,1,78.0,United States,3PL_Central,Carrier_B,none,5.51,4.2,5,False,False,none
ORD002579,2025-01-25,Signature Hoodie,3,267.0,United States,3PL_West,Carrier_A,none,7.36,3.4,5,False,False,none
ORD002580,2025-06-19,Signature Hoodie,4,320.4,United States,3PL_West,Carrier_A,influencer_drop,9.26,2.2,5,False,False,none
ORD002581,2025-01-06,Signature Hoodie,1,80.1,United States,3PL_Central,Carrier_B,email_drop,5.84,5.1,5,True,False,none
ORD002582,2025-06-06,Cloud Sweatpants,2,132.6,United States,3PL_East,Carrier_B,email_drop,7.04,4.7,5,False,False,none
ORD002583,2025-01-16,Signature Hoodie,1,89.0,United States,3PL_West,Carrier_C,none,5.81,5.3,5,True,False,none
ORD002584,2025-02-09,Signature Hoodie,1,71.2,United States,3PL_East,Carrier_A,email_drop,5.79,2.8,5,False,False,none
ORD002585,2025-01-01,Cloud Sweatpants,1,78.0,Canada,3PL_International,Passport_Global,none,18.56,4.8,9,False,False,none
ORD002586,2025-03-23,Cloud Sweatpants,4,265.2,Canada,3PL_International,Passport_Global,product_launch,21.54,4.3,9,False,False,none
ORD002587,2025-03-07,Cloud Sweatpants,1,66.3,United States,3PL_East,Carrier_B,email_drop,5.57,1.8,5,False,False,none
ORD002588,2025-02-03,Lounge Set,1,142.0,United States,3PL_Central,Carrier_A,none,5.27,2.1,5,False,False,none
ORD002589,2025-03-24,Cloud Sweatpants,2,124.8,Canada,3PL_International,Passport_Global,holiday_sale,19.16,5.8,9,False,False,none
ORD002590,2025-03-17,Signature Hoodie,4,356.0,United States,3PL_West,Carrier_A,none,9.27,4.9,5,False,False,none
ORD002591,2025-05-25,Zip Hoodie,3,288.0,United States,3PL_West,Carrier_D,none,9.89,5.5,5,True,False,none
ORD002592,2025-06-14,Cloud Sweatpants,4,312.0,United States,3PL_Central,Carrier_A,none,8.71,3.8,5,False,False,none
ORD002593,2025-05-02,Cloud Sweatpants,1,62.4,United States,3PL_East,Carrier_B,email_drop,7.1,2.9,5,False,False,none
ORD002594,2025-01-25,Lounge Set,1,142.0,Australia,3PL_International,Passport_Global,none,19.03,3.7,9,False,False,none
ORD002595,2025-03-01,Signature Hoodie,2,178.0,United States,3PL_East,Carrier_A,none,5.89,4.1,5,False,False,none
ORD002596,2025-06-17,Cloud Sweatpants,1,70.2,United States,3PL_East,Carrier_D,influencer_drop,7.19,5.8,5,True,False,none
ORD002597,2025-01-18,Signature Hoodie,1,89.0,United States,3PL_East,Carrier_C,none,6.69,4.4,5,False,False,none
ORD002598,2025-03-18,Signature Hoodie,3,213.6,United States,3PL_East,Carrier_B,email_drop,6.99,4.7,5,False,False,none
ORD002599,2025-06-22,Cloud Sweatpants,1,78.0,Canada,3PL_International,Passport_Global,none,16.81,6.0,9,False,False,none
ORD002600,2025-06-23,Signature Hoodie,1,89.0,United States,3PL_West,Carrier_A,none,7.54,3.3,5,False,False,none
ORD002601,2025-03-18,Signature Hoodie,4,284.8,Canada,3PL_International,Passport_Global,holiday_sale,20.86,5.8,9,False,False,none
ORD002602,2025-05-04,Cloud Sweatpants,3,234.0,United States,3PL_Central,Carrier_A,none,6.08,5.3,5,True,False,none
ORD002603,2025-03-25,Signature Hoodie,2,142.4,United Kingdom,3PL_International,Passport_Global,email_drop,18.29,5.1,9,False,False,none
ORD002604,2025-05-22,Cloud Sweatpants,1,78.0,Canada,3PL_International,Passport_Global,none,17.46,5.3,9,False,False,none
ORD002605,2025-01-07,Signature Hoodie,1,75.65,United States,3PL_Central,Carrier_B,holiday_sale,6.05,3.2,5,False,False,none
ORD002606,2025-01-30,Cloud Sweatpants,1,78.0,United Kingdom,3PL_International,Passport_Global,none,17.83,5.9,9,False,False,none
ORD002607,2025-04-24,Cloud Sweatpants,2,140.4,United States,3PL_East,Carrier_A,influencer_drop,5.42,3.4,5,False,True,fit_issue
ORD002608,2025-02-16,Cloud Sweatpants,2,156.0,United States,3PL_East,Carrier_A,none,4.2,4.8,5,False,False,none
ORD002609,2025-05-04,Zip Hoodie,1,96.0,United States,3PL_East,Carrier_A,none,5.79,3.4,5,False,False,none
ORD002610,2025-03-09,Weighted Tee,3,162.0,United States,3PL_East,Carrier_A,none,7.75,3.6,5,False,False,none
ORD002611,2025-06-13,Signature Hoodie,3,267.0,Germany,3PL_International,Passport_Global,none,21.06,2.5,9,False,False,none
ORD002612,2025-06-03,Cloud Sweatpants,3,234.0,United States,3PL_West,Carrier_B,none,7.19,3.4,5,False,False,none
ORD002613,2025-03-31,Lounge Set,1,142.0,United States,3PL_Central,Carrier_C,none,5.18,2.4,5,False,False,none
ORD002614,2025-05-26,Zip Hoodie,2,192.0,Australia,3PL_International,Passport_Global,none,18.51,4.3,9,False,False,none
ORD002615,2025-02-24,Weighted Tee,1,45.9,United States,3PL_Central,Carrier_A,email_drop,4.91,4.0,5,False,True,fit_issue
ORD002616,2025-03-31,Zip Hoodie,1,96.0,United States,3PL_East,Carrier_A,none,5.7,1.7,5,False,False,none
ORD002617,2025-02-09,Zip Hoodie,4,384.0,Canada,3PL_International,Passport_Global,none,20.88,6.1,9,False,False,none
ORD002618,2025-06-09,Signature Hoodie,1,89.0,United States,3PL_Central,Carrier_B,none,4.05,6.0,5,True,False,none
ORD002619,2025-06-04,Signature Hoodie,3,267.0,Canada,3PL_International,Passport_Global,none,21.15,4.4,9,False,False,none
ORD002620,2025-06-16,Cloud Sweatpants,1,70.2,United States,3PL_West,Carrier_A,email_drop,5.57,4.1,5,False,False,none
ORD002621,2025-06-12,Cloud Sweatpants,4,265.2,United States,3PL_East,Carrier_B,holiday_sale,9.37,3.0,5,False,False,none
ORD002622,2025-06-24,Zip Hoodie,1,96.0,United States,3PL_Central,Carrier_B,none,6.44,3.9,5,False,False,none
ORD002623,2025-02-15,Weighted Tee,1,48.6,United States,3PL_West,Carrier_C,email_drop,5.23,3.8,5,False,False,none
ORD002624,2025-06-20,Signature Hoodie,1,89.0,United States,3PL_Central,Carrier_D,none,7.03,6.1,5,True,False,none
ORD002625,2025-04-15,Cloud Sweatpants,1,66.3,United States,3PL_West,Carrier_B,product_launch,4.53,4.1,5,False,True,late_delivery
ORD002626,2025-03-20,Lounge Set,2,284.0,United States,3PL_West,Carrier_C,none,7.23,3.8,5,False,False,none
ORD002627,2025-04-13,Lounge Set,1,142.0,United States,3PL_West,Carrier_B,none,4.15,2.7,5,False,False,none
ORD002628,2025-03-08,Lounge Set,1,142.0,United States,3PL_West,Carrier_D,none,7.36,2.9,5,False,True,quality_issue
ORD002629,2025-02-28,Zip Hoodie,2,192.0,United States,3PL_West,Carrier_C,none,6.96,3.2,5,False,False,none
ORD002630,2025-02-18,Weighted Tee,1,45.9,United States,3PL_East,Carrier_A,influencer_drop,4.34,3.5,5,False,False,none
ORD002631,2025-01-17,Signature Hoodie,2,178.0,United States,3PL_West,Carrier_A,none,7.53,2.7,5,False,False,none
ORD002632,2025-03-31,Signature Hoodie,2,178.0,United States,3PL_East,Carrier_D,none,6.76,3.9,5,False,False,none
ORD002633,2025-06-14,Signature Hoodie,2,178.0,United States,3PL_East,Carrier_B,none,5.49,2.3,5,False,False,none
ORD002634,2025-04-27,Cloud Sweatpants,1,70.2,United States,3PL_West,Carrier_B,product_launch,5.37,4.6,5,False,True,changed_mind
ORD002635,2025-04-05,Lounge Set,1,120.7,Germany,3PL_International,Passport_Global,influencer_drop,18.37,6.7,9,False,False,none
ORD002636,2025-03-21,Cloud Sweatpants,4,249.6,United States,3PL_West,Carrier_A,product_launch,7.76,4.3,5,False,True,fit_issue
ORD002637,2025-03-26,Zip Hoodie,3,259.2,United States,3PL_Central,Carrier_C,holiday_sale,8.28,5.3,5,True,False,none
ORD002638,2025-02-12,Signature Hoodie,1,71.2,United States,3PL_West,Carrier_B,holiday_sale,6.05,4.8,5,False,False,none
ORD002639,2025-06-04,Zip Hoodie,4,384.0,United States,3PL_Central,Carrier_D,none,10.33,4.4,5,False,False,none
ORD002640,2025-02-09,Signature Hoodie,1,89.0,United States,3PL_West,Carrier_B,none,5.5,3.7,5,False,False,none
ORD002641,2025-05-14,Cloud Sweatpants,1,78.0,United States,3PL_East,Carrier_A,none,6.33,1.0,5,False,False,none
ORD002642,2025-05-23,Signature Hoodie,4,356.0,United States,3PL_West,Carrier_D,none,11.87,3.6,5,False,False,none
ORD002643,2025-04-16,Cloud Sweatpants,2,140.4,Canada,3PL_International,Passport_Global,email_drop,18.54,3.2,9,False,False,none
ORD002644,2025-06-10,Cloud Sweatpants,2,156.0,United States,3PL_Central,Carrier_C,none,5.88,3.8,5,False,False,none
ORD002645,2025-02-28,Zip Hoodie,1,96.0,United Kingdom,3PL_International,Passport_Global,none,17.67,5.1,9,False,False,none
ORD002646,2025-06-13,Cloud Sweatpants,3,210.6,United States,3PL_East,Carrier_B,email_drop,6.84,5.2,5,True,False,none
ORD002647,2025-05-17,Weighted Tee,2,108.0,United States,3PL_West,Carrier_C,none,7.55,2.7,5,False,False,none
ORD002648,2025-05-31,Lounge Set,2,284.0,United States,3PL_East,Carrier_C,none,6.94,2.7,5,False,False,none
ORD002649,2025-05-04,Signature Hoodie,1,89.0,United Kingdom,3PL_International,Passport_Global,none,17.8,4.6,9,False,False,none
ORD002650,2025-06-07,Signature Hoodie,1,80.1,United States,3PL_East,Carrier_C,email_drop,6.29,2.8,5,False,False,none
ORD002651,2025-06-29,Signature Hoodie,2,178.0,United States,3PL_Central,Carrier_A,none,7.17,3.3,5,False,False,none
ORD002652,2025-03-20,Signature Hoodie,2,178.0,United States,3PL_East,Carrier_C,none,7.33,4.0,5,False,False,none
ORD002653,2025-06-02,Signature Hoodie,3,267.0,Australia,3PL_International,Passport_Global,none,20.54,4.8,9,False,False,none
ORD002654,2025-05-20,Lounge Set,1,120.7,United States,3PL_West,Carrier_D,influencer_drop,8.33,3.6,5,False,False,none
ORD002655,2025-03-25,Weighted Tee,1,54.0,United States,3PL_Central,Carrier_D,none,6.1,3.6,5,False,False,none
ORD002656,2025-06-20,Signature Hoodie,2,178.0,Australia,3PL_International,Passport_Global,none,19.37,3.8,9,False,False,none
ORD002657,2025-03-16,Zip Hoodie,2,163.2,Canada,3PL_International,Passport_Global,holiday_sale,20.21,5.4,9,False,False,none
ORD002658,2025-04-14,Lounge Set,1,113.6,United States,3PL_East,Carrier_B,holiday_sale,5.15,3.4,5,False,False,none
ORD002659,2025-01-22,Signature Hoodie,1,89.0,United States,3PL_West,Carrier_A,none,4.94,3.6,5,False,False,none
ORD002660,2025-02-15,Lounge Set,1,142.0,United States,3PL_Central,Carrier_C,none,5.1,2.8,5,False,False,none
ORD002661,2025-06-06,Weighted Tee,1,54.0,Australia,3PL_International,Passport_Global,none,17.8,3.5,9,False,False,none
ORD002662,2025-03-16,Weighted Tee,1,45.9,United States,3PL_East,Carrier_B,email_drop,6.26,3.5,5,False,False,none
ORD002663,2025-03-16,Zip Hoodie,4,384.0,United States,3PL_Central,Carrier_B,none,8.85,5.6,5,True,False,none
ORD002664,2025-02-19,Signature Hoodie,3,213.6,United States,3PL_East,Carrier_A,product_launch,8.61,5.1,5,True,False,none
ORD002665,2025-03-30,Signature Hoodie,1,75.65,Australia,3PL_International,Passport_Global,influencer_drop,18.19,3.2,9,False,False,none
ORD002666,2025-06-01,Weighted Tee,1,54.0,United States,3PL_East,Carrier_B,none,6.15,5.2,5,True,False,none
ORD002667,2025-06-15,Signature Hoodie,1,89.0,United States,3PL_East,Carrier_B,none,5.44,3.7,5,False,False,none
ORD002668,2025-01-15,Cloud Sweatpants,4,280.8,United States,3PL_Central,Carrier_B,holiday_sale,8.66,6.2,5,True,False,none
ORD002669,2025-04-16,Signature Hoodie,2,160.2,Germany,3PL_International,Passport_Global,email_drop,17.89,4.6,9,False,False,none
ORD002670,2025-03-27,Cloud Sweatpants,1,66.3,United Kingdom,3PL_International,Passport_Global,influencer_drop,15.85,4.3,9,False,False,none
ORD002671,2025-04-24,Signature Hoodie,2,178.0,United States,3PL_East,Carrier_B,none,6.24,4.3,5,False,False,none
ORD002672,2025-03-24,Lounge Set,2,241.4,United States,3PL_West,Carrier_A,email_drop,4.53,3.9,5,False,False,none
ORD002673,2025-03-16,Cloud Sweatpants,1,70.2,United States,3PL_West,Carrier_D,influencer_drop,7.12,6.0,5,True,False,none
ORD002674,2025-03-28,Cloud Sweatpants,1,62.4,United States,3PL_West,Carrier_A,product_launch,5.93,4.6,5,False,False,none
ORD002675,2025-04-17,Signature Hoodie,1,89.0,United States,3PL_West,Carrier_D,none,7.22,4.8,5,False,False,none
ORD002676,2025-04-01,Cloud Sweatpants,2,156.0,United States,3PL_West,Carrier_A,none,4.29,3.6,5,False,False,none
ORD002677,2025-03-28,Lounge Set,4,568.0,United States,3PL_East,Carrier_A,none,8.51,4.0,5,False,False,none
ORD002678,2025-06-03,Lounge Set,3,362.1,United States,3PL_East,Carrier_D,email_drop,9.92,4.9,5,False,False,none
ORD002679,2025-05-20,Lounge Set,1,120.7,United States,3PL_Central,Carrier_B,product_launch,6.4,4.7,5,False,False,none
ORD002680,2025-03-08,Cloud Sweatpants,2,156.0,Australia,3PL_International,Passport_Global,none,19.35,4.8,9,False,False,none
ORD002681,2025-05-31,Lounge Set,1,142.0,United States,3PL_East,Carrier_B,none,5.38,3.0,5,False,False,none
ORD002682,2025-06-08,Cloud Sweatpants,1,78.0,United States,3PL_Central,Carrier_A,none,5.76,3.9,5,False,False,none
ORD002683,2025-01-31,Zip Hoodie,1,96.0,United States,3PL_Central,Carrier_A,none,6.86,1.5,5,False,False,none
ORD002684,2025-04-18,Zip Hoodie,3,230.4,United States,3PL_Central,Carrier_A,holiday_sale,7.7,5.1,5,True,False,none
ORD002685,2025-02-27,Cloud Sweatpants,4,312.0,United States,3PL_Central,Carrier_A,none,7.64,2.0,5,False,False,none
ORD002686,2025-05-19,Cloud Sweatpants,1,78.0,United Kingdom,3PL_International,Passport_Global,none,17.41,4.8,9,False,False,none
ORD002687,2025-02-17,Zip Hoodie,2,163.2,United States,3PL_East,Carrier_B,product_launch,5.94,5.8,5,True,False,none
ORD002688,2025-05-05,Signature Hoodie,2,178.0,Germany,3PL_International,Passport_Global,none,18.0,3.9,9,False,False,none
ORD002689,2025-02-21,Zip Hoodie,1,96.0,United States,3PL_Central,Carrier_B,none,4.81,4.2,5,False,False,none
ORD002690,2025-04-03,Signature Hoodie,3,267.0,United States,3PL_West,Carrier_B,none,9.89,5.1,5,True,False,none
ORD002691,2025-06-23,Cloud Sweatpants,2,156.0,United Kingdom,3PL_International,Passport_Global,none,18.11,4.3,9,False,False,none
ORD002692,2025-03-14,Lounge Set,1,142.0,United States,3PL_East,Carrier_D,none,6.78,3.3,5,False,False,none
ORD002693,2025-06-12,Signature Hoodie,3,213.6,United States,3PL_East,Carrier_A,email_drop,9.91,3.8,5,False,False,none
ORD002694,2025-06-29,Signature Hoodie,2,178.0,United States,3PL_Central,Carrier_A,none,6.98,4.0,5,False,False,none
ORD002695,2025-06-12,Cloud Sweatpants,1,62.4,United States,3PL_East,Carrier_D,email_drop,7.45,5.5,5,True,False,none
ORD002696,2025-02-03,Signature Hoodie,3,267.0,United States,3PL_West,Carrier_B,none,8.1,3.3,5,False,False,none
ORD002697,2025-06-03,Signature Hoodie,2,178.0,United States,3PL_East,Carrier_A,none,6.67,4.0,5,False,False,none
ORD002698,2025-01-07,Zip Hoodie,1,96.0,United States,3PL_Central,Carrier_C,none,5.0,3.2,5,False,False,none
ORD002699,2025-03-16,Signature Hoodie,1,89.0,United States,3PL_East,Carrier_A,none,5.63,2.5,5,False,False,none
ORD002700,2025-06-11,Zip Hoodie,1,96.0,United States,3PL_Central,Carrier_A,none,5.81,3.4,5,False,False,none
ORD002701,2025-05-09,Signature Hoodie,1,71.2,United States,3PL_East,Carrier_B,email_drop,4.02,3.6,5,False,False,none
ORD002702,2025-04-07,Signature Hoodie,1,89.0,United States,3PL_Central,Carrier_D,none,6.8,4.2,5,False,False,none
ORD002703,2025-03-15,Cloud Sweatpants,2,140.4,United States,3PL_East,Carrier_D,email_drop,6.96,4.1,5,False,False,none
ORD002704,2025-06-02,Weighted Tee,3,162.0,United States,3PL_Central,Carrier_B,none,6.95,3.4,5,False,False,none
ORD002705,2025-05-13,Cloud Sweatpants,1,78.0,United States,3PL_West,Carrier_B,none,5.79,5.2,5,True,False,none
ORD002706,2025-03-27,Signature Hoodie,2,178.0,United States,3PL_East,Carrier_B,none,6.17,5.8,5,True,False,none
ORD002707,2025-06-14,Cloud Sweatpants,2,156.0,United States,3PL_East,Carrier_D,none,8.13,2.7,5,False,False,none
ORD002708,2025-02-16,Cloud Sweatpants,2,124.8,United States,3PL_West,Carrier_C,email_drop,4.34,3.0,5,False,False,none
ORD002709,2025-02-04,Zip Hoodie,4,345.6,United States,3PL_West,Carrier_A,influencer_drop,7.74,3.7,5,False,False,none
ORD002710,2025-04-30,Signature Hoodie,1,89.0,United States,3PL_East,Carrier_D,none,6.24,3.2,5,False,False,none
ORD002711,2025-06-26,Signature Hoodie,1,89.0,Canada,3PL_International,Passport_Global,none,16.39,4.1,9,False,False,none
ORD002712,2025-02-19,Cloud Sweatpants,1,66.3,Canada,3PL_International,Passport_Global,influencer_drop,17.92,2.8,9,False,False,none
ORD002713,2025-02-20,Zip Hoodie,1,96.0,United States,3PL_West,Carrier_C,none,5.43,2.9,5,False,False,none
ORD002714,2025-01-29,Lounge Set,1,142.0,United States,3PL_West,Carrier_D,none,7.84,4.6,5,False,False,none
ORD002715,2025-06-09,Cloud Sweatpants,4,312.0,Canada,3PL_International,Passport_Global,none,22.27,4.5,9,False,False,none
ORD002716,2025-02-15,Zip Hoodie,1,96.0,United States,3PL_East,Carrier_D,none,8.3,4.3,5,False,False,none
ORD002717,2025-04-02,Cloud Sweatpants,3,210.6,United States,3PL_East,Carrier_A,holiday_sale,7.98,4.5,5,False,False,none
ORD002718,2025-06-29,Cloud Sweatpants,1,78.0,United States,3PL_East,Carrier_B,none,5.55,3.1,5,False,False,none
ORD002719,2025-01-03,Zip Hoodie,1,96.0,United States,3PL_Central,Carrier_D,none,7.43,1.4,5,False,False,none
ORD002720,2025-04-12,Signature Hoodie,1,71.2,United States,3PL_East,Carrier_D,influencer_drop,6.39,3.4,5,False,False,none
ORD002721,2025-04-04,Weighted Tee,1,54.0,Canada,3PL_International,Passport_Global,none,18.02,3.4,9,False,False,none
ORD002722,2025-06-01,Signature Hoodie,2,160.2,United States,3PL_East,Carrier_C,email_drop,6.14,2.1,5,False,True,duplicate_order
ORD002723,2025-03-10,Zip Hoodie,1,96.0,Australia,3PL_International,Passport_Global,none,16.82,4.6,9,False,False,none
ORD002724,2025-03-18,Cloud Sweatpants,2,156.0,United States,3PL_West,Carrier_D,none,6.91,2.5,5,False,False,none
ORD002725,2025-02-03,Lounge Set,3,426.0,Canada,3PL_International,Passport_Global,none,18.16,4.6,9,False,False,none
ORD002726,2025-05-19,Signature Hoodie,1,89.0,Canada,3PL_International,Passport_Global,none,17.59,3.2,9,False,False,none
ORD002727,2025-05-28,Lounge Set,1,142.0,United States,3PL_East,Carrier_C,none,4.85,4.3,5,False,False,none
ORD002728,2025-01-28,Signature Hoodie,2,142.4,United States,3PL_Central,Carrier_C,email_drop,5.95,3.9,5,False,False,none
ORD002729,2025-03-16,Signature Hoodie,2,142.4,United States,3PL_Central,Carrier_B,email_drop,5.62,2.8,5,False,False,none
ORD002730,2025-06-14,Lounge Set,1,113.6,United States,3PL_Central,Carrier_B,email_drop,4.95,5.6,5,True,True,changed_mind
ORD002731,2025-01-01,Signature Hoodie,1,89.0,United States,3PL_East,Carrier_A,none,4.52,3.7,5,False,False,none
ORD002732,2025-03-01,Zip Hoodie,1,76.8,United States,3PL_West,Carrier_A,product_launch,5.47,4.3,5,False,False,none
ORD002733,2025-04-12,Cloud Sweatpants,2,156.0,Canada,3PL_International,Passport_Global,none,19.54,3.2,9,False,True,fit_issue
ORD002734,2025-03-07,Weighted Tee,4,194.4,United States,3PL_West,Carrier_B,influencer_drop,8.46,3.2,5,False,False,none
ORD002735,2025-02-24,Lounge Set,1,113.6,United States,3PL_East,Carrier_B,email_drop,6.27,3.3,5,False,False,none
ORD002736,2025-03-26,Signature Hoodie,2,178.0,United States,3PL_Central,Carrier_A,none,5.93,4.4,5,False,False,none
ORD002737,2025-02-06,Lounge Set,1,142.0,United States,3PL_Central,Carrier_C,none,3.86,4.3,5,False,False,none
ORD002738,2025-04-07,Signature Hoodie,1,80.1,Australia,3PL_International,Passport_Global,influencer_drop,18.89,3.4,9,False,False,none
ORD002739,2025-05-12,Zip Hoodie,1,86.4,United States,3PL_East,Carrier_C,email_drop,3.76,3.6,5,False,False,none
ORD002740,2025-04-16,Zip Hoodie,1,96.0,United States,3PL_West,Carrier_A,none,4.95,4.0,5,False,False,none
ORD002741,2025-01-19,Zip Hoodie,1,86.4,Canada,3PL_International,Passport_Global,influencer_drop,18.43,4.4,9,False,False,none
ORD002742,2025-06-07,Zip Hoodie,2,192.0,United States,3PL_East,Carrier_A,none,7.54,1.5,5,False,False,none
ORD002743,2025-02-05,Lounge Set,1,142.0,Canada,3PL_International,Passport_Global,none,17.67,5.2,9,False,False,none
ORD002744,2025-05-24,Cloud Sweatpants,1,62.4,United States,3PL_East,Carrier_C,email_drop,4.94,4.4,5,False,False,none
ORD002745,2025-03-11,Weighted Tee,1,43.2,United States,3PL_East,Carrier_C,influencer_drop,7.08,3.8,5,False,False,none
ORD002746,2025-05-28,Signature Hoodie,4,356.0,United States,3PL_Central,Carrier_B,none,9.59,4.5,5,False,False,none
ORD002747,2025-02-11,Signature Hoodie,2,178.0,United States,3PL_East,Carrier_C,none,7.41,4.9,5,False,False,none
ORD002748,2025-02-07,Lounge Set,1,142.0,United States,3PL_East,Carrier_D,none,7.58,4.5,5,False,False,none
ORD002749,2025-03-31,Signature Hoodie,3,267.0,Canada,3PL_International,Passport_Global,none,20.58,3.9,9,False,False,none
ORD002750,2025-01-07,Cloud Sweatpants,1,78.0,Canada,3PL_International,Passport_Global,none,18.01,3.3,9,False,False,none
ORD002751,2025-02-15,Lounge Set,1,142.0,Canada,3PL_International,Passport_Global,none,17.69,5.1,9,False,False,none
ORD002752,2025-05-16,Cloud Sweatpants,2,132.6,Australia,3PL_International,Passport_Global,influencer_drop,17.47,3.8,9,False,False,none
ORD002753,2025-06-06,Signature Hoodie,2,178.0,United Kingdom,3PL_International,Passport_Global,none,17.88,4.8,9,False,True,changed_mind
ORD002754,2025-01-17,Signature Hoodie,2,178.0,United States,3PL_East,Carrier_A,none,7.09,6.1,5,True,False,none
ORD002755,2025-06-13,Signature Hoodie,2,178.0,United States,3PL_East,Carrier_A,none,7.51,4.9,5,False,True,quality_issue
ORD002756,2025-05-31,Signature Hoodie,2,178.0,Canada,3PL_International,Passport_Global,none,19.09,4.9,9,False,True,late_delivery
ORD002757,2025-06-11,Signature Hoodie,4,356.0,Germany,3PL_International,Passport_Global,none,20.37,3.6,9,False,False,none
ORD002758,2025-05-11,Lounge Set,4,568.0,United States,3PL_West,Carrier_B,none,9.01,4.5,5,False,False,none
ORD002759,2025-05-06,Signature Hoodie,2,178.0,United States,3PL_East,Carrier_C,none,6.85,4.4,5,False,False,none
ORD002760,2025-04-06,Lounge Set,4,568.0,United States,3PL_Central,Carrier_B,none,7.32,3.6,5,False,False,none
ORD002761,2025-05-02,Weighted Tee,2,108.0,Canada,3PL_International,Passport_Global,none,20.15,2.2,9,False,False,none
ORD002762,2025-06-18,Signature Hoodie,1,75.65,Germany,3PL_International,Passport_Global,holiday_sale,18.49,3.9,9,False,False,none
ORD002763,2025-01-21,Weighted Tee,1,54.0,United States,3PL_Central,Carrier_B,none,4.55,4.1,5,False,False,none
ORD002764,2025-03-04,Signature Hoodie,1,89.0,Germany,3PL_International,Passport_Global,none,17.73,2.7,9,False,False,none
ORD002765,2025-01-15,Zip Hoodie,1,96.0,United States,3PL_West,Carrier_B,none,5.13,4.5,5,False,False,none
ORD002766,2025-06-22,Weighted Tee,1,54.0,United States,3PL_West,Carrier_A,none,6.43,4.2,5,False,False,none
ORD002767,2025-03-23,Lounge Set,1,142.0,United Kingdom,3PL_International,Passport_Global,none,17.34,3.5,9,False,False,none
ORD002768,2025-05-06,Signature Hoodie,2,160.2,Australia,3PL_International,Passport_Global,email_drop,17.99,5.2,9,False,False,none
ORD002769,2025-06-06,Signature Hoodie,1,89.0,United States,3PL_West,Carrier_B,none,5.3,3.4,5,False,False,none
ORD002770,2025-06-29,Signature Hoodie,2,178.0,Australia,3PL_International,Passport_Global,none,18.11,4.5,9,False,True,changed_mind
ORD002771,2025-02-02,Weighted Tee,2,108.0,Canada,3PL_International,Passport_Global,none,19.72,3.9,9,False,False,none
ORD002772,2025-05-31,Signature Hoodie,1,89.0,United Kingdom,3PL_International,Passport_Global,none,17.72,6.6,9,False,False,none
ORD002773,2025-06-14,Cloud Sweatpants,2,132.6,United Kingdom,3PL_International,Passport_Global,product_launch,18.0,4.9,9,False,False,none
ORD002774,2025-01-10,Signature Hoodie,4,356.0,United States,3PL_West,Carrier_D,none,10.06,2.4,5,False,False,none
ORD002775,2025-05-22,Signature Hoodie,1,89.0,United States,3PL_West,Carrier_A,none,5.02,3.5,5,False,False,none
ORD002776,2025-03-10,Cloud Sweatpants,1,78.0,United States,3PL_East,Carrier_B,none,5.14,3.1,5,False,False,none
ORD002777,2025-05-01,Signature Hoodie,2,178.0,United States,3PL_Central,Carrier_B,none,5.23,6.2,5,True,False,none
ORD002778,2025-04-04,Cloud Sweatpants,3,234.0,United States,3PL_East,Carrier_D,none,8.56,2.8,5,False,False,none
ORD002779,2025-02-22,Cloud Sweatpants,2,156.0,United States,3PL_West,Carrier_B,none,6.75,4.6,5,False,False,none
ORD002780,2025-01-28,Cloud Sweatpants,3,234.0,United States,3PL_East,Carrier_B,none,8.71,5.0,5,False,False,none
ORD002781,2025-01-24,Cloud Sweatpants,1,78.0,United States,3PL_East,Carrier_B,none,4.97,4.6,5,False,False,none
ORD002782,2025-01-21,Signature Hoodie,1,89.0,United States,3PL_Central,Carrier_C,none,5.46,3.1,5,False,False,none
ORD002783,2025-04-28,Zip Hoodie,1,96.0,United States,3PL_Central,Carrier_A,none,7.25,4.1,5,False,False,none
ORD002784,2025-03-09,Cloud Sweatpants,1,78.0,United States,3PL_East,Carrier_A,none,5.58,4.5,5,False,False,none
ORD002785,2025-02-13,Cloud Sweatpants,1,70.2,United States,3PL_East,Carrier_A,holiday_sale,3.83,2.5,5,False,False,none
ORD002786,2025-05-09,Signature Hoodie,1,89.0,United States,3PL_West,Carrier_B,none,5.83,4.9,5,False,False,none
ORD002787,2025-05-09,Signature Hoodie,1,80.1,United Kingdom,3PL_International,Passport_Global,product_launch,17.96,6.3,9,False,False,none
ORD002788,2025-04-09,Lounge Set,4,454.4,United States,3PL_Central,Carrier_D,product_launch,10.29,6.6,5,True,False,none
ORD002789,2025-06-21,Lounge Set,3,426.0,United States,3PL_East,Carrier_B,none,6.78,3.9,5,False,False,none
ORD002790,2025-03-14,Signature Hoodie,1,89.0,Germany,3PL_International,Passport_Global,none,18.44,3.9,9,False,False,none
ORD002791,2025-06-06,Signature Hoodie,4,284.8,United States,3PL_East,Carrier_B,influencer_drop,6.66,4.9,5,False,False,none
ORD002792,2025-01-16,Signature Hoodie,3,267.0,United States,3PL_East,Carrier_B,none,7.34,3.0,5,False,False,none
ORD002793,2025-05-19,Zip Hoodie,1,96.0,United States,3PL_Central,Carrier_B,none,5.1,2.8,5,False,False,none
ORD002794,2025-06-29,Signature Hoodie,2,178.0,United States,3PL_West,Carrier_B,none,5.97,3.7,5,False,False,none
ORD002795,2025-06-07,Weighted Tee,4,216.0,United States,3PL_East,Carrier_C,none,8.75,3.0,5,False,False,none
ORD002796,2025-04-17,Signature Hoodie,2,160.2,Canada,3PL_International,Passport_Global,holiday_sale,17.94,5.2,9,False,False,none
ORD002797,2025-04-26,Weighted Tee,1,43.2,United States,3PL_East,Carrier_A,email_drop,5.83,5.9,5,True,False,none
ORD002798,2025-03-09,Signature Hoodie,4,320.4,Germany,3PL_International,Passport_Global,holiday_sale,23.57,7.0,9,False,False,none
ORD002799,2025-05-07,Signature Hoodie,2,142.4,United States,3PL_West,Carrier_C,email_drop,5.81,2.3,5,False,False,none
ORD002800,2025-05-25,Signature Hoodie,2,151.3,Australia,3PL_International,Passport_Global,email_drop,19.27,4.0,9,False,False,none
ORD002801,2025-06-30,Signature Hoodie,4,356.0,United States,3PL_West,Carrier_C,none,8.97,2.4,5,False,False,none
ORD002802,2025-03-31,Weighted Tee,3,145.8,United States,3PL_West,Carrier_A,product_launch,7.86,5.5,5,True,False,none
ORD002803,2025-01-13,Cloud Sweatpants,1,70.2,United States,3PL_Central,Carrier_B,product_launch,5.02,4.6,5,False,False,none
ORD002804,2025-04-20,Signature Hoodie,1,75.65,United States,3PL_West,Carrier_A,holiday_sale,5.4,6.6,5,True,False,none
ORD002805,2025-01-24,Weighted Tee,1,45.9,United States,3PL_East,Carrier_A,influencer_drop,5.56,3.2,5,False,False,none
ORD002806,2025-02-19,Signature Hoodie,1,89.0,United Kingdom,3PL_International,Passport_Global,none,18.44,3.7,9,False,False,none
ORD002807,2025-03-06,Signature Hoodie,4,356.0,United States,3PL_Central,Carrier_B,none,9.43,2.8,5,False,False,none
ORD002808,2025-05-17,Signature Hoodie,1,80.1,United States,3PL_East,Carrier_A,holiday_sale,6.42,4.2,5,False,False,none
ORD002809,2025-02-07,Cloud Sweatpants,3,234.0,United States,3PL_East,Carrier_B,none,7.11,3.0,5,False,False,none
ORD002810,2025-02-03,Lounge Set,1,142.0,United States,3PL_West,Carrier_B,none,5.54,4.9,5,False,False,none
ORD002811,2025-01-10,Signature Hoodie,2,178.0,United States,3PL_West,Carrier_A,none,6.42,4.3,5,False,False,none
ORD002812,2025-06-11,Zip Hoodie,3,288.0,United States,3PL_West,Carrier_C,none,8.38,3.2,5,False,False,none
ORD002813,2025-05-10,Signature Hoodie,4,356.0,United Kingdom,3PL_International,Passport_Global,none,20.0,4.3,9,False,False,none
ORD002814,2025-01-09,Signature Hoodie,1,89.0,United States,3PL_East,Carrier_B,none,6.27,2.5,5,False,False,none
ORD002815,2025-01-06,Zip Hoodie,4,384.0,Australia,3PL_International,Passport_Global,none,21.5,3.3,9,False,False,none
ORD002816,2025-04-13,Zip Hoodie,2,192.0,United States,3PL_Central,Carrier_D,none,9.31,4.8,5,False,False,none
ORD002817,2025-02-26,Cloud Sweatpants,4,312.0,United States,3PL_East,Carrier_B,none,8.89,2.1,5,False,False,none
ORD002818,2025-04-20,Signature Hoodie,1,89.0,United States,3PL_East,Carrier_D,none,7.05,5.2,5,True,False,none
ORD002819,2025-03-22,Signature Hoodie,1,80.1,United States,3PL_Central,Carrier_C,email_drop,4.87,3.0,5,False,False,none
ORD002820,2025-06-19,Zip Hoodie,2,192.0,United States,3PL_East,Carrier_C,none,6.22,3.9,5,False,False,none
ORD002821,2025-02-27,Cloud Sweatpants,2,156.0,United States,3PL_West,Carrier_A,none,4.93,4.8,5,False,False,none
ORD002822,2025-05-07,Cloud Sweatpants,3,234.0,United States,3PL_East,Carrier_C,none,7.57,3.8,5,False,False,none
ORD002823,2025-01-11,Signature Hoodie,1,89.0,United Kingdom,3PL_International,Passport_Global,none,17.38,3.9,9,False,False,none
ORD002824,2025-06-24,Zip Hoodie,2,172.8,Australia,3PL_International,Passport_Global,holiday_sale,19.02,5.7,9,False,False,none
ORD002825,2025-06-28,Signature Hoodie,2,178.0,United States,3PL_West,Carrier_A,none,5.99,3.8,5,False,False,none
ORD002826,2025-05-19,Zip Hoodie,4,384.0,United States,3PL_East,Carrier_C,none,9.13,3.5,5,False,False,none
ORD002827,2025-03-27,Zip Hoodie,1,76.8,United States,3PL_East,Carrier_D,email_drop,7.09,4.1,5,False,False,none
ORD002828,2025-02-14,Signature Hoodie,1,89.0,United States,3PL_West,Carrier_B,none,3.93,2.4,5,False,False,none
ORD002829,2025-06-02,Cloud Sweatpants,2,124.8,United States,3PL_East,Carrier_B,influencer_drop,6.58,3.9,5,False,False,none
ORD002830,2025-05-18,Cloud Sweatpants,1,66.3,United States,3PL_West,Carrier_A,product_launch,6.05,2.9,5,False,False,none
ORD002831,2025-02-14,Cloud Sweatpants,1,78.0,United States,3PL_West,Carrier_A,none,6.11,4.0,5,False,False,none
ORD002832,2025-03-24,Lounge Set,2,227.2,United States,3PL_Central,Carrier_D,product_launch,7.63,4.4,5,False,False,none
ORD002833,2025-03-26,Cloud Sweatpants,1,78.0,Australia,3PL_International,Passport_Global,none,16.59,3.8,9,False,False,none
ORD002834,2025-06-04,Signature Hoodie,1,89.0,United States,3PL_East,Carrier_C,none,6.27,4.0,5,False,False,none
ORD002835,2025-05-08,Signature Hoodie,1,89.0,United States,3PL_West,Carrier_C,none,5.73,3.6,5,False,False,none
ORD002836,2025-04-30,Zip Hoodie,2,192.0,United States,3PL_West,Carrier_B,none,5.77,3.7,5,False,False,none
ORD002837,2025-05-01,Signature Hoodie,1,89.0,United States,3PL_East,Carrier_B,none,4.73,4.7,5,False,False,none
ORD002838,2025-02-24,Zip Hoodie,3,288.0,United States,3PL_Central,Carrier_B,none,7.72,3.3,5,False,False,none
ORD002839,2025-03-12,Signature Hoodie,1,89.0,United States,3PL_West,Carrier_A,none,6.08,4.8,5,False,False,none
ORD002840,2025-01-10,Signature Hoodie,1,89.0,United States,3PL_West,Carrier_C,none,5.13,6.0,5,True,True,quality_issue
ORD002841,2025-05-29,Signature Hoodie,1,89.0,United States,3PL_West,Carrier_C,none,4.2,5.2,5,True,False,none
ORD002842,2025-03-22,Lounge Set,4,568.0,United States,3PL_West,Carrier_B,none,7.32,2.3,5,False,False,none
ORD002843,2025-03-22,Zip Hoodie,1,96.0,United States,3PL_East,Carrier_B,none,4.74,3.3,5,False,False,none
ORD002844,2025-02-19,Cloud Sweatpants,1,78.0,United States,3PL_East,Carrier_B,none,4.73,4.6,5,False,False,none
ORD002845,2025-02-12,Signature Hoodie,1,71.2,Australia,3PL_International,Passport_Global,email_drop,16.9,5.1,9,False,False,none
ORD002846,2025-04-19,Lounge Set,2,284.0,Canada,3PL_International,Passport_Global,none,20.08,4.4,9,False,False,none
ORD002847,2025-02-16,Lounge Set,1,127.8,United States,3PL_West,Carrier_A,email_drop,4.14,3.8,5,False,True,fit_issue
ORD002848,2025-01-13,Cloud Sweatpants,1,78.0,United States,3PL_West,Carrier_C,none,4.8,4.2,5,False,False,none
ORD002849,2025-05-25,Zip Hoodie,1,96.0,United States,3PL_East,Carrier_C,none,7.11,4.9,5,False,False,none
ORD002850,2025-03-13,Lounge Set,2,227.2,Australia,3PL_International,Passport_Global,product_launch,18.3,5.2,9,False,False,none
ORD002851,2025-03-14,Signature Hoodie,1,89.0,United States,3PL_East,Carrier_B,none,5.38,6.1,5,True,False,none
ORD002852,2025-03-21,Signature Hoodie,1,89.0,United States,3PL_Central,Carrier_B,none,6.53,2.9,5,False,False,none
ORD002853,2025-06-02,Cloud Sweatpants,3,234.0,United States,3PL_West,Carrier_D,none,9.4,3.1,5,False,False,none
ORD002854,2025-03-05,Cloud Sweatpants,4,312.0,United States,3PL_West,Carrier_D,none,10.96,3.0,5,False,False,none
ORD002855,2025-05-23,Zip Hoodie,2,192.0,Germany,3PL_International,Passport_Global,none,18.41,3.3,9,False,False,none
ORD002856,2025-06-21,Cloud Sweatpants,4,312.0,United States,3PL_East,Carrier_B,none,8.15,4.5,5,False,False,none
ORD002857,2025-05-03,Signature Hoodie,1,89.0,United States,3PL_West,Carrier_D,none,5.91,2.5,5,False,False,none
ORD002858,2025-03-21,Signature Hoodie,2,151.3,Australia,3PL_International,Passport_Global,product_launch,18.78,5.2,9,False,False,none
ORD002859,2025-05-21,Zip Hoodie,1,96.0,United States,3PL_West,Carrier_B,none,5.7,5.0,5,False,False,none
ORD002860,2025-03-25,Signature Hoodie,2,178.0,United States,3PL_East,Carrier_B,none,8.1,1.2,5,False,False,none
ORD002861,2025-03-19,Signature Hoodie,4,284.8,United States,3PL_West,Carrier_A,influencer_drop,8.42,2.3,5,False,False,none
ORD002862,2025-04-06,Signature Hoodie,2,178.0,United States,3PL_East,Carrier_D,none,9.31,3.3,5,False,False,none
ORD002863,2025-03-04,Lounge Set,1,120.7,United States,3PL_East,Carrier_A,holiday_sale,6.15,4.7,5,False,False,none
ORD002864,2025-01-21,Signature Hoodie,2,178.0,United States,3PL_West,Carrier_C,none,5.96,3.9,5,False,False,none
ORD002865,2025-03-19,Signature Hoodie,1,75.65,United States,3PL_West,Carrier_C,email_drop,5.42,4.2,5,False,True,changed_mind
ORD002866,2025-01-25,Lounge Set,2,227.2,United States,3PL_East,Carrier_C,product_launch,6.58,3.3,5,False,False,none
ORD002867,2025-03-18,Signature Hoodie,2,178.0,United States,3PL_West,Carrier_A,none,5.44,5.6,5,True,False,none
ORD002868,2025-04-12,Zip Hoodie,2,163.2,United States,3PL_West,Carrier_B,influencer_drop,6.35,3.9,5,False,False,none
ORD002869,2025-06-20,Signature Hoodie,4,302.6,United States,3PL_West,Carrier_D,email_drop,9.98,2.9,5,False,False,none
ORD002870,2025-01-08,Lounge Set,4,482.8,United States,3PL_West,Carrier_B,influencer_drop,8.66,4.3,5,False,False,none
ORD002871,2025-04-25,Signature Hoodie,4,356.0,United States,3PL_East,Carrier_A,none,8.72,2.3,5,False,False,none
ORD002872,2025-03-25,Signature Hoodie,2,178.0,United States,3PL_East,Carrier_C,none,6.51,5.2,5,True,False,none
ORD002873,2025-01-05,Signature Hoodie,1,89.0,United States,3PL_East,Carrier_C,none,4.92,1.8,5,False,False,none
ORD002874,2025-02-20,Weighted Tee,1,43.2,United States,3PL_Central,Carrier_B,product_launch,4.55,3.3,5,False,False,none
ORD002875,2025-01-24,Lounge Set,3,426.0,Australia,3PL_International,Passport_Global,none,18.68,4.1,9,False,True,quality_issue
ORD002876,2025-02-13,Signature Hoodie,4,356.0,United States,3PL_East,Carrier_A,none,9.59,2.3,5,False,False,none
ORD002877,2025-02-25,Signature Hoodie,1,71.2,Canada,3PL_International,Passport_Global,holiday_sale,17.82,4.2,9,False,False,none
ORD002878,2025-03-17,Signature Hoodie,1,89.0,United States,3PL_West,Carrier_B,none,6.22,3.5,5,False,False,none
ORD002879,2025-04-07,Signature Hoodie,2,178.0,Canada,3PL_International,Passport_Global,none,18.82,4.5,9,False,False,none
ORD002880,2025-01-01,Signature Hoodie,1,89.0,United Kingdom,3PL_International,Passport_Global,none,17.78,5.8,9,False,False,none
ORD002881,2025-02-02,Lounge Set,1,127.8,Canada,3PL_International,Passport_Global,email_drop,17.58,5.1,9,False,False,none
ORD002882,2025-01-19,Signature Hoodie,4,356.0,United States,3PL_West,Carrier_B,none,8.55,3.3,5,False,False,none
ORD002883,2025-04-11,Lounge Set,1,142.0,United States,3PL_Central,Carrier_C,none,5.59,3.6,5,False,False,none
ORD002884,2025-03-06,Signature Hoodie,1,89.0,United States,3PL_West,Carrier_B,none,5.15,2.4,5,False,False,none
ORD002885,2025-04-11,Lounge Set,4,568.0,United States,3PL_Central,Carrier_C,none,9.62,3.5,5,False,False,none
ORD002886,2025-02-14,Cloud Sweatpants,1,78.0,United States,3PL_Central,Carrier_B,none,6.51,5.0,5,False,False,none
ORD002887,2025-01-05,Signature Hoodie,3,267.0,Canada,3PL_International,Passport_Global,none,21.14,3.8,9,False,False,none
ORD002888,2025-06-22,Lounge Set,2,227.2,United States,3PL_West,Carrier_B,email_drop,7.78,2.6,5,False,False,none
ORD002889,2025-01-22,Signature Hoodie,2,178.0,United States,3PL_West,Carrier_A,none,5.63,3.2,5,False,False,none
ORD002890,2025-01-26,Lounge Set,3,426.0,United Kingdom,3PL_International,Passport_Global,none,21.06,3.4,9,False,False,none
ORD002891,2025-01-30,Zip Hoodie,1,96.0,United States,3PL_West,Carrier_C,none,5.47,4.5,5,False,False,none
ORD002892,2025-06-28,Weighted Tee,1,54.0,United Kingdom,3PL_International,Passport_Global,none,17.88,6.5,9,False,False,none
ORD002893,2025-04-25,Lounge Set,1,113.6,United States,3PL_East,Carrier_A,email_drop,4.82,4.7,5,False,False,none
ORD002894,2025-04-23,Signature Hoodie,2,178.0,United States,3PL_Central,Carrier_C,none,6.25,2.6,5,False,False,none
ORD002895,2025-06-29,Cloud Sweatpants,4,280.8,United States,3PL_East,Carrier_A,holiday_sale,7.09,3.4,5,False,False,none
ORD002896,2025-01-18,Zip Hoodie,1,86.4,Australia,3PL_International,Passport_Global,email_drop,18.24,5.6,9,False,False,none
ORD002897,2025-06-27,Signature Hoodie,1,80.1,United States,3PL_East,Carrier_A,influencer_drop,5.24,3.3,5,False,False,none
ORD002898,2025-02-10,Cloud Sweatpants,2,124.8,Germany,3PL_International,Passport_Global,email_drop,18.54,2.4,9,False,False,none
ORD002899,2025-04-26,Signature Hoodie,1,89.0,United States,3PL_West,Carrier_C,none,6.47,3.7,5,False,False,none
ORD002900,2025-03-20,Zip Hoodie,1,86.4,United States,3PL_East,Carrier_A,product_launch,5.41,3.9,5,False,False,none
ORD002901,2025-03-14,Signature Hoodie,1,75.65,United States,3PL_West,Carrier_C,influencer_drop,4.66,5.0,5,False,False,none
ORD002902,2025-06-20,Signature Hoodie,1,89.0,United States,3PL_Central,Carrier_C,none,5.39,3.6,5,False,False,none
ORD002903,2025-01-31,Weighted Tee,2,108.0,United States,3PL_East,Carrier_C,none,7.92,4.0,5,False,False,none
ORD002904,2025-06-30,Lounge Set,4,568.0,United States,3PL_West,Carrier_D,none,10.55,1.0,5,False,False,none
ORD002905,2025-03-14,Signature Hoodie,1,89.0,United States,3PL_East,Carrier_B,none,6.05,4.7,5,False,False,none
ORD002906,2025-05-01,Signature Hoodie,2,178.0,United States,3PL_East,Carrier_A,none,5.97,2.6,5,False,False,none
ORD002907,2025-06-26,Zip Hoodie,2,172.8,Canada,3PL_International,Passport_Global,email_drop,19.35,3.7,9,False,False,none
ORD002908,2025-01-12,Signature Hoodie,3,267.0,United States,3PL_East,Carrier_B,none,7.86,3.0,5,False,False,none
ORD002909,2025-06-19,Zip Hoodie,3,288.0,United States,3PL_West,Carrier_C,none,7.7,4.1,5,False,False,none
ORD002910,2025-04-14,Lounge Set,4,568.0,United States,3PL_East,Carrier_C,none,8.46,6.2,5,True,False,none
ORD002911,2025-05-12,Signature Hoodie,3,267.0,United States,3PL_East,Carrier_C,none,7.47,1.6,5,False,False,none
ORD002912,2025-01-31,Signature Hoodie,4,356.0,United States,3PL_West,Carrier_B,none,7.34,3.8,5,False,False,none
ORD002913,2025-04-08,Signature Hoodie,4,284.8,Australia,3PL_International,Passport_Global,influencer_drop,19.96,5.4,9,False,False,none
ORD002914,2025-05-06,Signature Hoodie,3,267.0,United States,3PL_Central,Carrier_D,none,8.25,3.4,5,False,False,none
ORD002915,2025-03-25,Cloud Sweatpants,2,124.8,Australia,3PL_International,Passport_Global,product_launch,17.73,4.9,9,False,False,none
ORD002916,2025-02-01,Signature Hoodie,1,71.2,Canada,3PL_International,Passport_Global,email_drop,17.57,7.3,9,False,True,duplicate_order
ORD002917,2025-02-19,Weighted Tee,2,86.4,United States,3PL_West,Carrier_C,influencer_drop,6.15,4.0,5,False,False,none
ORD002918,2025-06-08,Zip Hoodie,3,288.0,United States,3PL_West,Carrier_A,none,6.85,5.1,5,True,False,none
ORD002919,2025-01-07,Signature Hoodie,3,240.3,United States,3PL_West,Carrier_C,influencer_drop,8.66,3.5,5,False,True,fit_issue
ORD002920,2025-05-13,Cloud Sweatpants,2,132.6,United States,3PL_East,Carrier_A,product_launch,6.33,5.2,5,True,False,none
ORD002921,2025-06-30,Cloud Sweatpants,1,62.4,United States,3PL_West,Carrier_D,email_drop,7.91,3.8,5,False,False,none
ORD002922,2025-01-02,Cloud Sweatpants,1,78.0,United States,3PL_West,Carrier_B,none,4.22,1.8,5,False,False,none
ORD002923,2025-02-02,Cloud Sweatpants,2,140.4,United States,3PL_West,Carrier_A,email_drop,6.88,5.2,5,True,False,none
ORD002924,2025-05-06,Signature Hoodie,1,89.0,United States,3PL_East,Carrier_C,none,6.18,4.3,5,False,False,none
ORD002925,2025-01-12,Signature Hoodie,2,178.0,United States,3PL_East,Carrier_C,none,6.86,4.4,5,False,False,none
ORD002926,2025-04-19,Signature Hoodie,1,71.2,United States,3PL_East,Carrier_A,email_drop,5.04,3.3,5,False,False,none
ORD002927,2025-05-08,Signature Hoodie,1,71.2,United States,3PL_East,Carrier_A,influencer_drop,5.17,2.2,5,False,False,none
ORD002928,2025-04-19,Zip Hoodie,2,192.0,United States,3PL_East,Carrier_B,none,6.82,4.2,5,False,False,none
ORD002929,2025-03-11,Weighted Tee,2,108.0,United States,3PL_East,Carrier_B,none,6.59,4.3,5,False,False,none
ORD002930,2025-05-10,Zip Hoodie,3,244.8,United States,3PL_East,Carrier_A,holiday_sale,8.57,2.1,5,False,False,none
ORD002931,2025-04-20,Weighted Tee,1,54.0,United States,3PL_East,Carrier_B,none,4.64,3.2,5,False,False,none
ORD002932,2025-02-11,Cloud Sweatpants,2,156.0,Australia,3PL_International,Passport_Global,none,19.72,4.7,9,False,False,none
ORD002933,2025-04-13,Signature Hoodie,3,226.95,United States,3PL_Central,Carrier_C,email_drop,7.93,1.0,5,False,False,none
ORD002934,2025-06-13,Lounge Set,1,113.6,United States,3PL_Central,Carrier_C,holiday_sale,5.55,2.9,5,False,True,quality_issue
ORD002935,2025-05-04,Signature Hoodie,1,89.0,United States,3PL_West,Carrier_A,none,5.25,6.8,5,True,True,duplicate_order
ORD002936,2025-03-28,Signature Hoodie,1,89.0,United States,3PL_East,Carrier_C,none,6.25,1.3,5,False,False,none
ORD002937,2025-03-05,Weighted Tee,2,108.0,United States,3PL_East,Carrier_B,none,5.84,1.6,5,False,False,none
ORD002938,2025-01-18,Zip Hoodie,3,288.0,Canada,3PL_International,Passport_Global,none,19.18,2.0,9,False,False,none
ORD002939,2025-02-19,Weighted Tee,2,91.8,United States,3PL_Central,Carrier_A,influencer_drop,6.57,2.1,5,False,False,none
ORD002940,2025-01-03,Signature Hoodie,1,80.1,United States,3PL_East,Carrier_C,holiday_sale,4.84,2.1,5,False,True,fit_issue
ORD002941,2025-06-28,Zip Hoodie,3,288.0,United States,3PL_East,Carrier_C,none,7.93,1.8,5,False,False,none
ORD002942,2025-02-14,Signature Hoodie,2,178.0,Canada,3PL_International,Passport_Global,none,20.46,5.6,9,False,False,none
ORD002943,2025-06-02,Signature Hoodie,1,89.0,United States,3PL_East,Carrier_A,none,5.46,4.9,5,False,False,none
ORD002944,2025-02-03,Lounge Set,3,426.0,United States,3PL_East,Carrier_B,none,7.86,3.9,5,False,False,none
ORD002945,2025-02-27,Cloud Sweatpants,1,78.0,United States,3PL_West,Carrier_D,none,8.46,5.9,5,True,False,none
ORD002946,2025-03-19,Zip Hoodie,3,288.0,United States,3PL_East,Carrier_C,none,8.0,3.7,5,False,False,none
ORD002947,2025-03-05,Lounge Set,1,120.7,Canada,3PL_International,Passport_Global,influencer_drop,18.64,4.2,9,False,False,none
ORD002948,2025-05-31,Lounge Set,2,284.0,United States,3PL_West,Carrier_D,none,8.13,2.7,5,False,False,none
ORD002949,2025-06-24,Signature Hoodie,1,80.1,United States,3PL_West,Carrier_B,email_drop,5.35,2.7,5,False,False,none
ORD002950,2025-06-12,Signature Hoodie,2,178.0,United States,3PL_East,Carrier_B,none,6.01,1.8,5,False,False,none
ORD002951,2025-01-31,Lounge Set,2,227.2,United States,3PL_West,Carrier_A,influencer_drop,6.91,5.4,5,True,False,none
ORD002952,2025-05-26,Cloud Sweatpants,1,62.4,United States,3PL_East,Carrier_A,product_launch,5.78,6.3,5,True,False,none
ORD002953,2025-01-30,Cloud Sweatpants,3,234.0,United States,3PL_East,Carrier_B,none,8.27,2.3,5,False,False,none
ORD002954,2025-06-17,Signature Hoodie,4,356.0,United States,3PL_East,Carrier_C,none,9.19,4.0,5,False,False,none
ORD002955,2025-04-05,Signature Hoodie,1,80.1,United States,3PL_East,Carrier_C,email_drop,5.28,4.0,5,False,False,none
ORD002956,2025-03-07,Weighted Tee,2,108.0,United States,3PL_East,Carrier_D,none,8.78,3.1,5,False,False,none
ORD002957,2025-02-01,Cloud Sweatpants,3,234.0,United States,3PL_West,Carrier_B,none,8.87,3.0,5,False,False,none
ORD002958,2025-01-03,Lounge Set,3,426.0,United States,3PL_Central,Carrier_B,none,7.8,5.6,5,True,False,none
ORD002959,2025-02-19,Signature Hoodie,1,71.2,United Kingdom,3PL_International,Passport_Global,holiday_sale,16.73,5.9,9,False,False,none
ORD002960,2025-06-18,Signature Hoodie,1,89.0,United States,3PL_East,Carrier_B,none,4.61,5.2,5,True,False,none
ORD002961,2025-05-31,Cloud Sweatpants,2,156.0,United States,3PL_East,Carrier_A,none,6.74,4.1,5,False,False,none
ORD002962,2025-06-26,Lounge Set,2,284.0,United States,3PL_East,Carrier_C,none,5.86,1.5,5,False,False,none
ORD002963,2025-01-21,Signature Hoodie,1,75.65,United States,3PL_Central,Carrier_A,email_drop,5.0,1.3,5,False,False,none
ORD002964,2025-04-19,Signature Hoodie,1,89.0,United States,3PL_East,Carrier_D,none,6.77,3.4,5,False,False,none
ORD002965,2025-02-21,Cloud Sweatpants,2,140.4,United States,3PL_West,Carrier_C,holiday_sale,6.87,6.5,5,True,False,none
ORD002966,2025-04-10,Signature Hoodie,2,160.2,United States,3PL_West,Carrier_A,email_drop,7.82,4.6,5,False,False,none
ORD002967,2025-03-05,Signature Hoodie,2,178.0,United Kingdom,3PL_International,Passport_Global,none,17.76,3.8,9,False,False,none
ORD002968,2025-02-26,Cloud Sweatpants,2,156.0,United Kingdom,3PL_International,Passport_Global,none,19.77,3.1,9,False,True,late_delivery
ORD002969,2025-04-16,Signature Hoodie,4,302.6,United States,3PL_East,Carrier_B,influencer_drop,9.63,6.3,5,True,True,fit_issue
ORD002970,2025-02-06,Zip Hoodie,3,230.4,Australia,3PL_International,Passport_Global,influencer_drop,20.31,6.1,9,False,False,none
ORD002971,2025-03-27,Signature Hoodie,1,89.0,United States,3PL_West,Carrier_A,none,5.23,2.0,5,False,False,none
ORD002972,2025-05-01,Zip Hoodie,1,96.0,United States,3PL_West,Carrier_D,none,7.81,4.5,5,False,False,none
ORD002973,2025-01-26,Lounge Set,1,142.0,United States,3PL_West,Carrier_B,none,5.45,4.4,5,False,False,none
ORD002974,2025-06-20,Lounge Set,4,568.0,United States,3PL_East,Carrier_B,none,8.72,4.5,5,False,False,none
ORD002975,2025-04-02,Zip Hoodie,2,192.0,United States,3PL_East,Carrier_D,none,6.9,5.8,5,True,False,none
ORD002976,2025-06-03,Cloud Sweatpants,1,78.0,United States,3PL_West,Carrier_C,none,5.77,5.3,5,True,False,none
ORD002977,2025-05-02,Signature Hoodie,3,267.0,United States,3PL_East,Carrier_C,none,8.82,3.2,5,False,False,none
ORD002978,2025-05-13,Cloud Sweatpants,2,140.4,United States,3PL_Central,Carrier_C,holiday_sale,5.43,4.3,5,False,True,quality_issue
ORD002979,2025-05-14,Signature Hoodie,1,80.1,United States,3PL_Central,Carrier_D,influencer_drop,6.49,3.5,5,False,False,none
ORD002980,2025-06-12,Zip Hoodie,1,86.4,Australia,3PL_International,Passport_Global,holiday_sale,17.42,5.3,9,False,False,none
ORD002981,2025-04-24,Signature Hoodie,3,226.95,Canada,3PL_International,Passport_Global,email_drop,19.88,6.9,9,False,False,none
ORD002982,2025-02-25,Cloud Sweatpants,1,62.4,United States,3PL_East,Carrier_A,email_drop,4.83,4.6,5,False,False,none
ORD002983,2025-01-20,Cloud Sweatpants,2,156.0,United States,3PL_Central,Carrier_D,none,9.36,3.9,5,False,False,none
ORD002984,2025-04-22,Zip Hoodie,4,326.4,United States,3PL_West,Carrier_D,email_drop,12.24,3.8,5,False,False,none
ORD002985,2025-01-14,Signature Hoodie,1,89.0,United States,3PL_East,Carrier_B,none,5.58,2.6,5,False,False,none
ORD002986,2025-02-18,Cloud Sweatpants,1,78.0,United States,3PL_West,Carrier_C,none,4.87,4.9,5,False,False,none
ORD002987,2025-01-13,Cloud Sweatpants,1,62.4,United States,3PL_East,Carrier_B,product_launch,5.53,4.4,5,False,False,none
ORD002988,2025-04-11,Weighted Tee,4,183.6,United States,3PL_East,Carrier_B,holiday_sale,7.95,3.7,5,False,False,none
ORD002989,2025-02-02,Zip Hoodie,2,192.0,United Kingdom,3PL_International,Passport_Global,none,18.78,5.6,9,False,False,none
ORD002990,2025-04-23,Signature Hoodie,1,80.1,Canada,3PL_International,Passport_Global,email_drop,18.23,2.7,9,False,False,none
ORD002991,2025-05-29,Lounge Set,1,142.0,United States,3PL_East,Carrier_B,none,5.92,3.8,5,False,False,none
ORD002992,2025-06-04,Signature Hoodie,2,178.0,United Kingdom,3PL_International,Passport_Global,none,19.39,5.0,9,False,False,none
ORD002993,2025-03-03,Signature Hoodie,1,89.0,United States,3PL_West,Carrier_D,none,6.82,5.5,5,True,True,changed_mind
ORD002994,2025-04-11,Signature Hoodie,1,89.0,Australia,3PL_International,Passport_Global,none,17.9,5.5,9,False,True,changed_mind
ORD002995,2025-04-13,Cloud Sweatpants,2,124.8,United States,3PL_East,Carrier_D,email_drop,8.07,2.3,5,False,False,none
ORD002996,2025-03-28,Zip Hoodie,2,192.0,United States,3PL_Central,Carrier_B,none,7.25,4.3,5,False,False,none
ORD002997,2025-05-02,Cloud Sweatpants,2,156.0,United States,3PL_West,Carrier_D,none,8.68,5.5,5,True,False,none
ORD002998,2025-02-12,Lounge Set,4,454.4,United States,3PL_West,Carrier_A,product_launch,10.17,5.6,5,True,False,none
ORD002999,2025-06-27,Cloud Sweatpants,1,78.0,Canada,3PL_International,Passport_Global,none,18.06,4.4,9,False,False,none
ORD003000,2025-01-20,Signature Hoodie,2,178.0,Canada,3PL_International,Passport_Global,none,18.26,2.6,9,False,False,none
ORD003001,2025-06-05,Cloud Sweatpants,1,78.0,United States,3PL_West,Carrier_B,none,4.43,4.9,5,False,False,none
ORD003002,2025-04-20,Zip Hoodie,1,96.0,Canada,3PL_International,Passport_Global,none,17.93,2.8,9,False,False,none
ORD003003,2025-02-19,Cloud Sweatpants,1,78.0,United States,3PL_East,Carrier_B,none,3.53,2.6,5,False,False,none
ORD003004,2025-05-20,Cloud Sweatpants,3,234.0,United States,3PL_East,Carrier_B,none,7.37,2.4,5,False,False,none
ORD003005,2025-01-18,Cloud Sweatpants,2,140.4,United States,3PL_Central,Carrier_D,holiday_sale,7.88,3.2,5,False,False,none
ORD003006,2025-05-26,Cloud Sweatpants,2,156.0,Canada,3PL_International,Passport_Global,none,18.31,4.8,9,False,False,none
ORD003007,2025-04-19,Signature Hoodie,1,89.0,United States,3PL_West,Carrier_A,none,5.51,4.6,5,False,False,none
ORD003008,2025-01-23,Lounge Set,1,142.0,United States,3PL_West,Carrier_C,none,4.57,5.0,5,False,False,none
ORD003009,2025-01-17,Signature Hoodie,3,213.6,United States,3PL_Central,Carrier_B,holiday_sale,6.43,5.5,5,True,False,none
ORD003010,2025-05-21,Signature Hoodie,2,178.0,United Kingdom,3PL_International,Passport_Global,none,19.34,4.9,9,False,False,none
ORD003011,2025-02-28,Zip Hoodie,1,96.0,United States,3PL_East,Carrier_B,none,5.1,4.2,5,False,False,none
ORD003012,2025-06-14,Lounge Set,2,227.2,United States,3PL_West,Carrier_A,product_launch,6.81,3.8,5,False,False,none
ORD003013,2025-05-24,Zip Hoodie,4,384.0,United States,3PL_East,Carrier_B,none,8.98,3.4,5,False,False,none
ORD003014,2025-05-11,Cloud Sweatpants,3,234.0,United States,3PL_East,Carrier_A,none,8.12,3.4,5,False,False,none
ORD003015,2025-02-25,Weighted Tee,1,54.0,United States,3PL_Central,Carrier_A,none,5.57,3.4,5,False,False,none
ORD003016,2025-05-13,Signature Hoodie,1,89.0,United States,3PL_West,Carrier_A,none,5.86,3.8,5,False,False,none
ORD003017,2025-06-23,Cloud Sweatpants,3,187.2,United States,3PL_West,Carrier_A,product_launch,9.05,5.5,5,True,False,none
ORD003018,2025-01-19,Cloud Sweatpants,1,78.0,Canada,3PL_International,Passport_Global,none,18.06,3.2,9,False,False,none
ORD003019,2025-03-05,Cloud Sweatpants,3,234.0,Australia,3PL_International,Passport_Global,none,20.54,3.5,9,False,False,none
ORD003020,2025-02-16,Cloud Sweatpants,4,312.0,United States,3PL_West,Carrier_A,none,8.93,4.3,5,False,False,none
ORD003021,2025-03-16,Weighted Tee,1,54.0,United States,3PL_West,Carrier_B,none,3.88,2.8,5,False,False,none
ORD003022,2025-05-19,Signature Hoodie,2,178.0,United States,3PL_West,Carrier_B,none,6.44,4.2,5,False,False,none
ORD003023,2025-03-28,Signature Hoodie,2,151.3,United States,3PL_East,Carrier_A,holiday_sale,7.62,5.4,5,True,False,none
ORD003024,2025-04-15,Cloud Sweatpants,2,156.0,United States,3PL_Central,Carrier_A,none,6.94,3.2,5,False,False,none
ORD003025,2025-03-04,Cloud Sweatpants,1,66.3,United States,3PL_East,Carrier_C,holiday_sale,5.01,4.8,5,False,False,none
ORD003026,2025-01-29,Zip Hoodie,4,307.2,United States,3PL_East,Carrier_A,influencer_drop,9.14,4.6,5,False,False,none
ORD003027,2025-02-23,Weighted Tee,2,108.0,United States,3PL_West,Carrier_D,none,7.46,4.2,5,False,False,none
ORD003028,2025-06-09,Zip Hoodie,1,76.8,United States,3PL_Central,Carrier_C,email_drop,5.95,3.2,5,False,False,none
ORD003029,2025-04-21,Weighted Tee,2,86.4,United Kingdom,3PL_International,Passport_Global,influencer_drop,18.56,4.3,9,False,False,none
ORD003030,2025-03-13,Signature Hoodie,1,89.0,Australia,3PL_International,Passport_Global,none,17.93,3.7,9,False,False,none
ORD003031,2025-05-29,Signature Hoodie,3,267.0,United States,3PL_Central,Carrier_A,none,6.88,4.9,5,False,False,none
ORD003032,2025-01-13,Signature Hoodie,3,267.0,United States,3PL_Central,Carrier_B,none,7.87,2.8,5,False,False,none
ORD003033,2025-02-21,Lounge Set,1,142.0,United States,3PL_East,Carrier_A,none,3.48,3.9,5,False,False,none
ORD003034,2025-02-16,Signature Hoodie,2,142.4,United Kingdom,3PL_International,Passport_Global,email_drop,18.6,5.1,9,False,False,none
ORD003035,2025-06-28,Signature Hoodie,1,89.0,United States,3PL_Central,Carrier_B,none,4.79,3.5,5,False,False,none
ORD003036,2025-05-12,Cloud Sweatpants,4,312.0,United States,3PL_East,Carrier_A,none,8.26,3.3,5,False,False,none
ORD003037,2025-04-25,Signature Hoodie,2,178.0,United States,3PL_West,Carrier_C,none,3.8,4.8,5,False,False,none
ORD003038,2025-01-02,Zip Hoodie,2,192.0,United States,3PL_East,Carrier_A,none,6.0,3.9,5,False,False,none
ORD003039,2025-02-07,Lounge Set,2,241.4,Canada,3PL_International,Passport_Global,influencer_drop,19.16,4.1,9,False,False,none
ORD003040,2025-04-28,Signature Hoodie,1,75.65,United Kingdom,3PL_International,Passport_Global,influencer_drop,17.08,5.1,9,False,False,none
ORD003041,2025-03-14,Cloud Sweatpants,2,140.4,United States,3PL_West,Carrier_A,holiday_sale,6.92,4.6,5,False,False,none
ORD003042,2025-06-19,Signature Hoodie,1,89.0,United States,3PL_Central,Carrier_A,none,6.12,5.2,5,True,False,none
ORD003043,2025-05-24,Signature Hoodie,2,178.0,United States,3PL_East,Carrier_A,none,6.78,4.0,5,False,False,none
ORD003044,2025-03-24,Signature Hoodie,1,75.65,United States,3PL_West,Carrier_B,holiday_sale,5.7,5.1,5,True,True,late_delivery
ORD003045,2025-05-21,Cloud Sweatpants,1,78.0,United States,3PL_East,Carrier_C,none,5.61,3.3,5,False,False,none
ORD003046,2025-06-27,Cloud Sweatpants,4,265.2,United States,3PL_East,Carrier_C,email_drop,9.28,3.4,5,False,False,none
ORD003047,2025-03-26,Zip Hoodie,3,288.0,United States,3PL_Central,Carrier_C,none,7.16,3.3,5,False,False,none
ORD003048,2025-04-29,Lounge Set,1,142.0,United States,3PL_Central,Carrier_B,none,4.71,3.3,5,False,False,none
ORD003049,2025-06-18,Signature Hoodie,1,89.0,United States,3PL_West,Carrier_D,none,6.53,2.8,5,False,False,none
ORD003050,2025-02-19,Zip Hoodie,2,172.8,United States,3PL_Central,Carrier_C,email_drop,7.08,4.7,5,False,False,none
ORD003051,2025-06-13,Zip Hoodie,1,96.0,Canada,3PL_International,Passport_Global,none,17.12,4.8,9,False,False,none
ORD003052,2025-01-20,Signature Hoodie,1,75.65,United States,3PL_West,Carrier_A,holiday_sale,5.16,4.3,5,False,False,none
ORD003053,2025-05-01,Signature Hoodie,1,89.0,United States,3PL_Central,Carrier_B,none,5.05,4.5,5,False,False,none
ORD003054,2025-05-28,Signature Hoodie,1,89.0,United States,3PL_Central,Carrier_A,none,5.53,4.4,5,False,False,none
ORD003055,2025-04-24,Signature Hoodie,1,71.2,United States,3PL_East,Carrier_B,email_drop,5.89,3.5,5,False,False,none
ORD003056,2025-03-31,Signature Hoodie,1,89.0,United States,3PL_East,Carrier_D,none,7.69,3.8,5,False,False,none
ORD003057,2025-04-25,Signature Hoodie,1,89.0,United Kingdom,3PL_International,Passport_Global,none,16.36,5.2,9,False,False,none
ORD003058,2025-01-31,Lounge Set,2,227.2,United States,3PL_East,Carrier_C,product_launch,6.82,4.2,5,False,False,none
ORD003059,2025-02-13,Lounge Set,1,127.8,United States,3PL_West,Carrier_A,email_drop,5.35,3.3,5,False,False,none
ORD003060,2025-02-24,Cloud Sweatpants,1,78.0,United States,3PL_East,Carrier_B,none,5.53,4.3,5,False,False,none
ORD003061,2025-04-20,Zip Hoodie,1,76.8,United States,3PL_West,Carrier_D,holiday_sale,6.92,4.4,5,False,False,none
ORD003062,2025-03-23,Weighted Tee,4,216.0,United States,3PL_East,Carrier_A,none,8.2,3.5,5,False,True,duplicate_order
ORD003063,2025-02-19,Cloud Sweatpants,1,78.0,United States,3PL_West,Carrier_A,none,6.16,6.8,5,True,False,none
ORD003064,2025-06-13,Cloud Sweatpants,4,312.0,United States,3PL_Central,Carrier_B,none,8.68,2.8,5,False,False,none
ORD003065,2025-03-13,Zip Hoodie,1,96.0,United States,3PL_West,Carrier_C,none,6.37,3.5,5,False,False,none
ORD003066,2025-03-23,Weighted Tee,1,54.0,United States,3PL_Central,Carrier_B,none,5.36,3.1,5,False,False,none
ORD003067,2025-03-18,Lounge Set,2,284.0,United States,3PL_East,Carrier_A,none,6.53,3.8,5,False,False,none
ORD003068,2025-02-06,Signature Hoodie,4,284.8,United States,3PL_East,Carrier_C,email_drop,8.28,2.9,5,False,False,none
ORD003069,2025-05-17,Zip Hoodie,1,96.0,United States,3PL_Central,Carrier_C,none,5.38,2.5,5,False,False,none
ORD003070,2025-03-24,Signature Hoodie,1,89.0,United States,3PL_East,Carrier_B,none,6.13,2.0,5,False,False,none
ORD003071,2025-01-04,Signature Hoodie,3,213.6,United States,3PL_East,Carrier_A,influencer_drop,7.59,4.4,5,False,False,none
ORD003072,2025-06-25,Cloud Sweatpants,1,62.4,United States,3PL_West,Carrier_A,product_launch,5.56,3.7,5,False,False,none
ORD003073,2025-06-03,Zip Hoodie,1,96.0,United States,3PL_East,Carrier_B,none,6.69,3.4,5,False,False,none
ORD003074,2025-05-16,Signature Hoodie,1,75.65,United States,3PL_Central,Carrier_B,holiday_sale,4.43,3.8,5,False,False,none
ORD003075,2025-06-11,Signature Hoodie,3,226.95,United States,3PL_West,Carrier_A,influencer_drop,6.95,5.2,5,True,False,none
ORD003076,2025-06-16,Zip Hoodie,3,288.0,United States,3PL_East,Carrier_C,none,7.94,5.0,5,False,False,none
ORD003077,2025-03-07,Signature Hoodie,2,178.0,United States,3PL_East,Carrier_D,none,6.98,4.3,5,False,False,none
ORD003078,2025-04-23,Lounge Set,2,284.0,United States,3PL_East,Carrier_A,none,6.96,4.9,5,False,False,none
ORD003079,2025-04-23,Cloud Sweatpants,1,70.2,United States,3PL_West,Carrier_B,email_drop,4.76,4.3,5,False,False,none
ORD003080,2025-02-23,Cloud Sweatpants,1,78.0,United States,3PL_East,Carrier_B,none,5.04,4.7,5,False,False,none
ORD003081,2025-02-14,Signature Hoodie,4,356.0,United States,3PL_Central,Carrier_B,none,9.53,2.7,5,False,False,none
ORD003082,2025-01-24,Weighted Tee,3,129.6,Australia,3PL_International,Passport_Global,influencer_drop,19.09,5.9,9,False,False,none
ORD003083,2025-05-03,Lounge Set,1,142.0,United States,3PL_East,Carrier_B,none,3.8,3.7,5,False,False,none
ORD003084,2025-05-27,Signature Hoodie,2,178.0,United States,3PL_West,Carrier_B,none,4.85,4.6,5,False,False,none
ORD003085,2025-05-23,Zip Hoodie,3,230.4,United States,3PL_East,Carrier_A,holiday_sale,7.93,4.5,5,False,False,none
ORD003086,2025-03-04,Lounge Set,3,340.8,Australia,3PL_International,Passport_Global,product_launch,20.77,5.8,9,False,False,none
ORD003087,2025-02-11,Signature Hoodie,4,284.8,United States,3PL_West,Carrier_B,influencer_drop,7.99,3.6,5,False,False,none
ORD003088,2025-03-25,Cloud Sweatpants,2,156.0,United States,3PL_East,Carrier_A,none,7.4,3.8,5,False,False,none
ORD003089,2025-04-10,Lounge Set,1,142.0,United States,3PL_West,Carrier_B,none,5.34,3.5,5,False,False,none
ORD003090,2025-06-18,Cloud Sweatpants,3,234.0,United States,3PL_Central,Carrier_A,none,7.73,3.2,5,False,False,none
ORD003091,2025-06-12,Weighted Tee,1,54.0,United States,3PL_East,Carrier_B,none,6.13,4.9,5,False,False,none
ORD003092,2025-06-18,Signature Hoodie,2,178.0,United States,3PL_West,Carrier_A,none,5.12,1.6,5,False,False,none
ORD003093,2025-06-08,Lounge Set,3,383.4,United States,3PL_East,Carrier_B,holiday_sale,8.21,4.6,5,False,False,none
ORD003094,2025-06-25,Weighted Tee,1,43.2,United States,3PL_Central,Carrier_B,email_drop,3.91,2.6,5,False,False,none
ORD003095,2025-03-27,Signature Hoodie,3,267.0,United States,3PL_East,Carrier_B,none,6.39,4.6,5,False,False,none
ORD003096,2025-01-10,Cloud Sweatpants,3,234.0,United Kingdom,3PL_International,Passport_Global,none,18.91,1.5,9,False,False,none
ORD003097,2025-01-17,Zip Hoodie,2,192.0,United States,3PL_East,Carrier_C,none,7.0,1.8,5,False,False,none
ORD003098,2025-03-15,Lounge Set,1,142.0,United States,3PL_West,Carrier_C,none,5.9,4.6,5,False,False,none
ORD003099,2025-02-21,Signature Hoodie,1,75.65,United States,3PL_East,Carrier_B,email_drop,6.07,3.8,5,False,False,none
ORD003100,2025-02-04,Signature Hoodie,2,178.0,United States,3PL_Central,Carrier_B,none,6.48,2.9,5,False,False,none
ORD003101,2025-06-23,Lounge Set,1,127.8,United States,3PL_East,Carrier_D,holiday_sale,6.85,5.2,5,True,False,none
ORD003102,2025-02-09,Cloud Sweatpants,2,156.0,United States,3PL_Central,Carrier_B,none,6.9,4.5,5,False,False,none
ORD003103,2025-06-24,Zip Hoodie,1,96.0,United States,3PL_Central,Carrier_B,none,5.23,5.9,5,True,False,none
ORD003104,2025-05-23,Cloud Sweatpants,1,66.3,United States,3PL_West,Carrier_C,product_launch,5.51,3.9,5,False,True,late_delivery
ORD003105,2025-04-29,Weighted Tee,2,108.0,United States,3PL_West,Carrier_A,none,6.44,4.9,5,False,False,none
ORD003106,2025-05-06,Signature Hoodie,1,89.0,United Kingdom,3PL_International,Passport_Global,none,17.7,4.0,9,False,False,none
ORD003107,2025-03-06,Weighted Tee,3,145.8,United States,3PL_West,Carrier_C,email_drop,9.27,3.6,5,False,False,none
ORD003108,2025-04-30,Cloud Sweatpants,2,156.0,United Kingdom,3PL_International,Passport_Global,none,19.62,3.8,9,False,False,none
ORD003109,2025-02-07,Lounge Set,1,142.0,United States,3PL_Central,Carrier_B,none,5.73,3.5,5,False,False,none
ORD003110,2025-06-21,Signature Hoodie,3,267.0,United Kingdom,3PL_International,Passport_Global,none,19.74,4.6,9,False,False,none
ORD003111,2025-03-02,Zip Hoodie,3,288.0,United Kingdom,3PL_International,Passport_Global,none,20.09,6.1,9,False,False,none
ORD003112,2025-02-21,Lounge Set,3,426.0,United States,3PL_West,Carrier_C,none,8.43,3.7,5,False,False,none
ORD003113,2025-05-13,Lounge Set,2,284.0,United States,3PL_West,Carrier_B,none,6.64,5.0,5,False,False,none
ORD003114,2025-05-02,Signature Hoodie,2,160.2,United States,3PL_East,Carrier_A,influencer_drop,6.17,4.6,5,False,False,none
ORD003115,2025-03-24,Cloud Sweatpants,1,70.2,United States,3PL_West,Carrier_B,holiday_sale,4.01,4.6,5,False,False,none
ORD003116,2025-04-27,Signature Hoodie,1,89.0,Canada,3PL_International,Passport_Global,none,17.45,5.1,9,False,False,none
ORD003117,2025-02-01,Signature Hoodie,1,89.0,United States,3PL_West,Carrier_B,none,5.89,1.8,5,False,False,none
ORD003118,2025-05-06,Zip Hoodie,1,96.0,United States,3PL_East,Carrier_D,none,6.14,3.2,5,False,False,none
ORD003119,2025-02-24,Weighted Tee,1,54.0,United States,3PL_Central,Carrier_C,none,6.52,2.9,5,False,False,none
ORD003120,2025-02-24,Zip Hoodie,3,288.0,United States,3PL_Central,Carrier_D,none,9.64,2.4,5,False,False,none
ORD003121,2025-02-02,Signature Hoodie,2,160.2,United States,3PL_Central,Carrier_B,influencer_drop,7.62,3.1,5,False,False,none
ORD003122,2025-03-06,Signature Hoodie,1,89.0,United States,3PL_Central,Carrier_A,none,5.28,3.7,5,False,True,fit_issue
ORD003123,2025-03-06,Signature Hoodie,3,267.0,Germany,3PL_International,Passport_Global,none,18.28,4.9,9,False,False,none
ORD003124,2025-03-25,Signature Hoodie,3,213.6,United States,3PL_Central,Carrier_C,email_drop,7.33,4.5,5,False,False,none
ORD003125,2025-02-08,Lounge Set,4,511.2,United States,3PL_West,Carrier_B,influencer_drop,8.26,4.9,5,False,False,none
ORD003126,2025-02-08,Signature Hoodie,1,89.0,United States,3PL_East,Carrier_A,none,4.65,2.7,5,False,True,late_delivery
ORD003127,2025-04-09,Signature Hoodie,1,89.0,Canada,3PL_International,Passport_Global,none,18.12,5.3,9,False,False,none
ORD003128,2025-01-26,Zip Hoodie,1,86.4,United States,3PL_East,Carrier_A,product_launch,4.61,2.9,5,False,False,none
ORD003129,2025-05-09,Signature Hoodie,1,89.0,United States,3PL_East,Carrier_D,none,5.98,5.2,5,True,False,none
ORD003130,2025-06-22,Cloud Sweatpants,2,124.8,United Kingdom,3PL_International,Passport_Global,email_drop,18.38,3.6,9,False,False,none
ORD003131,2025-03-21,Cloud Sweatpants,3,198.9,United States,3PL_Central,Carrier_A,email_drop,8.3,1.0,5,False,False,none
ORD003132,2025-06-15,Signature Hoodie,2,178.0,United States,3PL_East,Carrier_A,none,6.27,3.8,5,False,False,none
ORD003133,2025-01-20,Cloud Sweatpants,4,312.0,United States,3PL_Central,Carrier_A,none,8.05,2.9,5,False,False,none
ORD003134,2025-01-09,Cloud Sweatpants,2,156.0,United States,3PL_Central,Carrier_C,none,6.15,4.5,5,False,False,none
ORD003135,2025-05-15,Zip Hoodie,4,384.0,United States,3PL_Central,Carrier_A,none,9.65,4.2,5,False,False,none
ORD003136,2025-05-23,Signature Hoodie,1,89.0,United States,3PL_West,Carrier_B,none,5.71,2.9,5,False,False,none
ORD003137,2025-06-07,Signature Hoodie,1,71.2,United States,3PL_Central,Carrier_B,influencer_drop,5.75,4.5,5,False,False,none
ORD003138,2025-01-12,Zip Hoodie,3,259.2,United States,3PL_East,Carrier_B,email_drop,8.0,2.0,5,False,False,none
ORD003139,2025-05-26,Signature Hoodie,2,142.4,United States,3PL_West,Carrier_C,holiday_sale,5.15,5.1,5,True,False,none
ORD003140,2025-03-13,Signature Hoodie,2,142.4,Germany,3PL_International,Passport_Global,product_launch,18.77,7.5,9,False,False,none
ORD003141,2025-03-02,Signature Hoodie,4,284.8,United States,3PL_East,Carrier_A,email_drop,9.57,2.8,5,False,False,none
ORD003142,2025-02-04,Signature Hoodie,3,267.0,United Kingdom,3PL_International,Passport_Global,none,18.27,6.9,9,False,False,none
ORD003143,2025-06-30,Signature Hoodie,1,89.0,United States,3PL_West,Carrier_D,none,5.56,4.9,5,False,False,none
ORD003144,2025-01-13,Weighted Tee,2,108.0,Canada,3PL_International,Passport_Global,none,18.0,5.2,9,False,False,none
ORD003145,2025-06-04,Cloud Sweatpants,1,78.0,United States,3PL_East,Carrier_A,none,4.71,4.7,5,False,False,none
ORD003146,2025-04-29,Cloud Sweatpants,1,78.0,United States,3PL_Central,Carrier_B,none,5.34,3.6,5,False,False,none
ORD003147,2025-05-18,Signature Hoodie,3,267.0,United States,3PL_East,Carrier_A,none,6.57,3.0,5,False,False,none
ORD003148,2025-05-13,Signature Hoodie,2,178.0,United States,3PL_West,Carrier_C,none,6.86,1.0,5,False,False,none
ORD003149,2025-06-09,Zip Hoodie,1,96.0,Canada,3PL_International,Passport_Global,none,19.5,3.1,9,False,False,none
ORD003150,2025-02-07,Zip Hoodie,2,153.6,United States,3PL_Central,Carrier_D,influencer_drop,7.8,2.2,5,False,False,none
ORD003151,2025-01-01,Weighted Tee,2,108.0,United States,3PL_West,Carrier_B,none,5.33,2.6,5,False,False,none
ORD003152,2025-04-20,Signature Hoodie,2,178.0,United States,3PL_East,Carrier_B,none,6.12,3.0,5,False,False,none
ORD003153,2025-03-09,Signature Hoodie,1,89.0,United States,3PL_Central,Carrier_A,none,5.75,1.0,5,False,False,none
ORD003154,2025-01-25,Zip Hoodie,2,192.0,United States,3PL_East,Carrier_A,none,6.58,2.7,5,False,False,none
ORD003155,2025-02-07,Signature Hoodie,4,356.0,United States,3PL_Central,Carrier_A,none,9.35,3.7,5,False,False,none
ORD003156,2025-03-06,Signature Hoodie,1,89.0,United States,3PL_East,Carrier_C,none,5.09,4.3,5,False,False,none
ORD003157,2025-01-15,Signature Hoodie,2,178.0,United States,3PL_East,Carrier_D,none,8.52,3.0,5,False,False,none
ORD003158,2025-01-12,Signature Hoodie,4,320.4,United States,3PL_East,Carrier_A,email_drop,10.82,3.9,5,False,False,none
ORD003159,2025-06-18,Lounge Set,1,142.0,United States,3PL_West,Carrier_D,none,6.79,1.0,5,False,False,none
ORD003160,2025-03-03,Lounge Set,1,120.7,Germany,3PL_International,Passport_Global,product_launch,17.7,4.9,9,False,False,none
ORD003161,2025-06-28,Zip Hoodie,1,86.4,United States,3PL_West,Carrier_C,influencer_drop,5.67,5.0,5,False,False,none
ORD003162,2025-06-25,Cloud Sweatpants,1,78.0,United States,3PL_East,Carrier_D,none,9.11,4.1,5,False,False,none
ORD003163,2025-01-29,Zip Hoodie,1,96.0,Canada,3PL_International,Passport_Global,none,18.4,4.5,9,False,False,none
ORD003164,2025-05-14,Zip Hoodie,3,288.0,Germany,3PL_International,Passport_Global,none,20.1,2.6,9,False,False,none
ORD003165,2025-04-21,Lounge Set,1,113.6,United States,3PL_East,Carrier_B,email_drop,4.94,5.7,5,True,False,none
ORD003166,2025-05-09,Cloud Sweatpants,1,70.2,United States,3PL_East,Carrier_C,email_drop,6.39,5.6,5,True,True,changed_mind
ORD003167,2025-01-20,Weighted Tee,4,194.4,United Kingdom,3PL_International,Passport_Global,email_drop,21.09,5.9,9,False,False,none
ORD003168,2025-02-07,Signature Hoodie,4,284.8,United States,3PL_West,Carrier_B,holiday_sale,9.98,6.4,5,True,False,none
ORD003169,2025-01-16,Zip Hoodie,1,96.0,United States,3PL_West,Carrier_C,none,5.1,3.5,5,False,False,none
ORD003170,2025-04-22,Lounge Set,1,113.6,United States,3PL_East,Carrier_A,email_drop,4.84,4.8,5,False,False,none
ORD003171,2025-06-28,Lounge Set,1,142.0,United States,3PL_Central,Carrier_B,none,4.15,5.2,5,True,False,none
ORD003172,2025-05-05,Weighted Tee,1,48.6,United Kingdom,3PL_International,Passport_Global,email_drop,18.12,5.3,9,False,False,none
ORD003173,2025-05-13,Cloud Sweatpants,1,78.0,United States,3PL_West,Carrier_B,none,3.86,3.5,5,False,False,none
ORD003174,2025-06-28,Zip Hoodie,1,86.4,United States,3PL_Central,Carrier_A,influencer_drop,6.32,4.6,5,False,False,none
ORD003175,2025-05-07,Signature Hoodie,2,178.0,United Kingdom,3PL_International,Passport_Global,none,17.71,6.6,9,False,False,none
ORD003176,2025-01-09,Zip Hoodie,1,96.0,United States,3PL_Central,Carrier_C,none,3.86,5.5,5,True,False,none
ORD003177,2025-06-10,Signature Hoodie,2,178.0,United States,3PL_East,Carrier_A,none,6.43,3.4,5,False,False,none
ORD003178,2025-03-11,Cloud Sweatpants,1,66.3,United States,3PL_East,Carrier_A,product_launch,6.08,5.2,5,True,False,none
ORD003179,2025-01-01,Weighted Tee,1,54.0,United States,3PL_Central,Carrier_A,none,5.22,4.0,5,False,False,none
ORD003180,2025-04-02,Lounge Set,1,142.0,United States,3PL_Central,Carrier_A,none,5.92,1.0,5,False,False,none
ORD003181,2025-06-21,Cloud Sweatpants,1,78.0,United States,3PL_West,Carrier_B,none,5.57,3.2,5,False,False,none
ORD003182,2025-02-21,Signature Hoodie,1,89.0,Canada,3PL_International,Passport_Global,none,18.26,3.6,9,False,False,none
ORD003183,2025-03-30,Cloud Sweatpants,1,70.2,United States,3PL_West,Carrier_B,holiday_sale,6.57,3.6,5,False,False,none
ORD003184,2025-02-04,Signature Hoodie,1,75.65,United Kingdom,3PL_International,Passport_Global,product_launch,17.15,7.3,9,False,False,none
ORD003185,2025-01-12,Signature Hoodie,4,320.4,United States,3PL_Central,Carrier_A,holiday_sale,8.89,4.4,5,False,True,quality_issue
ORD003186,2025-01-17,Lounge Set,2,227.2,Germany,3PL_International,Passport_Global,holiday_sale,17.3,2.3,9,False,False,none
ORD003187,2025-05-17,Cloud Sweatpants,3,234.0,United States,3PL_Central,Carrier_D,none,10.51,4.4,5,False,False,none
ORD003188,2025-06-10,Signature Hoodie,1,89.0,United States,3PL_Central,Carrier_A,none,5.04,4.9,5,False,False,none
ORD003189,2025-01-29,Zip Hoodie,2,192.0,United States,3PL_East,Carrier_B,none,6.51,3.6,5,False,False,none
ORD003190,2025-02-28,Signature Hoodie,1,71.2,United States,3PL_Central,Carrier_A,email_drop,5.05,2.1,5,False,False,none
ORD003191,2025-02-09,Cloud Sweatpants,1,78.0,United Kingdom,3PL_International,Passport_Global,none,17.17,3.6,9,False,False,none
ORD003192,2025-01-06,Signature Hoodie,1,75.65,United Kingdom,3PL_International,Passport_Global,email_drop,18.32,5.5,9,False,False,none
ORD003193,2025-04-12,Signature Hoodie,1,89.0,United States,3PL_West,Carrier_C,none,5.77,2.7,5,False,False,none
ORD003194,2025-05-11,Cloud Sweatpants,1,78.0,United States,3PL_West,Carrier_C,none,4.87,2.2,5,False,False,none
ORD003195,2025-05-01,Zip Hoodie,1,96.0,United States,3PL_Central,Carrier_C,none,6.7,5.1,5,True,False,none
ORD003196,2025-03-15,Cloud Sweatpants,1,66.3,United States,3PL_West,Carrier_A,holiday_sale,6.0,5.1,5,True,False,none
ORD003197,2025-04-12,Lounge Set,3,383.4,Australia,3PL_International,Passport_Global,email_drop,21.3,4.6,9,False,False,none
ORD003198,2025-01-19,Lounge Set,1,142.0,United States,3PL_West,Carrier_A,none,3.82,5.2,5,True,True,fit_issue
ORD003199,2025-02-01,Lounge Set,2,241.4,Canada,3PL_International,Passport_Global,influencer_drop,18.36,6.0,9,False,False,none
ORD003200,2025-06-20,Weighted Tee,1,45.9,United Kingdom,3PL_International,Passport_Global,influencer_drop,18.49,4.5,9,False,True,fit_issue
ORD003201,2025-05-23,Weighted Tee,1,54.0,United States,3PL_East,Carrier_A,none,4.34,3.6,5,False,False,none
ORD003202,2025-06-19,Lounge Set,4,511.2,United States,3PL_West,Carrier_A,influencer_drop,8.44,4.0,5,False,False,none
ORD003203,2025-06-18,Signature Hoodie,2,178.0,United States,3PL_Central,Carrier_A,none,5.64,3.5,5,False,False,none
ORD003204,2025-05-01,Signature Hoodie,1,89.0,Canada,3PL_International,Passport_Global,none,18.04,5.0,9,False,False,none
ORD003205,2025-06-20,Zip Hoodie,1,96.0,United States,3PL_Central,Carrier_A,none,5.05,5.0,5,False,False,none
ORD003206,2025-03-19,Lounge Set,1,142.0,United States,3PL_West,Carrier_B,none,4.51,4.2,5,False,False,none
ORD003207,2025-01-01,Lounge Set,3,426.0,United States,3PL_Central,Carrier_A,none,9.01,3.8,5,False,False,none
ORD003208,2025-01-13,Zip Hoodie,2,192.0,United States,3PL_West,Carrier_D,none,8.79,2.9,5,False,False,none
ORD003209,2025-01-23,Lounge Set,1,142.0,United States,3PL_East,Carrier_A,none,5.83,3.8,5,False,False,none
ORD003210,2025-01-19,Zip Hoodie,2,172.8,Germany,3PL_International,Passport_Global,email_drop,19.03,6.1,9,False,False,none
ORD003211,2025-03-09,Zip Hoodie,2,192.0,United States,3PL_Central,Carrier_B,none,7.16,3.6,5,False,False,none
ORD003212,2025-05-11,Signature Hoodie,1,89.0,United States,3PL_Central,Carrier_C,none,5.77,3.2,5,False,False,none
ORD003213,2025-05-29,Cloud Sweatpants,4,312.0,United States,3PL_East,Carrier_D,none,9.12,2.4,5,False,False,none
ORD003214,2025-04-19,Signature Hoodie,3,267.0,United Kingdom,3PL_International,Passport_Global,none,21.59,4.8,9,False,False,none
ORD003215,2025-01-30,Signature Hoodie,2,160.2,United States,3PL_Central,Carrier_A,holiday_sale,7.91,4.9,5,False,False,none
ORD003216,2025-05-21,Cloud Sweatpants,3,210.6,United States,3PL_East,Carrier_B,holiday_sale,7.3,4.5,5,False,False,none
ORD003217,2025-03-10,Signature Hoodie,1,89.0,United States,3PL_West,Carrier_B,none,4.03,4.4,5,False,False,none
ORD003218,2025-01-03,Lounge Set,4,511.2,United States,3PL_West,Carrier_D,email_drop,9.74,2.4,5,False,False,none
ORD003219,2025-02-26,Cloud Sweatpants,2,156.0,United States,3PL_East,Carrier_A,none,5.67,4.6,5,False,False,none
ORD003220,2025-03-06,Zip Hoodie,4,345.6,Canada,3PL_International,Passport_Global,product_launch,21.45,5.4,9,False,False,none
ORD003221,2025-02-24,Signature Hoodie,4,356.0,Canada,3PL_International,Passport_Global,none,20.89,5.3,9,False,False,none
ORD003222,2025-06-02,Lounge Set,2,284.0,United States,3PL_West,Carrier_A,none,6.03,5.3,5,True,False,none
ORD003223,2025-05-23,Cloud Sweatpants,1,78.0,United States,3PL_East,Carrier_C,none,5.87,1.6,5,False,False,none
ORD003224,2025-05-10,Cloud Sweatpants,2,156.0,United States,3PL_West,Carrier_C,none,6.43,3.2,5,False,False,none
ORD003225,2025-01-28,Zip Hoodie,2,192.0,United States,3PL_East,Carrier_A,none,7.29,1.9,5,False,False,none
ORD003226,2025-06-01,Cloud Sweatpants,1,78.0,United States,3PL_West,Carrier_D,none,7.13,2.1,5,False,False,none
ORD003227,2025-05-06,Cloud Sweatpants,2,156.0,United States,3PL_East,Carrier_A,none,7.88,3.1,5,False,False,none
ORD003228,2025-02-09,Zip Hoodie,4,326.4,United States,3PL_East,Carrier_D,email_drop,12.42,3.7,5,False,False,none
ORD003229,2025-05-01,Lounge Set,1,127.8,United States,3PL_Central,Carrier_A,email_drop,5.57,2.5,5,False,False,none
ORD003230,2025-03-29,Signature Hoodie,2,178.0,United States,3PL_East,Carrier_A,none,6.28,3.6,5,False,False,none
ORD003231,2025-03-23,Weighted Tee,3,137.7,United States,3PL_East,Carrier_C,holiday_sale,7.63,2.9,5,False,True,changed_mind
ORD003232,2025-01-23,Signature Hoodie,1,89.0,United States,3PL_East,Carrier_A,none,6.23,4.1,5,False,False,none
ORD003233,2025-04-05,Signature Hoodie,1,71.2,United States,3PL_West,Carrier_B,product_launch,6.08,7.4,5,True,False,none
ORD003234,2025-01-20,Signature Hoodie,1,89.0,United States,3PL_East,Carrier_C,none,3.86,2.9,5,False,False,none
ORD003235,2025-02-02,Signature Hoodie,1,71.2,United States,3PL_West,Carrier_A,influencer_drop,5.83,3.0,5,False,False,none
ORD003236,2025-01-27,Signature Hoodie,2,160.2,United States,3PL_West,Carrier_C,holiday_sale,6.22,4.1,5,False,False,none
ORD003237,2025-06-24,Lounge Set,4,454.4,Australia,3PL_International,Passport_Global,influencer_drop,21.45,4.1,9,False,False,none
ORD003238,2025-02-27,Cloud Sweatpants,2,132.6,United States,3PL_East,Carrier_A,influencer_drop,6.53,2.8,5,False,False,none
ORD003239,2025-03-10,Weighted Tee,1,54.0,Canada,3PL_International,Passport_Global,none,17.46,4.4,9,False,False,none
ORD003240,2025-03-05,Signature Hoodie,3,213.6,United States,3PL_Central,Carrier_A,email_drop,6.35,3.7,5,False,False,none
ORD003241,2025-06-15,Zip Hoodie,1,96.0,United States,3PL_East,Carrier_B,none,4.11,2.5,5,False,False,none
ORD003242,2025-04-13,Signature Hoodie,1,89.0,United States,3PL_West,Carrier_B,none,5.16,4.3,5,False,False,none
ORD003243,2025-06-18,Cloud Sweatpants,2,132.6,United States,3PL_Central,Carrier_C,product_launch,6.42,5.7,5,True,False,none
ORD003244,2025-03-01,Cloud Sweatpants,3,234.0,United Kingdom,3PL_International,Passport_Global,none,20.03,4.4,9,False,False,none
ORD003245,2025-01-24,Zip Hoodie,1,96.0,United States,3PL_East,Carrier_B,none,5.59,4.4,5,False,False,none
ORD003246,2025-04-12,Zip Hoodie,1,81.6,United States,3PL_West,Carrier_C,holiday_sale,4.73,2.7,5,False,False,none
ORD003247,2025-03-08,Signature Hoodie,3,267.0,United States,3PL_Central,Carrier_B,none,6.56,3.9,5,False,False,none
ORD003248,2025-05-31,Signature Hoodie,2,178.0,United States,3PL_East,Carrier_D,none,9.12,5.6,5,True,True,changed_mind
ORD003249,2025-06-12,Cloud Sweatpants,2,156.0,United States,3PL_West,Carrier_B,none,6.98,4.3,5,False,False,none
ORD003250,2025-03-28,Signature Hoodie,1,71.2,Germany,3PL_International,Passport_Global,influencer_drop,17.22,4.8,9,False,False,none
ORD003251,2025-06-26,Zip Hoodie,1,81.6,United States,3PL_East,Carrier_D,holiday_sale,7.88,4.9,5,False,False,none
ORD003252,2025-04-12,Cloud Sweatpants,1,78.0,United States,3PL_West,Carrier_B,none,4.58,4.1,5,False,False,none
ORD003253,2025-02-24,Lounge Set,2,227.2,United States,3PL_West,Carrier_B,email_drop,6.72,3.3,5,False,False,none
ORD003254,2025-03-30,Weighted Tee,2,108.0,United States,3PL_Central,Carrier_A,none,6.73,4.9,5,False,False,none
ORD003255,2025-01-08,Signature Hoodie,4,302.6,Germany,3PL_International,Passport_Global,email_drop,20.73,3.9,9,False,False,none
ORD003256,2025-06-01,Lounge Set,1,127.8,United States,3PL_West,Carrier_B,email_drop,5.78,4.8,5,False,False,none
ORD003257,2025-01-21,Lounge Set,1,127.8,United Kingdom,3PL_International,Passport_Global,product_launch,16.75,3.9,9,False,False,none
ORD003258,2025-03-03,Signature Hoodie,1,89.0,United States,3PL_East,Carrier_A,none,5.37,3.0,5,False,False,none
ORD003259,2025-04-14,Lounge Set,2,284.0,United States,3PL_West,Carrier_C,none,6.52,2.0,5,False,False,none
ORD003260,2025-01-09,Cloud Sweatpants,3,234.0,United States,3PL_East,Carrier_A,none,6.8,3.6,5,False,False,none
ORD003261,2025-01-17,Zip Hoodie,4,384.0,United Kingdom,3PL_International,Passport_Global,none,21.75,5.0,9,False,False,none
ORD003262,2025-05-10,Zip Hoodie,1,96.0,United States,3PL_West,Carrier_D,none,8.09,4.4,5,False,False,none
ORD003263,2025-01-15,Lounge Set,2,284.0,United States,3PL_Central,Carrier_A,none,6.49,4.9,5,False,False,none
ORD003264,2025-03-28,Zip Hoodie,3,288.0,United States,3PL_West,Carrier_B,none,7.76,4.3,5,False,False,none
ORD003265,2025-03-07,Lounge Set,1,120.7,United States,3PL_West,Carrier_B,product_launch,5.17,6.3,5,True,True,late_delivery
ORD003266,2025-02-15,Signature Hoodie,2,178.0,Canada,3PL_International,Passport_Global,none,18.87,6.0,9,False,False,none
ORD003267,2025-02-07,Weighted Tee,1,54.0,United Kingdom,3PL_International,Passport_Global,none,17.38,1.9,9,False,False,none
ORD003268,2025-05-24,Zip Hoodie,1,86.4,United States,3PL_East,Carrier_B,influencer_drop,5.39,3.5,5,False,False,none
ORD003269,2025-06-23,Lounge Set,1,142.0,United States,3PL_East,Carrier_D,none,6.98,3.8,5,False,False,none
ORD003270,2025-01-29,Lounge Set,4,568.0,United States,3PL_East,Carrier_A,none,10.14,1.1,5,False,False,none
ORD003271,2025-06-24,Signature Hoodie,2,178.0,United States,3PL_Central,Carrier_A,none,6.35,3.9,5,False,False,none
ORD003272,2025-04-20,Signature Hoodie,3,267.0,United States,3PL_Central,Carrier_B,none,6.92,4.8,5,False,False,none
ORD003273,2025-04-29,Lounge Set,2,284.0,United States,3PL_West,Carrier_C,none,5.14,3.4,5,False,False,none
ORD003274,2025-05-13,Weighted Tee,3,145.8,United States,3PL_East,Carrier_A,email_drop,8.48,4.6,5,False,False,none
ORD003275,2025-05-12,Zip Hoodie,2,192.0,Canada,3PL_International,Passport_Global,none,20.08,5.6,9,False,False,none
ORD003276,2025-06-03,Cloud Sweatpants,3,234.0,United States,3PL_East,Carrier_A,none,6.74,3.2,5,False,False,none
ORD003277,2025-03-29,Signature Hoodie,1,89.0,Canada,3PL_International,Passport_Global,none,18.26,5.1,9,False,False,none
ORD003278,2025-04-07,Cloud Sweatpants,2,156.0,United States,3PL_West,Carrier_D,none,8.75,2.7,5,False,False,none
ORD003279,2025-03-05,Cloud Sweatpants,3,234.0,Australia,3PL_International,Passport_Global,none,20.09,5.7,9,False,False,none
ORD003280,2025-01-22,Lounge Set,4,511.2,Germany,3PL_International,Passport_Global,product_launch,20.33,6.5,9,False,False,none
ORD003281,2025-05-04,Cloud Sweatpants,1,78.0,United States,3PL_West,Carrier_C,none,5.78,5.0,5,False,False,none
ORD003282,2025-01-07,Cloud Sweatpants,1,78.0,United States,3PL_West,Carrier_B,none,6.43,4.5,5,False,False,none
ORD003283,2025-02-25,Cloud Sweatpants,3,234.0,United States,3PL_East,Carrier_A,none,8.8,2.1,5,False,False,none
ORD003284,2025-01-19,Weighted Tee,1,43.2,Canada,3PL_International,Passport_Global,email_drop,18.19,6.0,9,False,False,none
ORD003285,2025-02-08,Zip Hoodie,3,259.2,United States,3PL_West,Carrier_D,email_drop,10.17,4.3,5,False,True,fit_issue
ORD003286,2025-04-29,Signature Hoodie,2,178.0,United States,3PL_East,Carrier_A,none,5.07,3.5,5,False,False,none
ORD003287,2025-04-27,Cloud Sweatpants,2,140.4,United Kingdom,3PL_International,Passport_Global,email_drop,19.41,6.0,9,False,True,late_delivery
ORD003288,2025-03-20,Cloud Sweatpants,1,78.0,United States,3PL_West,Carrier_C,none,5.87,4.1,5,False,False,none
ORD003289,2025-01-19,Signature Hoodie,1,71.2,United States,3PL_Central,Carrier_B,influencer_drop,5.12,2.7,5,False,False,none
ORD003290,2025-03-22,Zip Hoodie,2,192.0,United States,3PL_Central,Carrier_A,none,6.6,4.1,5,False,False,none
ORD003291,2025-03-09,Signature Hoodie,1,75.65,United States,3PL_East,Carrier_B,email_drop,4.96,2.4,5,False,False,none
ORD003292,2025-05-15,Cloud Sweatpants,1,66.3,United States,3PL_West,Carrier_D,email_drop,5.94,4.2,5,False,False,none
ORD003293,2025-04-17,Cloud Sweatpants,1,70.2,United States,3PL_West,Carrier_A,email_drop,5.87,2.7,5,False,False,none
ORD003294,2025-03-30,Cloud Sweatpants,1,78.0,United States,3PL_Central,Carrier_A,none,6.89,1.3,5,False,False,none
ORD003295,2025-03-30,Cloud Sweatpants,3,210.6,United States,3PL_East,Carrier_B,email_drop,6.99,4.7,5,False,False,none
ORD003296,2025-06-26,Zip Hoodie,4,345.6,Canada,3PL_International,Passport_Global,email_drop,21.3,4.6,9,False,False,none
ORD003297,2025-05-22,Signature Hoodie,1,89.0,United States,3PL_Central,Carrier_A,none,4.32,2.9,5,False,False,none
ORD003298,2025-03-31,Signature Hoodie,1,89.0,Canada,3PL_International,Passport_Global,none,17.97,3.3,9,False,False,none
ORD003299,2025-03-29,Lounge Set,1,142.0,United States,3PL_East,Carrier_B,none,4.88,3.4,5,False,False,none
ORD003300,2025-01-06,Lounge Set,1,142.0,United States,3PL_East,Carrier_B,none,5.27,3.7,5,False,False,none
ORD003301,2025-06-22,Signature Hoodie,1,80.1,United States,3PL_East,Carrier_B,influencer_drop,6.18,5.0,5,False,False,none
ORD003302,2025-03-04,Signature Hoodie,2,178.0,United States,3PL_Central,Carrier_A,none,6.77,3.0,5,False,False,none
ORD003303,2025-02-21,Weighted Tee,2,97.2,United States,3PL_West,Carrier_A,email_drop,6.44,3.1,5,False,False,none
ORD003304,2025-06-30,Signature Hoodie,3,226.95,United States,3PL_Central,Carrier_C,email_drop,6.95,4.6,5,False,False,none
ORD003305,2025-05-15,Weighted Tee,1,43.2,United States,3PL_West,Carrier_B,email_drop,5.95,2.6,5,False,False,none
ORD003306,2025-01-10,Lounge Set,3,340.8,United States,3PL_Central,Carrier_B,email_drop,6.8,2.1,5,False,False,none
ORD003307,2025-01-13,Signature Hoodie,1,89.0,Australia,3PL_International,Passport_Global,none,18.86,3.5,9,False,False,none
ORD003308,2025-01-05,Signature Hoodie,1,89.0,United States,3PL_East,Carrier_B,none,5.48,3.5,5,False,True,quality_issue
ORD003309,2025-04-21,Weighted Tee,4,216.0,United States,3PL_East,Carrier_C,none,8.02,6.1,5,True,False,none
ORD003310,2025-01-15,Signature Hoodie,4,320.4,Australia,3PL_International,Passport_Global,holiday_sale,20.04,5.4,9,False,False,none
ORD003311,2025-06-20,Cloud Sweatpants,2,132.6,United States,3PL_West,Carrier_A,product_launch,6.28,4.6,5,False,False,none
ORD003312,2025-06-21,Signature Hoodie,2,178.0,Canada,3PL_International,Passport_Global,none,18.66,3.8,9,False,False,none
ORD003313,2025-04-10,Zip Hoodie,2,153.6,United States,3PL_West,Carrier_A,product_launch,6.91,4.8,5,False,False,none
ORD003314,2025-04-24,Lounge Set,3,340.8,United States,3PL_East,Carrier_A,product_launch,6.88,2.5,5,False,False,none
ORD003315,2025-02-28,Zip Hoodie,1,96.0,Canada,3PL_International,Passport_Global,none,18.43,2.6,9,False,False,none
ORD003316,2025-01-13,Signature Hoodie,1,71.2,United States,3PL_Central,Carrier_A,email_drop,3.37,3.7,5,False,False,none
ORD003317,2025-05-18,Cloud Sweatpants,1,70.2,United States,3PL_East,Carrier_C,email_drop,5.47,4.6,5,False,False,none
ORD003318,2025-01-21,Zip Hoodie,1,96.0,United States,3PL_East,Carrier_B,none,4.82,4.1,5,False,False,none
ORD003319,2025-01-18,Signature Hoodie,1,89.0,United States,3PL_West,Carrier_A,none,5.47,3.7,5,False,False,none
ORD003320,2025-03-03,Zip Hoodie,2,192.0,United States,3PL_West,Carrier_A,none,7.51,5.4,5,True,False,none
ORD003321,2025-01-03,Zip Hoodie,1,76.8,United States,3PL_East,Carrier_A,influencer_drop,6.12,3.7,5,False,False,none
ORD003322,2025-03-22,Signature Hoodie,2,178.0,United States,3PL_West,Carrier_B,none,6.82,2.8,5,False,False,none
ORD003323,2025-05-12,Weighted Tee,2,91.8,United States,3PL_West,Carrier_B,influencer_drop,7.61,4.0,5,False,False,none
ORD003324,2025-05-31,Cloud Sweatpants,1,62.4,Germany,3PL_International,Passport_Global,email_drop,18.9,5.3,9,False,False,none
ORD003325,2025-04-22,Signature Hoodie,1,80.1,Germany,3PL_International,Passport_Global,email_drop,19.03,8.6,9,False,False,none
ORD003326,2025-06-07,Signature Hoodie,2,178.0,United States,3PL_East,Carrier_D,none,7.86,2.7,5,False,False,none
ORD003327,2025-03-18,Signature Hoodie,1,89.0,Canada,3PL_International,Passport_Global,none,18.4,4.2,9,False,False,none
ORD003328,2025-06-08,Signature Hoodie,2,178.0,United Kingdom,3PL_International,Passport_Global,none,19.56,6.3,9,False,False,none
ORD003329,2025-04-02,Signature Hoodie,3,267.0,United States,3PL_East,Carrier_B,none,7.71,5.1,5,True,False,none
ORD003330,2025-02-14,Lounge Set,1,142.0,United States,3PL_East,Carrier_A,none,6.23,1.7,5,False,False,none
ORD003331,2025-06-22,Zip Hoodie,1,96.0,United States,3PL_Central,Carrier_C,none,5.43,5.6,5,True,False,none
ORD003332,2025-02-25,Signature Hoodie,2,178.0,United States,3PL_Central,Carrier_C,none,5.36,3.6,5,False,False,none
ORD003333,2025-01-06,Zip Hoodie,4,384.0,Canada,3PL_International,Passport_Global,none,22.27,2.5,9,False,False,none
ORD003334,2025-02-18,Zip Hoodie,1,96.0,United States,3PL_Central,Carrier_A,none,4.91,3.2,5,False,False,none
ORD003335,2025-03-12,Cloud Sweatpants,3,234.0,United States,3PL_West,Carrier_B,none,6.3,2.6,5,False,False,none
ORD003336,2025-03-09,Weighted Tee,4,183.6,Canada,3PL_International,Passport_Global,holiday_sale,23.8,4.5,9,False,False,none
ORD003337,2025-04-06,Signature Hoodie,1,89.0,United States,3PL_Central,Carrier_D,none,6.33,3.2,5,False,False,none
ORD003338,2025-06-13,Signature Hoodie,2,160.2,Germany,3PL_International,Passport_Global,product_launch,19.46,6.1,9,False,False,none
ORD003339,2025-02-28,Signature Hoodie,1,71.2,Australia,3PL_International,Passport_Global,email_drop,16.95,5.6,9,False,False,none
ORD003340,2025-04-05,Signature Hoodie,2,178.0,United States,3PL_East,Carrier_A,none,6.21,4.7,5,False,False,none
ORD003341,2025-03-08,Cloud Sweatpants,4,249.6,United States,3PL_Central,Carrier_B,holiday_sale,8.29,6.8,5,True,False,none
ORD003342,2025-06-04,Signature Hoodie,4,320.4,United States,3PL_East,Carrier_A,holiday_sale,8.05,3.9,5,False,False,none
ORD003343,2025-02-01,Cloud Sweatpants,1,66.3,United States,3PL_West,Carrier_D,email_drop,7.89,1.8,5,False,False,none
ORD003344,2025-01-21,Lounge Set,2,284.0,United Kingdom,3PL_International,Passport_Global,none,20.77,2.0,9,False,True,fit_issue
ORD003345,2025-04-01,Lounge Set,1,142.0,United States,3PL_East,Carrier_C,none,5.4,4.4,5,False,False,none
ORD003346,2025-05-05,Zip Hoodie,1,96.0,United States,3PL_East,Carrier_A,none,3.98,3.9,5,False,False,none
ORD003347,2025-05-30,Zip Hoodie,3,230.4,United States,3PL_West,Carrier_B,influencer_drop,6.86,4.4,5,False,False,none
ORD003348,2025-04-19,Zip Hoodie,2,192.0,United States,3PL_East,Carrier_B,none,5.88,4.2,5,False,False,none
ORD003349,2025-05-26,Cloud Sweatpants,1,78.0,United States,3PL_East,Carrier_A,none,5.48,1.7,5,False,False,none
ORD003350,2025-03-15,Cloud Sweatpants,4,312.0,United States,3PL_East,Carrier_C,none,8.52,3.1,5,False,False,none
ORD003351,2025-01-07,Signature Hoodie,3,267.0,United States,3PL_East,Carrier_B,none,9.39,4.0,5,False,False,none
ORD003352,2025-01-24,Signature Hoodie,1,89.0,Canada,3PL_International,Passport_Global,none,17.72,3.4,9,False,False,none
ORD003353,2025-01-08,Cloud Sweatpants,1,78.0,United States,3PL_West,Carrier_B,none,6.05,5.5,5,True,False,none
ORD003354,2025-03-06,Cloud Sweatpants,2,124.8,United States,3PL_East,Carrier_C,holiday_sale,6.41,3.7,5,False,False,none
ORD003355,2025-03-31,Signature Hoodie,4,356.0,United States,3PL_Central,Carrier_A,none,8.82,4.2,5,False,False,none
ORD003356,2025-03-10,Signature Hoodie,1,89.0,United States,3PL_West,Carrier_B,none,5.11,1.8,5,False,False,none
ORD003357,2025-04-13,Lounge Set,2,284.0,United States,3PL_East,Carrier_D,none,8.35,6.3,5,True,False,none
ORD003358,2025-03-29,Signature Hoodie,3,267.0,United States,3PL_Central,Carrier_A,none,7.3,2.8,5,False,False,none
ORD003359,2025-05-07,Cloud Sweatpants,4,312.0,United States,3PL_East,Carrier_C,none,8.88,3.8,5,False,False,none
ORD003360,2025-05-04,Signature Hoodie,2,178.0,United States,3PL_Central,Carrier_D,none,7.91,3.0,5,False,False,none
ORD003361,2025-03-04,Signature Hoodie,4,284.8,Australia,3PL_International,Passport_Global,product_launch,23.06,4.5,9,False,False,none
ORD003362,2025-03-08,Zip Hoodie,4,345.6,United Kingdom,3PL_International,Passport_Global,product_launch,21.56,5.2,9,False,False,none
ORD003363,2025-04-18,Signature Hoodie,3,213.6,United States,3PL_Central,Carrier_C,influencer_drop,8.16,3.9,5,False,True,changed_mind
ORD003364,2025-04-20,Signature Hoodie,2,142.4,United States,3PL_West,Carrier_D,influencer_drop,8.21,4.8,5,False,False,none
ORD003365,2025-03-04,Weighted Tee,4,216.0,United States,3PL_Central,Carrier_A,none,7.67,4.6,5,False,False,none
ORD003366,2025-03-06,Cloud Sweatpants,1,78.0,United States,3PL_West,Carrier_D,none,6.12,5.4,5,True,False,none
ORD003367,2025-05-10,Zip Hoodie,1,96.0,United States,3PL_West,Carrier_A,none,5.26,4.6,5,False,False,none
ORD003368,2025-05-01,Zip Hoodie,2,163.2,United States,3PL_East,Carrier_B,influencer_drop,6.38,2.8,5,False,False,none
ORD003369,2025-01-28,Signature Hoodie,2,178.0,United States,3PL_East,Carrier_D,none,8.66,2.4,5,False,False,none
ORD003370,2025-03-23,Signature Hoodie,4,356.0,United States,3PL_West,Carrier_A,none,9.0,1.9,5,False,False,none
ORD003371,2025-06-14,Cloud Sweatpants,2,156.0,United States,3PL_East,Carrier_C,none,6.17,3.0,5,False,False,none
ORD003372,2025-01-08,Signature Hoodie,1,89.0,United States,3PL_West,Carrier_A,none,7.52,3.6,5,False,False,none
ORD003373,2025-06-08,Signature Hoodie,4,284.8,United States,3PL_East,Carrier_B,email_drop,9.13,4.0,5,False,False,none
ORD003374,2025-02-02,Zip Hoodie,1,96.0,United States,3PL_West,Carrier_D,none,6.85,4.6,5,False,False,none
ORD003375,2025-04-02,Signature Hoodie,1,89.0,United States,3PL_East,Carrier_A,none,5.1,5.0,5,False,False,none
ORD003376,2025-03-20,Signature Hoodie,3,267.0,United States,3PL_East,Carrier_C,none,8.28,2.2,5,False,False,none
ORD003377,2025-01-03,Cloud Sweatpants,4,280.8,Germany,3PL_International,Passport_Global,influencer_drop,21.07,3.6,9,False,False,none
ORD003378,2025-06-18,Cloud Sweatpants,2,156.0,United States,3PL_West,Carrier_C,none,7.31,3.6,5,False,False,none
ORD003379,2025-03-25,Zip Hoodie,1,96.0,United States,3PL_Central,Carrier_D,none,7.13,5.0,5,False,False,none
ORD003380,2025-06-24,Signature Hoodie,1,71.2,United States,3PL_East,Carrier_D,email_drop,6.89,4.6,5,False,False,none
ORD003381,2025-02-27,Zip Hoodie,4,384.0,United States,3PL_West,Carrier_A,none,7.7,4.0,5,False,False,none
ORD003382,2025-06-10,Lounge Set,1,120.7,United Kingdom,3PL_International,Passport_Global,influencer_drop,18.63,4.1,9,False,False,none
ORD003383,2025-06-19,Cloud Sweatpants,2,156.0,United States,3PL_West,Carrier_B,none,5.68,4.9,5,False,False,none
ORD003384,2025-04-12,Lounge Set,1,120.7,Canada,3PL_International,Passport_Global,product_launch,18.4,6.7,9,False,False,none
ORD003385,2025-02-10,Cloud Sweatpants,1,78.0,United States,3PL_East,Carrier_C,none,4.92,3.5,5,False,False,none
ORD003386,2025-05-08,Signature Hoodie,2,178.0,United States,3PL_West,Carrier_A,none,7.24,3.4,5,False,False,none
ORD003387,2025-04-11,Signature Hoodie,3,226.95,United States,3PL_East,Carrier_C,product_launch,8.73,5.1,5,True,False,none
ORD003388,2025-06-22,Cloud Sweatpants,2,156.0,United States,3PL_East,Carrier_B,none,5.95,4.3,5,False,False,none
ORD003389,2025-03-23,Lounge Set,2,255.6,United States,3PL_Central,Carrier_C,influencer_drop,5.88,4.5,5,False,False,none
ORD003390,2025-02-23,Signature Hoodie,2,178.0,United States,3PL_Central,Carrier_B,none,8.32,1.2,5,False,False,none
ORD003391,2025-01-28,Signature Hoodie,2,178.0,United States,3PL_West,Carrier_B,none,6.92,4.5,5,False,False,none
ORD003392,2025-05-11,Lounge Set,3,426.0,United States,3PL_East,Carrier_C,none,8.28,3.7,5,False,False,none
ORD003393,2025-06-27,Signature Hoodie,2,178.0,United States,3PL_East,Carrier_B,none,5.47,3.9,5,False,False,none
ORD003394,2025-01-06,Zip Hoodie,1,81.6,United States,3PL_East,Carrier_C,influencer_drop,4.59,2.8,5,False,False,none
ORD003395,2025-05-19,Signature Hoodie,1,89.0,Canada,3PL_International,Passport_Global,none,17.97,5.5,9,False,False,none
ORD003396,2025-06-20,Weighted Tee,2,108.0,United States,3PL_Central,Carrier_C,none,6.25,2.9,5,False,False,none
ORD003397,2025-01-16,Signature Hoodie,2,178.0,United States,3PL_East,Carrier_C,none,5.75,3.9,5,False,False,none
ORD003398,2025-01-23,Zip Hoodie,1,96.0,United States,3PL_West,Carrier_D,none,7.42,2.7,5,False,False,none
ORD003399,2025-05-09,Cloud Sweatpants,3,234.0,United States,3PL_East,Carrier_A,none,6.33,3.7,5,False,False,none
ORD003400,2025-05-01,Weighted Tee,1,45.9,United States,3PL_West,Carrier_B,product_launch,5.64,3.6,5,False,False,none
ORD003401,2025-01-14,Weighted Tee,1,54.0,United States,3PL_East,Carrier_A,none,4.68,2.7,5,False,False,none
ORD003402,2025-06-06,Lounge Set,2,284.0,United States,3PL_West,Carrier_B,none,7.12,3.7,5,False,False,none
ORD003403,2025-04-06,Signature Hoodie,1,89.0,United States,3PL_West,Carrier_C,none,5.48,5.0,5,False,True,changed_mind
ORD003404,2025-06-16,Cloud Sweatpants,2,156.0,United States,3PL_East,Carrier_C,none,6.97,4.6,5,False,False,none
ORD003405,2025-06-12,Lounge Set,4,568.0,United States,3PL_Central,Carrier_B,none,9.92,6.2,5,True,False,none
ORD003406,2025-06-02,Zip Hoodie,4,326.4,United States,3PL_Central,Carrier_C,email_drop,8.32,2.3,5,False,False,none
ORD003407,2025-04-04,Lounge Set,2,284.0,United States,3PL_West,Carrier_A,none,5.77,3.2,5,False,False,none
ORD003408,2025-02-20,Lounge Set,1,120.7,United States,3PL_East,Carrier_D,influencer_drop,8.16,4.8,5,False,False,none
ORD003409,2025-04-02,Signature Hoodie,2,178.0,United States,3PL_East,Carrier_A,none,7.9,3.6,5,False,False,none
ORD003410,2025-01-21,Signature Hoodie,1,89.0,United States,3PL_East,Carrier_A,none,6.43,3.2,5,False,False,none
ORD003411,2025-05-03,Signature Hoodie,2,151.3,United States,3PL_West,Carrier_A,holiday_sale,4.69,3.9,5,False,False,none
ORD003412,2025-01-27,Zip Hoodie,2,153.6,United States,3PL_East,Carrier_D,holiday_sale,8.83,5.4,5,True,False,none
ORD003413,2025-04-03,Cloud Sweatpants,1,70.2,United States,3PL_Central,Carrier_B,product_launch,4.65,4.8,5,False,False,none
ORD003414,2025-01-11,Signature Hoodie,2,178.0,United States,3PL_West,Carrier_B,none,7.27,3.6,5,False,False,none
ORD003415,2025-03-01,Zip Hoodie,3,230.4,United States,3PL_West,Carrier_B,product_launch,7.5,5.8,5,True,False,none
ORD003416,2025-02-16,Signature Hoodie,1,75.65,United States,3PL_Central,Carrier_A,influencer_drop,5.13,5.6,5,True,True,fit_issue
ORD003417,2025-04-25,Cloud Sweatpants,1,62.4,United States,3PL_West,Carrier_A,influencer_drop,5.09,3.6,5,False,False,none
ORD003418,2025-05-29,Cloud Sweatpants,4,265.2,United States,3PL_East,Carrier_A,email_drop,8.37,4.5,5,False,False,none
ORD003419,2025-01-12,Cloud Sweatpants,2,140.4,United States,3PL_Central,Carrier_B,product_launch,5.53,4.5,5,False,False,none
ORD003420,2025-06-08,Signature Hoodie,3,267.0,United Kingdom,3PL_International,Passport_Global,none,19.79,5.8,9,False,False,none
ORD003421,2025-06-09,Zip Hoodie,2,163.2,Canada,3PL_International,Passport_Global,email_drop,19.06,5.7,9,False,False,none
ORD003422,2025-03-08,Lounge Set,2,227.2,United States,3PL_East,Carrier_B,email_drop,7.75,5.1,5,True,False,none
ORD003423,2025-05-03,Zip Hoodie,2,153.6,United States,3PL_West,Carrier_B,email_drop,6.96,3.8,5,False,False,none
ORD003424,2025-03-17,Weighted Tee,2,91.8,United Kingdom,3PL_International,Passport_Global,influencer_drop,18.72,2.4,9,False,False,none
ORD003425,2025-02-01,Signature Hoodie,1,89.0,United States,3PL_West,Carrier_A,none,5.11,4.8,5,False,False,none
ORD003426,2025-04-06,Signature Hoodie,1,89.0,United States,3PL_East,Carrier_B,none,3.01,3.3,5,False,False,none
ORD003427,2025-01-18,Signature Hoodie,3,267.0,United States,3PL_Central,Carrier_A,none,7.39,1.0,5,False,False,none
ORD003428,2025-06-12,Zip Hoodie,2,172.8,United States,3PL_West,Carrier_D,email_drop,8.46,4.9,5,False,False,none
ORD003429,2025-06-19,Signature Hoodie,2,142.4,United States,3PL_Central,Carrier_D,email_drop,7.86,3.4,5,False,False,none
ORD003430,2025-06-03,Weighted Tee,2,91.8,United States,3PL_East,Carrier_A,influencer_drop,6.13,4.0,5,False,False,none
ORD003431,2025-04-13,Cloud Sweatpants,1,66.3,United States,3PL_West,Carrier_A,influencer_drop,3.41,4.0,5,False,False,none
ORD003432,2025-04-12,Lounge Set,4,568.0,United States,3PL_Central,Carrier_A,none,7.74,3.4,5,False,False,none
ORD003433,2025-06-28,Cloud Sweatpants,2,156.0,United States,3PL_West,Carrier_A,none,5.67,5.3,5,True,False,none
ORD003434,2025-02-19,Zip Hoodie,2,153.6,United States,3PL_East,Carrier_A,email_drop,5.97,3.0,5,False,False,none
ORD003435,2025-01-16,Cloud Sweatpants,2,140.4,United States,3PL_West,Carrier_A,holiday_sale,4.12,6.2,5,True,False,none
ORD003436,2025-04-13,Cloud Sweatpants,1,66.3,United States,3PL_East,Carrier_A,email_drop,5.25,4.2,5,False,True,changed_mind
ORD003437,2025-03-06,Lounge Set,1,127.8,United States,3PL_East,Carrier_A,holiday_sale,5.33,5.3,5,True,True,fit_issue
ORD003438,2025-03-05,Signature Hoodie,1,71.2,Australia,3PL_International,Passport_Global,product_launch,18.13,5.1,9,False,False,none
ORD003439,2025-01-02,Lounge Set,1,142.0,United States,3PL_East,Carrier_A,none,5.06,3.8,5,False,False,none
ORD003440,2025-04-20,Zip Hoodie,1,76.8,United States,3PL_East,Carrier_B,email_drop,6.06,4.7,5,False,False,none
ORD003441,2025-02-22,Zip Hoodie,1,96.0,United States,3PL_West,Carrier_D,none,8.63,4.9,5,False,False,none
ORD003442,2025-02-07,Signature Hoodie,4,356.0,United States,3PL_West,Carrier_B,none,7.72,5.2,5,True,False,none
ORD003443,2025-01-09,Signature Hoodie,1,89.0,United States,3PL_East,Carrier_A,none,4.4,4.1,5,False,False,none
ORD003444,2025-03-11,Signature Hoodie,3,267.0,United States,3PL_West,Carrier_D,none,9.77,4.2,5,False,False,none
ORD003445,2025-06-12,Zip Hoodie,1,96.0,Germany,3PL_International,Passport_Global,none,18.27,4.2,9,False,False,none
ORD003446,2025-03-07,Signature Hoodie,3,226.95,United States,3PL_Central,Carrier_A,email_drop,6.72,3.7,5,False,False,none
ORD003447,2025-05-07,Weighted Tee,3,162.0,United States,3PL_Central,Carrier_B,none,9.05,3.3,5,False,False,none
ORD003448,2025-05-23,Weighted Tee,3,162.0,United Kingdom,3PL_International,Passport_Global,none,19.35,6.5,9,False,False,none
ORD003449,2025-03-06,Signature Hoodie,1,89.0,United States,3PL_Central,Carrier_B,none,5.2,3.3,5,False,False,none
ORD003450,2025-06-03,Zip Hoodie,1,96.0,United States,3PL_West,Carrier_C,none,5.93,3.2,5,False,False,none
ORD003451,2025-05-09,Signature Hoodie,1,75.65,United States,3PL_East,Carrier_B,holiday_sale,6.55,3.8,5,False,False,none
ORD003452,2025-04-13,Signature Hoodie,2,178.0,United States,3PL_Central,Carrier_C,none,5.75,2.9,5,False,False,none
ORD003453,2025-01-01,Signature Hoodie,2,178.0,United States,3PL_West,Carrier_B,none,7.14,4.3,5,False,True,fit_issue
ORD003454,2025-01-08,Lounge Set,2,227.2,United States,3PL_East,Carrier_A,product_launch,6.46,4.0,5,False,False,none
ORD003455,2025-06-29,Lounge Set,4,482.8,United States,3PL_East,Carrier_B,holiday_sale,7.68,6.0,5,True,False,none
ORD003456,2025-05-28,Signature Hoodie,1,80.1,United States,3PL_West,Carrier_B,email_drop,4.91,3.3,5,False,True,changed_mind
ORD003457,2025-06-21,Signature Hoodie,2,160.2,United States,3PL_East,Carrier_C,influencer_drop,5.59,5.0,5,False,False,none
ORD003458,2025-06-16,Cloud Sweatpants,2,156.0,United States,3PL_Central,Carrier_C,none,7.1,4.2,5,False,False,none
ORD003459,2025-01-05,Cloud Sweatpants,1,66.3,Germany,3PL_International,Passport_Global,influencer_drop,16.66,5.8,9,False,False,none
ORD003460,2025-05-30,Signature Hoodie,2,178.0,United States,3PL_East,Carrier_D,none,8.7,4.6,5,False,False,none
ORD003461,2025-03-24,Lounge Set,1,142.0,United States,3PL_East,Carrier_A,none,5.39,5.1,5,True,False,none
ORD003462,2025-05-29,Weighted Tee,4,216.0,United States,3PL_West,Carrier_D,none,10.91,5.2,5,True,False,none
ORD003463,2025-01-02,Cloud Sweatpants,1,66.3,Canada,3PL_International,Passport_Global,influencer_drop,17.8,8.4,9,False,False,none
ORD003464,2025-02-28,Lounge Set,1,142.0,United States,3PL_West,Carrier_C,none,4.69,4.0,5,False,False,none
ORD003465,2025-05-21,Zip Hoodie,1,96.0,United States,3PL_East,Carrier_B,none,5.7,2.5,5,False,False,none
ORD003466,2025-05-30,Cloud Sweatpants,4,312.0,United States,3PL_Central,Carrier_B,none,8.95,3.6,5,False,False,none
ORD003467,2025-04-25,Lounge Set,4,511.2,United States,3PL_East,Carrier_C,email_drop,8.43,3.8,5,False,False,none
ORD003468,2025-03-02,Cloud Sweatpants,4,312.0,United States,3PL_East,Carrier_B,none,10.89,4.3,5,False,False,none
ORD003469,2025-03-03,Cloud Sweatpants,3,234.0,United States,3PL_East,Carrier_B,none,6.75,3.2,5,False,False,none
ORD003470,2025-06-26,Signature Hoodie,4,356.0,Canada,3PL_International,Passport_Global,none,21.65,3.9,9,False,False,none
ORD003471,2025-03-23,Zip Hoodie,2,163.2,United Kingdom,3PL_International,Passport_Global,influencer_drop,19.42,3.0,9,False,False,none
ORD003472,2025-03-24,Signature Hoodie,1,89.0,Australia,3PL_International,Passport_Global,none,17.57,4.2,9,False,False,none
ORD003473,2025-04-11,Signature Hoodie,2,151.3,United States,3PL_East,Carrier_C,product_launch,6.74,3.5,5,False,False,none
ORD003474,2025-03-18,Cloud Sweatpants,1,78.0,Canada,3PL_International,Passport_Global,none,18.15,4.4,9,False,False,none
ORD003475,2025-04-12,Cloud Sweatpants,1,78.0,United States,3PL_East,Carrier_A,none,5.34,2.2,5,False,False,none
ORD003476,2025-03-22,Signature Hoodie,2,178.0,United States,3PL_East,Carrier_A,none,6.1,2.1,5,False,False,none
ORD003477,2025-06-04,Signature Hoodie,1,89.0,Australia,3PL_International,Passport_Global,none,17.73,5.8,9,False,False,none
ORD003478,2025-06-17,Lounge Set,1,142.0,United Kingdom,3PL_International,Passport_Global,none,17.31,3.8,9,False,False,none
ORD003479,2025-06-20,Cloud Sweatpants,1,78.0,United States,3PL_Central,Carrier_B,none,6.49,3.6,5,False,False,none
ORD003480,2025-04-14,Signature Hoodie,1,80.1,United States,3PL_East,Carrier_A,holiday_sale,6.1,6.9,5,True,False,none
ORD003481,2025-03-23,Lounge Set,2,284.0,United States,3PL_East,Carrier_B,none,6.61,4.1,5,False,False,none
ORD003482,2025-05-12,Lounge Set,3,426.0,United Kingdom,3PL_International,Passport_Global,none,19.5,2.5,9,False,False,none
ORD003483,2025-06-06,Signature Hoodie,2,178.0,Germany,3PL_International,Passport_Global,none,18.69,3.5,9,False,False,none
ORD003484,2025-04-13,Cloud Sweatpants,1,78.0,United States,3PL_West,Carrier_C,none,4.92,1.3,5,False,False,none
ORD003485,2025-05-11,Signature Hoodie,3,267.0,United States,3PL_East,Carrier_A,none,7.62,5.2,5,True,False,none
ORD003486,2025-05-21,Cloud Sweatpants,2,156.0,United States,3PL_East,Carrier_A,none,5.26,4.2,5,False,False,none
ORD003487,2025-05-06,Zip Hoodie,1,96.0,United States,3PL_Central,Carrier_C,none,4.95,2.5,5,False,False,none
ORD003488,2025-05-20,Signature Hoodie,4,356.0,United States,3PL_Central,Carrier_B,none,7.97,4.1,5,False,False,none
ORD003489,2025-02-11,Cloud Sweatpants,4,249.6,Australia,3PL_International,Passport_Global,product_launch,20.68,7.1,9,False,False,none
ORD003490,2025-03-31,Signature Hoodie,2,142.4,United States,3PL_Central,Carrier_B,email_drop,8.01,3.5,5,False,False,none
ORD003491,2025-04-19,Cloud Sweatpants,2,124.8,United States,3PL_West,Carrier_B,product_launch,6.29,6.3,5,True,False,none
ORD003492,2025-01-01,Signature Hoodie,4,356.0,United States,3PL_West,Carrier_D,none,10.8,4.1,5,False,False,none
ORD003493,2025-06-09,Lounge Set,1,113.6,United States,3PL_East,Carrier_D,holiday_sale,7.02,2.9,5,False,False,none
ORD003494,2025-04-23,Cloud Sweatpants,1,78.0,United States,3PL_West,Carrier_A,none,5.9,5.6,5,True,False,none
ORD003495,2025-01-26,Signature Hoodie,2,178.0,United States,3PL_West,Carrier_C,none,6.23,3.2,5,False,False,none
ORD003496,2025-06-03,Zip Hoodie,1,81.6,United States,3PL_West,Carrier_C,influencer_drop,4.96,2.9,5,False,False,none
ORD003497,2025-05-15,Signature Hoodie,1,89.0,United States,3PL_East,Carrier_A,none,4.85,4.5,5,False,False,none
ORD003498,2025-05-23,Cloud Sweatpants,1,78.0,Australia,3PL_International,Passport_Global,none,17.2,5.0,9,False,False,none
ORD003499,2025-03-15,Cloud Sweatpants,1,70.2,United States,3PL_Central,Carrier_B,influencer_drop,6.6,3.1,5,False,False,none
ORD003500,2025-06-08,Signature Hoodie,1,89.0,Australia,3PL_International,Passport_Global,none,18.1,5.6,9,False,False,none
ORD003501,2025-03-19,Signature Hoodie,3,267.0,United States,3PL_West,Carrier_D,none,9.01,3.9,5,False,False,none
ORD003502,2025-04-15,Signature Hoodie,1,89.0,United States,3PL_East,Carrier_C,none,6.07,3.9,5,False,False,none
ORD003503,2025-01-01,Zip Hoodie,1,96.0,United States,3PL_Central,Carrier_A,none,6.32,4.3,5,False,False,none
ORD003504,2025-04-30,Zip Hoodie,3,230.4,United States,3PL_West,Carrier_B,product_launch,7.13,4.7,5,False,False,none
ORD003505,2025-05-15,Signature Hoodie,1,89.0,United States,3PL_West,Carrier_B,none,5.16,4.7,5,False,False,none
ORD003506,2025-04-14,Signature Hoodie,4,356.0,Australia,3PL_International,Passport_Global,none,21.26,5.1,9,False,False,none
ORD003507,2025-03-31,Lounge Set,1,142.0,United States,3PL_West,Carrier_A,none,4.78,5.5,5,True,False,none
ORD003508,2025-06-02,Signature Hoodie,1,75.65,United States,3PL_West,Carrier_B,holiday_sale,5.0,4.0,5,False,False,none
ORD003509,2025-05-07,Signature Hoodie,4,302.6,United States,3PL_West,Carrier_C,influencer_drop,8.45,3.3,5,False,False,none
ORD003510,2025-02-25,Zip Hoodie,1,96.0,United States,3PL_West,Carrier_C,none,5.28,4.3,5,False,False,none
ORD003511,2025-06-24,Signature Hoodie,1,80.1,Canada,3PL_International,Passport_Global,product_launch,20.25,4.4,9,False,True,fit_issue
ORD003512,2025-05-12,Weighted Tee,2,108.0,United States,3PL_East,Carrier_D,none,7.63,7.5,5,True,False,none
ORD003513,2025-06-29,Signature Hoodie,1,75.65,United States,3PL_West,Carrier_A,holiday_sale,4.22,2.1,5,False,False,none
ORD003514,2025-06-26,Lounge Set,2,284.0,United States,3PL_East,Carrier_C,none,7.33,3.3,5,False,False,none
ORD003515,2025-06-18,Signature Hoodie,1,89.0,United States,3PL_Central,Carrier_A,none,5.55,4.3,5,False,True,late_delivery
ORD003516,2025-05-22,Signature Hoodie,1,89.0,United States,3PL_East,Carrier_D,none,6.95,4.3,5,False,False,none
ORD003517,2025-04-23,Signature Hoodie,2,151.3,United States,3PL_West,Carrier_C,product_launch,7.24,4.3,5,False,False,none
ORD003518,2025-02-04,Weighted Tee,1,48.6,United States,3PL_East,Carrier_D,holiday_sale,6.22,3.9,5,False,False,none
ORD003519,2025-04-10,Cloud Sweatpants,1,78.0,Canada,3PL_International,Passport_Global,none,18.05,5.1,9,False,False,none
ORD003520,2025-05-24,Signature Hoodie,1,89.0,United States,3PL_East,Carrier_C,none,5.25,2.2,5,False,False,none
ORD003521,2025-04-05,Weighted Tee,1,54.0,Germany,3PL_International,Passport_Global,none,17.83,3.2,9,False,False,none
ORD003522,2025-06-11,Signature Hoodie,2,178.0,United States,3PL_East,Carrier_B,none,6.59,4.4,5,False,False,none
ORD003523,2025-01-23,Signature Hoodie,2,178.0,United States,3PL_East,Carrier_D,none,10.26,4.6,5,False,False,none
ORD003524,2025-03-14,Signature Hoodie,1,89.0,United States,3PL_Central,Carrier_C,none,5.0,4.1,5,False,False,none
ORD003525,2025-04-02,Lounge Set,2,255.6,United States,3PL_West,Carrier_B,email_drop,5.88,5.6,5,True,False,none
ORD003526,2025-03-22,Signature Hoodie,3,267.0,United States,3PL_West,Carrier_A,none,8.13,4.0,5,False,False,none
ORD003527,2025-01-22,Signature Hoodie,1,80.1,United States,3PL_West,Carrier_B,holiday_sale,6.22,4.7,5,False,False,none
ORD003528,2025-01-31,Weighted Tee,1,54.0,United Kingdom,3PL_International,Passport_Global,none,16.72,3.7,9,False,False,none
ORD003529,2025-06-06,Zip Hoodie,4,384.0,United States,3PL_East,Carrier_A,none,9.16,4.0,5,False,False,none
ORD003530,2025-03-29,Signature Hoodie,1,89.0,United States,3PL_East,Carrier_D,none,6.27,3.0,5,False,False,none
ORD003531,2025-01-10,Cloud Sweatpants,1,78.0,United States,3PL_East,Carrier_B,none,4.32,4.8,5,False,False,none
ORD003532,2025-01-04,Signature Hoodie,2,160.2,United States,3PL_East,Carrier_A,email_drop,6.37,3.7,5,False,False,none
ORD003533,2025-03-28,Cloud Sweatpants,1,66.3,United States,3PL_West,Carrier_B,influencer_drop,4.87,4.9,5,False,False,none
ORD003534,2025-02-02,Signature Hoodie,1,89.0,United States,3PL_Central,Carrier_A,none,4.37,2.5,5,False,False,none
ORD003535,2025-05-12,Zip Hoodie,1,96.0,Canada,3PL_International,Passport_Global,none,17.12,3.3,9,False,False,none
ORD003536,2025-05-30,Zip Hoodie,4,345.6,United States,3PL_East,Carrier_C,holiday_sale,8.43,4.5,5,False,False,none
ORD003537,2025-02-15,Signature Hoodie,3,267.0,United States,3PL_Central,Carrier_A,none,8.2,3.4,5,False,False,none
ORD003538,2025-04-19,Signature Hoodie,2,178.0,United States,3PL_West,Carrier_A,none,5.76,4.8,5,False,True,fit_issue
ORD003539,2025-02-01,Signature Hoodie,1,75.65,United States,3PL_East,Carrier_A,email_drop,5.46,3.4,5,False,False,none
ORD003540,2025-03-02,Zip Hoodie,4,384.0,United States,3PL_East,Carrier_C,none,7.37,2.4,5,False,False,none
ORD003541,2025-06-14,Lounge Set,2,284.0,United States,3PL_Central,Carrier_A,none,6.37,2.6,5,False,False,none
ORD003542,2025-04-10,Lounge Set,2,227.2,United States,3PL_West,Carrier_A,influencer_drop,7.14,2.0,5,False,False,none
ORD003543,2025-06-13,Weighted Tee,4,194.4,United States,3PL_West,Carrier_D,product_launch,10.27,5.8,5,True,False,none
ORD003544,2025-02-15,Lounge Set,2,284.0,United States,3PL_West,Carrier_B,none,6.98,3.3,5,False,False,none
ORD003545,2025-03-06,Weighted Tee,1,54.0,United States,3PL_West,Carrier_A,none,3.87,4.0,5,False,True,duplicate_order
ORD003546,2025-03-27,Zip Hoodie,1,76.8,United States,3PL_East,Carrier_C,email_drop,4.51,1.5,5,False,False,none
ORD003547,2025-03-29,Signature Hoodie,4,356.0,United States,3PL_West,Carrier_B,none,9.3,2.8,5,False,False,none
ORD003548,2025-06-30,Zip Hoodie,2,192.0,United States,3PL_East,Carrier_C,none,7.06,3.6,5,False,False,none
ORD003549,2025-01-24,Signature Hoodie,2,178.0,United States,3PL_East,Carrier_A,none,8.04,6.0,5,True,False,none
ORD003550,2025-06-08,Signature Hoodie,2,142.4,United States,3PL_West,Carrier_A,email_drop,7.11,4.9,5,False,False,none
ORD003551,2025-06-10,Signature Hoodie,1,89.0,Australia,3PL_International,Passport_Global,none,18.73,5.4,9,False,True,late_delivery
ORD003552,2025-04-12,Signature Hoodie,1,89.0,United States,3PL_Central,Carrier_B,none,4.63,4.0,5,False,False,none
ORD003553,2025-03-08,Zip Hoodie,4,384.0,United States,3PL_East,Carrier_B,none,8.85,3.0,5,False,False,none
ORD003554,2025-04-05,Signature Hoodie,1,89.0,Germany,3PL_International,Passport_Global,none,16.7,4.3,9,False,False,none
ORD003555,2025-02-28,Signature Hoodie,4,320.4,United States,3PL_West,Carrier_B,product_launch,9.72,4.7,5,False,False,none
ORD003556,2025-05-31,Lounge Set,1,142.0,United States,3PL_West,Carrier_B,none,5.17,5.4,5,True,False,none
ORD003557,2025-03-31,Cloud Sweatpants,1,78.0,United States,3PL_East,Carrier_B,none,5.79,2.7,5,False,False,none
ORD003558,2025-06-19,Signature Hoodie,1,75.65,United States,3PL_Central,Carrier_A,holiday_sale,3.56,4.7,5,False,False,none
ORD003559,2025-04-26,Signature Hoodie,2,178.0,Germany,3PL_International,Passport_Global,none,16.94,3.5,9,False,False,none
ORD003560,2025-04-04,Signature Hoodie,1,89.0,Germany,3PL_International,Passport_Global,none,19.21,4.7,9,False,False,none
ORD003561,2025-05-13,Lounge Set,2,284.0,United States,3PL_East,Carrier_D,none,11.12,5.3,5,True,False,none
ORD003562,2025-04-02,Signature Hoodie,2,160.2,Canada,3PL_International,Passport_Global,email_drop,19.23,4.5,9,False,False,none
ORD003563,2025-06-16,Weighted Tee,2,97.2,Canada,3PL_International,Passport_Global,email_drop,20.19,4.7,9,False,False,none
ORD003564,2025-02-07,Signature Hoodie,4,320.4,United States,3PL_East,Carrier_A,influencer_drop,8.26,4.0,5,False,False,none
ORD003565,2025-06-27,Lounge Set,2,284.0,Canada,3PL_International,Passport_Global,none,17.69,4.4,9,False,False,none
ORD003566,2025-06-02,Signature Hoodie,1,89.0,United States,3PL_West,Carrier_B,none,6.72,3.9,5,False,False,none
ORD003567,2025-06-09,Cloud Sweatpants,2,156.0,Germany,3PL_International,Passport_Global,none,18.84,5.6,9,False,False,none
ORD003568,2025-03-29,Signature Hoodie,1,75.65,United Kingdom,3PL_International,Passport_Global,product_launch,17.63,6.5,9,False,False,none
ORD003569,2025-06-06,Signature Hoodie,3,267.0,United States,3PL_West,Carrier_A,none,9.03,3.8,5,False,False,none
ORD003570,2025-03-02,Weighted Tee,1,45.9,United States,3PL_Central,Carrier_B,email_drop,5.12,3.5,5,False,False,none
ORD003571,2025-05-24,Zip Hoodie,3,230.4,Australia,3PL_International,Passport_Global,email_drop,19.16,5.0,9,False,False,none
ORD003572,2025-01-29,Signature Hoodie,1,89.0,United States,3PL_East,Carrier_B,none,4.29,4.5,5,False,False,none
ORD003573,2025-03-02,Zip Hoodie,1,96.0,United States,3PL_East,Carrier_C,none,5.4,4.2,5,False,False,none
ORD003574,2025-03-23,Signature Hoodie,2,178.0,United States,3PL_Central,Carrier_A,none,7.25,2.9,5,False,False,none
ORD003575,2025-03-05,Weighted Tee,2,108.0,United States,3PL_West,Carrier_A,none,6.32,4.1,5,False,False,none
ORD003576,2025-03-15,Cloud Sweatpants,1,70.2,United States,3PL_East,Carrier_C,product_launch,5.31,2.8,5,False,False,none
ORD003577,2025-06-03,Signature Hoodie,1,89.0,United States,3PL_West,Carrier_B,none,4.78,5.0,5,False,True,late_delivery
ORD003578,2025-02-21,Signature Hoodie,4,284.8,Germany,3PL_International,Passport_Global,product_launch,20.84,5.4,9,False,False,none
ORD003579,2025-05-20,Signature Hoodie,2,178.0,Canada,3PL_International,Passport_Global,none,20.21,4.9,9,False,False,none
ORD003580,2025-01-15,Weighted Tee,3,162.0,Canada,3PL_International,Passport_Global,none,19.99,5.8,9,False,False,none
ORD003581,2025-05-24,Signature Hoodie,1,75.65,United States,3PL_East,Carrier_A,holiday_sale,4.78,4.3,5,False,False,none
ORD003582,2025-05-30,Signature Hoodie,2,142.4,United States,3PL_East,Carrier_C,holiday_sale,7.86,4.8,5,False,True,quality_issue
ORD003583,2025-03-17,Lounge Set,2,284.0,United States,3PL_West,Carrier_B,none,6.32,3.3,5,False,False,none
ORD003584,2025-05-16,Signature Hoodie,4,302.6,United States,3PL_West,Carrier_A,email_drop,8.71,1.9,5,False,False,none
ORD003585,2025-06-18,Signature Hoodie,2,151.3,United Kingdom,3PL_International,Passport_Global,holiday_sale,18.74,6.3,9,False,False,none
ORD003586,2025-05-31,Zip Hoodie,2,153.6,United States,3PL_West,Carrier_C,influencer_drop,5.25,3.3,5,False,False,none
ORD003587,2025-03-15,Signature Hoodie,1,75.65,Australia,3PL_International,Passport_Global,email_drop,17.46,2.8,9,False,False,none
ORD003588,2025-03-29,Lounge Set,4,568.0,United Kingdom,3PL_International,Passport_Global,none,21.41,5.4,9,False,False,none
ORD003589,2025-05-27,Cloud Sweatpants,1,78.0,United States,3PL_East,Carrier_D,none,6.85,3.9,5,False,False,none
ORD003590,2025-02-28,Signature Hoodie,1,89.0,Germany,3PL_International,Passport_Global,none,18.58,5.3,9,False,True,fit_issue
ORD003591,2025-06-01,Cloud Sweatpants,3,234.0,United Kingdom,3PL_International,Passport_Global,none,19.29,4.9,9,False,False,none
ORD003592,2025-03-06,Signature Hoodie,4,356.0,United States,3PL_West,Carrier_B,none,9.07,5.2,5,True,False,none
ORD003593,2025-06-01,Cloud Sweatpants,3,234.0,United States,3PL_West,Carrier_C,none,7.28,5.0,5,False,False,none
ORD003594,2025-01-18,Cloud Sweatpants,1,78.0,United States,3PL_West,Carrier_B,none,6.14,4.2,5,False,False,none
ORD003595,2025-01-10,Lounge Set,3,426.0,Canada,3PL_International,Passport_Global,none,21.31,5.7,9,False,True,changed_mind
ORD003596,2025-06-30,Cloud Sweatpants,1,78.0,United States,3PL_Central,Carrier_C,none,6.37,5.5,5,True,False,none
ORD003597,2025-06-11,Lounge Set,1,142.0,United States,3PL_West,Carrier_A,none,5.45,2.0,5,False,False,none
ORD003598,2025-06-13,Signature Hoodie,4,356.0,United States,3PL_Central,Carrier_B,none,8.81,3.3,5,False,False,none
ORD003599,2025-06-23,Weighted Tee,4,183.6,United States,3PL_West,Carrier_A,holiday_sale,8.76,3.8,5,False,False,none
ORD003600,2025-03-22,Signature Hoodie,1,89.0,United States,3PL_Central,Carrier_A,none,4.53,4.4,5,False,False,none
ORD003601,2025-02-27,Lounge Set,1,142.0,United States,3PL_East,Carrier_B,none,6.11,2.4,5,False,True,fit_issue
ORD003602,2025-01-26,Cloud Sweatpants,1,78.0,Canada,3PL_International,Passport_Global,none,16.09,3.1,9,False,False,none
ORD003603,2025-04-01,Signature Hoodie,2,178.0,United States,3PL_East,Carrier_A,none,6.22,2.2,5,False,False,none
ORD003604,2025-02-14,Signature Hoodie,1,89.0,United States,3PL_Central,Carrier_A,none,6.68,3.9,5,False,False,none
ORD003605,2025-06-21,Lounge Set,1,142.0,United States,3PL_West,Carrier_D,none,5.88,4.1,5,False,False,none
ORD003606,2025-01-01,Lounge Set,1,127.8,Australia,3PL_International,Passport_Global,email_drop,18.17,6.6,9,False,False,none
ORD003607,2025-01-29,Zip Hoodie,4,326.4,Germany,3PL_International,Passport_Global,email_drop,21.84,5.3,9,False,False,none
ORD003608,2025-02-19,Signature Hoodie,1,89.0,Australia,3PL_International,Passport_Global,none,17.33,4.4,9,False,False,none
ORD003609,2025-02-09,Cloud Sweatpants,1,78.0,United States,3PL_West,Carrier_B,none,4.55,3.0,5,False,False,none
ORD003610,2025-02-15,Signature Hoodie,1,89.0,United States,3PL_West,Carrier_C,none,4.04,1.5,5,False,False,none
ORD003611,2025-05-02,Zip Hoodie,1,96.0,United States,3PL_West,Carrier_A,none,5.01,3.3,5,False,False,none
ORD003612,2025-03-06,Signature Hoodie,2,178.0,United States,3PL_East,Carrier_B,none,5.91,4.1,5,False,False,none
ORD003613,2025-04-24,Lounge Set,4,454.4,United States,3PL_West,Carrier_A,email_drop,7.68,3.7,5,False,False,none
ORD003614,2025-06-14,Zip Hoodie,3,288.0,United States,3PL_East,Carrier_A,none,8.48,4.6,5,False,False,none
ORD003615,2025-04-21,Cloud Sweatpants,1,62.4,United States,3PL_East,Carrier_B,email_drop,4.69,5.1,5,True,False,none
ORD003616,2025-05-10,Zip Hoodie,1,96.0,United States,3PL_East,Carrier_B,none,5.75,3.9,5,False,False,none
ORD003617,2025-03-11,Signature Hoodie,3,267.0,United States,3PL_Central,Carrier_B,none,6.99,3.7,5,False,False,none
ORD003618,2025-02-02,Signature Hoodie,3,213.6,Australia,3PL_International,Passport_Global,email_drop,20.51,3.4,9,False,False,none
ORD003619,2025-03-05,Signature Hoodie,4,356.0,United States,3PL_East,Carrier_B,none,9.0,3.3,5,False,False,none
ORD003620,2025-06-25,Signature Hoodie,2,178.0,United States,3PL_West,Carrier_B,none,7.36,2.9,5,False,False,none
ORD003621,2025-04-25,Signature Hoodie,2,178.0,United States,3PL_East,Carrier_A,none,5.25,6.5,5,True,False,none
ORD003622,2025-02-25,Zip Hoodie,3,230.4,United States,3PL_Central,Carrier_A,email_drop,7.07,6.4,5,True,False,none
ORD003623,2025-03-24,Zip Hoodie,2,192.0,United Kingdom,3PL_International,Passport_Global,none,19.67,3.2,9,False,False,none
ORD003624,2025-06-06,Cloud Sweatpants,3,198.9,United States,3PL_West,Carrier_D,product_launch,8.96,5.2,5,True,False,none
ORD003625,2025-05-05,Weighted Tee,1,43.2,United States,3PL_East,Carrier_A,product_launch,5.07,2.8,5,False,False,none
ORD003626,2025-04-13,Lounge Set,4,482.8,United States,3PL_East,Carrier_B,influencer_drop,9.27,4.4,5,False,False,none
ORD003627,2025-06-13,Signature Hoodie,1,89.0,United States,3PL_East,Carrier_B,none,5.14,2.4,5,False,False,none
ORD003628,2025-05-05,Cloud Sweatpants,1,62.4,United States,3PL_West,Carrier_C,email_drop,5.47,3.6,5,False,False,none
ORD003629,2025-04-30,Lounge Set,2,284.0,United States,3PL_East,Carrier_C,none,6.44,5.2,5,True,False,none
ORD003630,2025-02-08,Signature Hoodie,2,142.4,United States,3PL_Central,Carrier_C,holiday_sale,6.26,4.7,5,False,True,fit_issue
ORD003631,2025-01-22,Signature Hoodie,2,178.0,United States,3PL_Central,Carrier_A,none,5.43,3.7,5,False,False,none
ORD003632,2025-06-25,Weighted Tee,4,216.0,United States,3PL_West,Carrier_A,none,8.46,4.0,5,False,False,none
ORD003633,2025-04-21,Lounge Set,4,568.0,United States,3PL_East,Carrier_C,none,9.27,2.6,5,False,False,none
ORD003634,2025-03-19,Lounge Set,3,362.1,United States,3PL_West,Carrier_D,influencer_drop,9.23,3.3,5,False,False,none
ORD003635,2025-04-19,Lounge Set,1,113.6,United States,3PL_East,Carrier_D,holiday_sale,7.58,4.5,5,False,False,none
ORD003636,2025-01-13,Signature Hoodie,1,89.0,United States,3PL_Central,Carrier_C,none,5.12,3.7,5,False,False,none
ORD003637,2025-06-04,Zip Hoodie,1,96.0,United States,3PL_East,Carrier_B,none,5.77,2.6,5,False,False,none
ORD003638,2025-02-13,Lounge Set,2,255.6,Australia,3PL_International,Passport_Global,influencer_drop,18.44,3.9,9,False,True,fit_issue
ORD003639,2025-06-01,Signature Hoodie,2,142.4,United States,3PL_East,Carrier_C,influencer_drop,5.6,4.4,5,False,False,none
ORD003640,2025-04-08,Signature Hoodie,3,226.95,Australia,3PL_International,Passport_Global,influencer_drop,20.78,6.3,9,False,False,none
ORD003641,2025-02-25,Signature Hoodie,1,89.0,United States,3PL_East,Carrier_A,none,4.5,1.3,5,False,True,fit_issue
ORD003642,2025-01-06,Zip Hoodie,1,76.8,United States,3PL_East,Carrier_B,email_drop,4.83,2.8,5,False,False,none
ORD003643,2025-06-03,Zip Hoodie,1,86.4,United States,3PL_West,Carrier_D,holiday_sale,7.19,4.3,5,False,False,none
ORD003644,2025-02-05,Lounge Set,2,284.0,United States,3PL_East,Carrier_A,none,5.09,1.4,5,False,False,none
ORD003645,2025-01-11,Signature Hoodie,1,89.0,United States,3PL_East,Carrier_B,none,4.92,1.4,5,False,False,none
ORD003646,2025-05-22,Zip Hoodie,3,288.0,United States,3PL_Central,Carrier_B,none,7.16,5.7,5,True,False,none
ORD003647,2025-03-09,Signature Hoodie,1,89.0,United Kingdom,3PL_International,Passport_Global,none,17.57,5.5,9,False,True,fit_issue
ORD003648,2025-03-15,Weighted Tee,2,91.8,Canada,3PL_International,Passport_Global,influencer_drop,18.74,6.9,9,False,False,none
ORD003649,2025-02-19,Cloud Sweatpants,4,312.0,United States,3PL_East,Carrier_C,none,8.45,1.9,5,False,False,none
ORD003650,2025-06-09,Zip Hoodie,1,96.0,United States,3PL_West,Carrier_A,none,5.24,5.6,5,True,False,none
ORD003651,2025-03-01,Signature Hoodie,2,178.0,United States,3PL_Central,Carrier_C,none,7.7,2.0,5,False,True,late_delivery
ORD003652,2025-02-12,Signature Hoodie,2,151.3,United States,3PL_West,Carrier_B,holiday_sale,8.41,5.0,5,False,True,late_delivery
ORD003653,2025-03-03,Signature Hoodie,3,240.3,United States,3PL_Central,Carrier_B,influencer_drop,8.08,2.0,5,False,False,none
ORD003654,2025-02-10,Lounge Set,2,284.0,United States,3PL_West,Carrier_C,none,6.27,3.9,5,False,False,none
ORD003655,2025-03-04,Signature Hoodie,3,213.6,United States,3PL_West,Carrier_D,email_drop,8.76,4.1,5,False,False,none
ORD003656,2025-01-17,Lounge Set,1,142.0,United States,3PL_East,Carrier_A,none,4.79,3.0,5,False,False,none
ORD003657,2025-02-01,Signature Hoodie,1,71.2,United Kingdom,3PL_International,Passport_Global,holiday_sale,17.59,4.1,9,False,False,none
ORD003658,2025-03-19,Cloud Sweatpants,2,124.8,United States,3PL_Central,Carrier_C,email_drop,7.44,4.5,5,False,False,none
ORD003659,2025-06-12,Signature Hoodie,4,356.0,United Kingdom,3PL_International,Passport_Global,none,20.41,6.1,9,False,False,none
ORD003660,2025-01-12,Signature Hoodie,2,142.4,United Kingdom,3PL_International,Passport_Global,product_launch,19.22,4.1,9,False,False,none
ORD003661,2025-02-12,Cloud Sweatpants,3,234.0,United States,3PL_East,Carrier_D,none,9.06,3.7,5,False,True,changed_mind
ORD003662,2025-06-17,Signature Hoodie,4,320.4,United States,3PL_East,Carrier_A,email_drop,9.6,4.0,5,False,False,none
ORD003663,2025-06-14,Cloud Sweatpants,2,156.0,United States,3PL_East,Carrier_B,none,6.23,4.7,5,False,False,none
ORD003664,2025-05-07,Zip Hoodie,3,259.2,United States,3PL_Central,Carrier_A,email_drop,7.07,2.3,5,False,False,none
ORD003665,2025-02-18,Signature Hoodie,2,178.0,Australia,3PL_International,Passport_Global,none,18.37,4.5,9,False,False,none
ORD003666,2025-03-20,Cloud Sweatpants,3,234.0,United States,3PL_West,Carrier_C,none,9.07,4.2,5,False,False,none
ORD003667,2025-02-12,Zip Hoodie,1,96.0,Canada,3PL_International,Passport_Global,none,17.74,3.9,9,False,False,none
ORD003668,2025-01-26,Signature Hoodie,2,142.4,United States,3PL_West,Carrier_A,product_launch,7.4,4.0,5,False,False,none
ORD003669,2025-03-14,Signature Hoodie,1,89.0,United States,3PL_Central,Carrier_C,none,5.65,4.6,5,False,False,none
ORD003670,2025-04-16,Signature Hoodie,1,89.0,United States,3PL_West,Carrier_A,none,5.86,5.0,5,False,False,none
ORD003671,2025-03-10,Signature Hoodie,2,178.0,United Kingdom,3PL_International,Passport_Global,none,18.62,4.8,9,False,False,none
ORD003672,2025-04-23,Signature Hoodie,3,226.95,United States,3PL_West,Carrier_C,holiday_sale,7.58,3.9,5,False,False,none
ORD003673,2025-03-01,Cloud Sweatpants,1,78.0,United States,3PL_West,Carrier_C,none,4.53,3.5,5,False,False,none
ORD003674,2025-03-08,Signature Hoodie,1,89.0,Australia,3PL_International,Passport_Global,none,16.97,6.1,9,False,False,none
ORD003675,2025-05-29,Lounge Set,1,120.7,United States,3PL_Central,Carrier_B,product_launch,5.18,6.0,5,True,False,none
ORD003676,2025-06-12,Zip Hoodie,2,192.0,Canada,3PL_International,Passport_Global,none,18.65,6.2,9,False,False,none
ORD003677,2025-03-05,Signature Hoodie,1,89.0,United States,3PL_West,Carrier_A,none,5.26,3.9,5,False,True,late_delivery
ORD003678,2025-04-15,Cloud Sweatpants,1,66.3,Canada,3PL_International,Passport_Global,holiday_sale,18.39,5.5,9,False,False,none
ORD003679,2025-02-25,Signature Hoodie,3,267.0,United States,3PL_East,Carrier_A,none,9.15,4.9,5,False,False,none
ORD003680,2025-01-11,Signature Hoodie,2,178.0,United States,3PL_East,Carrier_C,none,5.73,5.3,5,True,False,none
ORD003681,2025-05-18,Weighted Tee,1,54.0,United States,3PL_Central,Carrier_C,none,5.67,1.0,5,False,False,none
ORD003682,2025-02-04,Cloud Sweatpants,2,124.8,United States,3PL_East,Carrier_A,influencer_drop,6.05,4.3,5,False,False,none
ORD003683,2025-03-21,Signature Hoodie,4,320.4,United States,3PL_East,Carrier_A,product_launch,7.49,5.5,5,True,False,none
ORD003684,2025-03-30,Lounge Set,1,113.6,United States,3PL_West,Carrier_A,email_drop,7.26,4.1,5,False,False,none
ORD003685,2025-02-07,Lounge Set,4,454.4,United States,3PL_East,Carrier_D,email_drop,10.56,3.5,5,False,False,none
ORD003686,2025-01-19,Cloud Sweatpants,1,78.0,United States,3PL_West,Carrier_C,none,5.06,4.3,5,False,False,none
ORD003687,2025-03-09,Zip Hoodie,1,96.0,Australia,3PL_International,Passport_Global,none,18.48,4.8,9,False,False,none
ORD003688,2025-06-23,Lounge Set,1,142.0,United States,3PL_West,Carrier_B,none,7.29,6.0,5,True,False,none
ORD003689,2025-04-24,Zip Hoodie,1,96.0,United States,3PL_Central,Carrier_C,none,5.61,4.2,5,False,False,none
ORD003690,2025-03-14,Cloud Sweatpants,1,78.0,United Kingdom,3PL_International,Passport_Global,none,19.8,4.7,9,False,False,none
ORD003691,2025-01-08,Lounge Set,1,120.7,United States,3PL_Central,Carrier_A,email_drop,5.36,3.0,5,False,False,none
ORD003692,2025-04-21,Cloud Sweatpants,2,156.0,Australia,3PL_International,Passport_Global,none,19.74,5.7,9,False,False,none
ORD003693,2025-01-19,Signature Hoodie,2,178.0,United States,3PL_Central,Carrier_B,none,5.88,4.8,5,False,False,none
ORD003694,2025-04-09,Signature Hoodie,4,356.0,United States,3PL_Central,Carrier_B,none,8.19,4.9,5,False,False,none
ORD003695,2025-05-22,Signature Hoodie,1,89.0,Canada,3PL_International,Passport_Global,none,18.02,5.3,9,False,False,none
ORD003696,2025-03-20,Signature Hoodie,4,356.0,United States,3PL_West,Carrier_B,none,9.89,3.9,5,False,False,none
ORD003697,2025-03-01,Signature Hoodie,1,89.0,United States,3PL_East,Carrier_B,none,4.98,3.2,5,False,False,none
ORD003698,2025-01-10,Cloud Sweatpants,4,312.0,United States,3PL_West,Carrier_A,none,9.58,2.9,5,False,False,none
ORD003699,2025-01-05,Weighted Tee,1,54.0,United States,3PL_East,Carrier_A,none,5.68,4.6,5,False,False,none
ORD003700,2025-03-21,Signature Hoodie,1,75.65,United States,3PL_East,Carrier_C,influencer_drop,5.16,5.4,5,True,False,none
ORD003701,2025-06-13,Signature Hoodie,1,71.2,United States,3PL_Central,Carrier_B,holiday_sale,5.97,4.4,5,False,False,none
ORD003702,2025-02-18,Lounge Set,1,113.6,United States,3PL_Central,Carrier_B,influencer_drop,4.76,3.8,5,False,False,none
ORD003703,2025-04-16,Cloud Sweatpants,4,280.8,United States,3PL_West,Carrier_D,email_drop,11.46,3.7,5,False,False,none
ORD003704,2025-05-08,Zip Hoodie,2,153.6,United States,3PL_West,Carrier_B,holiday_sale,6.36,6.3,5,True,False,none
ORD003705,2025-01-13,Cloud Sweatpants,1,78.0,United States,3PL_Central,Carrier_A,none,5.98,3.6,5,False,False,none
ORD003706,2025-01-31,Zip Hoodie,2,172.8,United States,3PL_Central,Carrier_A,email_drop,6.72,2.8,5,False,False,none
ORD003707,2025-03-06,Signature Hoodie,2,178.0,United States,3PL_East,Carrier_A,none,6.62,4.5,5,False,False,none
ORD003708,2025-05-05,Signature Hoodie,2,178.0,United States,3PL_East,Carrier_A,none,3.84,2.0,5,False,False,none
ORD003709,2025-03-22,Zip Hoodie,3,288.0,United States,3PL_Central,Carrier_C,none,7.25,3.4,5,False,False,none
ORD003710,2025-05-18,Signature Hoodie,3,267.0,Australia,3PL_International,Passport_Global,none,19.3,2.8,9,False,False,none
ORD003711,2025-06-10,Signature Hoodie,1,75.65,United Kingdom,3PL_International,Passport_Global,influencer_drop,18.24,3.4,9,False,False,none
ORD003712,2025-05-23,Cloud Sweatpants,2,156.0,United States,3PL_West,Carrier_A,none,6.36,3.0,5,False,False,none
ORD003713,2025-06-29,Zip Hoodie,2,163.2,United States,3PL_West,Carrier_A,email_drop,5.21,1.2,5,False,False,none
ORD003714,2025-05-22,Cloud Sweatpants,2,132.6,United States,3PL_East,Carrier_C,holiday_sale,7.0,5.2,5,True,False,none
ORD003715,2025-06-08,Zip Hoodie,4,384.0,United States,3PL_West,Carrier_D,none,10.52,3.8,5,False,False,none
ORD003716,2025-06-05,Zip Hoodie,4,384.0,United States,3PL_West,Carrier_B,none,8.8,3.4,5,False,False,none
ORD003717,2025-05-17,Signature Hoodie,3,267.0,United States,3PL_Central,Carrier_D,none,9.87,2.7,5,False,False,none
ORD003718,2025-05-31,Lounge Set,1,142.0,United States,3PL_West,Carrier_A,none,5.6,4.5,5,False,False,none
ORD003719,2025-06-21,Lounge Set,2,241.4,Canada,3PL_International,Passport_Global,product_launch,20.56,6.0,9,False,False,none
ORD003720,2025-03-28,Signature Hoodie,3,226.95,Canada,3PL_International,Passport_Global,email_drop,20.83,4.4,9,False,False,none
ORD003721,2025-04-29,Cloud Sweatpants,1,66.3,United States,3PL_East,Carrier_B,email_drop,5.46,4.2,5,False,False,none
ORD003722,2025-04-04,Signature Hoodie,2,178.0,United States,3PL_Central,Carrier_B,none,6.81,1.4,5,False,False,none
ORD003723,2025-06-08,Lounge Set,1,120.7,United States,3PL_East,Carrier_B,email_drop,5.23,3.4,5,False,False,none
ORD003724,2025-03-21,Cloud Sweatpants,1,70.2,United States,3PL_East,Carrier_C,email_drop,5.01,4.6,5,False,False,none
ORD003725,2025-06-03,Cloud Sweatpants,1,78.0,United States,3PL_East,Carrier_A,none,6.11,4.4,5,False,False,none
ORD003726,2025-05-31,Lounge Set,4,568.0,United States,3PL_West,Carrier_A,none,10.14,4.2,5,False,False,none
ORD003727,2025-06-25,Zip Hoodie,4,384.0,United States,3PL_West,Carrier_C,none,8.72,5.8,5,True,False,none
ORD003728,2025-02-20,Signature Hoodie,3,267.0,United States,3PL_Central,Carrier_B,none,8.14,3.0,5,False,False,none
ORD003729,2025-05-13,Zip Hoodie,1,81.6,United States,3PL_East,Carrier_D,holiday_sale,6.47,3.5,5,False,False,none
ORD003730,2025-05-23,Lounge Set,3,426.0,United States,3PL_East,Carrier_C,none,8.22,3.7,5,False,False,none
ORD003731,2025-06-21,Signature Hoodie,1,89.0,United States,3PL_East,Carrier_B,none,4.66,5.7,5,True,False,none
ORD003732,2025-06-16,Cloud Sweatpants,1,62.4,Germany,3PL_International,Passport_Global,product_launch,17.96,6.8,9,False,False,none
ORD003733,2025-04-16,Zip Hoodie,1,96.0,United States,3PL_West,Carrier_C,none,5.76,2.1,5,False,False,none
ORD003734,2025-04-17,Cloud Sweatpants,1,78.0,Australia,3PL_International,Passport_Global,none,18.86,3.9,9,False,False,none
ORD003735,2025-02-03,Weighted Tee,2,97.2,United States,3PL_East,Carrier_B,holiday_sale,4.9,4.8,5,False,False,none
ORD003736,2025-06-27,Cloud Sweatpants,2,124.8,United States,3PL_East,Carrier_A,holiday_sale,7.83,5.6,5,True,False,none
ORD003737,2025-02-21,Zip Hoodie,1,86.4,United States,3PL_West,Carrier_A,email_drop,6.37,4.3,5,False,False,none
ORD003738,2025-05-16,Lounge Set,1,142.0,United States,3PL_West,Carrier_C,none,5.83,3.6,5,False,False,none
ORD003739,2025-05-30,Signature Hoodie,2,142.4,United States,3PL_West,Carrier_B,product_launch,6.31,1.1,5,False,False,none
ORD003740,2025-03-23,Signature Hoodie,1,80.1,United States,3PL_West,Carrier_C,influencer_drop,6.26,6.3,5,True,False,none
ORD003741,2025-02-12,Weighted Tee,3,145.8,United States,3PL_East,Carrier_D,email_drop,11.01,4.6,5,False,False,none
ORD003742,2025-02-07,Zip Hoodie,1,96.0,United States,3PL_West,Carrier_C,none,5.19,2.9,5,False,False,none
ORD003743,2025-06-09,Cloud Sweatpants,1,78.0,United States,3PL_West,Carrier_C,none,6.57,3.6,5,False,False,none
ORD003744,2025-04-03,Signature Hoodie,1,75.65,United States,3PL_East,Carrier_A,influencer_drop,6.19,3.8,5,False,False,none
ORD003745,2025-01-19,Signature Hoodie,2,142.4,United States,3PL_West,Carrier_A,holiday_sale,7.55,4.8,5,False,False,none
ORD003746,2025-05-15,Signature Hoodie,3,267.0,United States,3PL_Central,Carrier_C,none,8.33,2.0,5,False,False,none
ORD003747,2025-02-20,Cloud Sweatpants,3,234.0,United States,3PL_West,Carrier_A,none,7.72,3.2,5,False,False,none
ORD003748,2025-06-12,Cloud Sweatpants,2,140.4,United States,3PL_West,Carrier_B,email_drop,5.61,4.2,5,False,False,none
ORD003749,2025-03-03,Signature Hoodie,1,89.0,United States,3PL_West,Carrier_D,none,6.82,3.3,5,False,False,none
ORD003750,2025-02-10,Zip Hoodie,1,96.0,United States,3PL_East,Carrier_C,none,5.95,1.7,5,False,False,none
ORD003751,2025-01-18,Weighted Tee,1,54.0,United States,3PL_East,Carrier_A,none,5.25,3.3,5,False,False,none
ORD003752,2025-04-03,Weighted Tee,2,108.0,United States,3PL_West,Carrier_C,none,5.03,3.5,5,False,False,none
ORD003753,2025-03-24,Lounge Set,1,113.6,United States,3PL_East,Carrier_C,influencer_drop,4.93,2.7,5,False,False,none
ORD003754,2025-05-21,Cloud Sweatpants,1,78.0,United States,3PL_West,Carrier_D,none,6.32,5.2,5,True,False,none
ORD003755,2025-03-26,Cloud Sweatpants,1,78.0,United States,3PL_West,Carrier_C,none,5.61,4.8,5,False,False,none
ORD003756,2025-03-08,Cloud Sweatpants,1,70.2,United States,3PL_East,Carrier_A,holiday_sale,6.1,6.2,5,True,False,none
ORD003757,2025-02-22,Signature Hoodie,1,80.1,United States,3PL_Central,Carrier_C,email_drop,5.58,3.2,5,False,False,none
ORD003758,2025-02-25,Lounge Set,2,284.0,United States,3PL_Central,Carrier_C,none,5.37,2.3,5,False,True,changed_mind
ORD003759,2025-06-20,Zip Hoodie,3,288.0,United States,3PL_East,Carrier_B,none,7.4,3.3,5,False,False,none
ORD003760,2025-02-02,Zip Hoodie,2,153.6,United States,3PL_West,Carrier_C,influencer_drop,5.72,4.5,5,False,False,none
ORD003761,2025-06-29,Signature Hoodie,1,89.0,United States,3PL_East,Carrier_B,none,5.3,3.0,5,False,False,none
ORD003762,2025-03-06,Signature Hoodie,1,89.0,United States,3PL_Central,Carrier_D,none,7.82,2.9,5,False,False,none
ORD003763,2025-01-18,Lounge Set,1,142.0,United States,3PL_West,Carrier_D,none,7.29,3.6,5,False,False,none
ORD003764,2025-02-20,Signature Hoodie,2,178.0,United States,3PL_West,Carrier_A,none,6.59,4.6,5,False,False,none
ORD003765,2025-01-12,Signature Hoodie,1,75.65,United States,3PL_Central,Carrier_B,email_drop,6.68,2.5,5,False,False,none
ORD003766,2025-05-29,Zip Hoodie,1,96.0,United States,3PL_West,Carrier_A,none,4.7,3.6,5,False,False,none
ORD003767,2025-04-04,Zip Hoodie,4,384.0,United States,3PL_Central,Carrier_A,none,9.76,2.9,5,False,False,none
ORD003768,2025-03-07,Signature Hoodie,2,178.0,United States,3PL_East,Carrier_A,none,6.33,2.9,5,False,False,none
ORD003769,2025-05-03,Signature Hoodie,3,267.0,United States,3PL_East,Carrier_B,none,9.72,2.8,5,False,False,none
ORD003770,2025-04-27,Lounge Set,1,142.0,United States,3PL_West,Carrier_A,none,5.64,3.4,5,False,False,none
ORD003771,2025-06-21,Weighted Tee,4,194.4,United States,3PL_Central,Carrier_C,holiday_sale,7.42,3.0,5,False,False,none
ORD003772,2025-06-25,Cloud Sweatpants,3,234.0,United States,3PL_East,Carrier_A,none,7.41,2.4,5,False,False,none
ORD003773,2025-05-07,Lounge Set,2,284.0,United States,3PL_West,Carrier_A,none,5.55,2.6,5,False,False,none
ORD003774,2025-06-03,Signature Hoodie,2,178.0,United States,3PL_Central,Carrier_A,none,8.27,3.3,5,False,False,none
ORD003775,2025-05-30,Zip Hoodie,2,163.2,United States,3PL_East,Carrier_B,email_drop,5.99,1.9,5,False,False,none
ORD003776,2025-03-30,Cloud Sweatpants,1,78.0,United States,3PL_West,Carrier_A,none,6.41,2.0,5,False,False,none
ORD003777,2025-05-12,Lounge Set,1,120.7,United States,3PL_East,Carrier_C,product_launch,6.17,6.0,5,True,True,changed_mind
ORD003778,2025-01-16,Lounge Set,2,227.2,United States,3PL_East,Carrier_B,email_drop,5.63,3.1,5,False,False,none
ORD003779,2025-05-23,Signature Hoodie,2,178.0,Australia,3PL_International,Passport_Global,none,17.74,3.3,9,False,False,none
ORD003780,2025-06-25,Signature Hoodie,3,240.3,United Kingdom,3PL_International,Passport_Global,email_drop,20.9,4.9,9,False,False,none
ORD003781,2025-01-18,Lounge Set,2,284.0,United States,3PL_East,Carrier_A,none,6.28,2.9,5,False,False,none
ORD003782,2025-06-06,Signature Hoodie,1,75.65,United States,3PL_East,Carrier_C,product_launch,5.42,4.1,5,False,False,none
ORD003783,2025-06-20,Zip Hoodie,2,153.6,United States,3PL_West,Carrier_B,product_launch,6.69,5.1,5,True,False,none
ORD003784,2025-02-15,Cloud Sweatpants,2,156.0,Canada,3PL_International,Passport_Global,none,16.62,5.9,9,False,False,none
ORD003785,2025-04-06,Signature Hoodie,1,80.1,United States,3PL_West,Carrier_A,email_drop,5.34,3.6,5,False,False,none
ORD003786,2025-06-20,Zip Hoodie,3,288.0,United States,3PL_West,Carrier_D,none,10.42,3.0,5,False,False,none
ORD003787,2025-06-25,Cloud Sweatpants,1,78.0,United States,3PL_Central,Carrier_A,none,3.99,1.9,5,False,False,none
ORD003788,2025-01-26,Lounge Set,1,127.8,United States,3PL_Central,Carrier_B,influencer_drop,6.05,2.5,5,False,False,none
ORD003789,2025-03-09,Signature Hoodie,1,75.65,Australia,3PL_International,Passport_Global,product_launch,17.63,5.1,9,False,True,quality_issue
ORD003790,2025-05-11,Signature Hoodie,4,356.0,United States,3PL_West,Carrier_C,none,7.94,4.3,5,False,True,fit_issue
ORD003791,2025-02-14,Signature Hoodie,1,75.65,Australia,3PL_International,Passport_Global,email_drop,18.08,3.5,9,False,False,none
ORD003792,2025-03-05,Signature Hoodie,1,71.2,United States,3PL_East,Carrier_B,email_drop,5.39,2.7,5,False,False,none
ORD003793,2025-01-05,Zip Hoodie,1,96.0,United States,3PL_West,Carrier_C,none,6.49,3.3,5,False,False,none
ORD003794,2025-01-31,Signature Hoodie,3,213.6,United States,3PL_Central,Carrier_B,email_drop,7.25,3.2,5,False,False,none
ORD003795,2025-04-13,Signature Hoodie,2,151.3,United States,3PL_West,Carrier_A,email_drop,7.58,4.8,5,False,False,none
ORD003796,2025-05-02,Weighted Tee,4,183.6,United Kingdom,3PL_International,Passport_Global,influencer_drop,21.22,4.5,9,False,False,none
ORD003797,2025-05-01,Signature Hoodie,4,320.4,United States,3PL_East,Carrier_D,product_launch,11.0,5.6,5,True,False,none
ORD003798,2025-05-27,Signature Hoodie,4,356.0,United States,3PL_West,Carrier_B,none,8.57,3.9,5,False,False,none
ORD003799,2025-03-19,Lounge Set,1,142.0,United States,3PL_West,Carrier_B,none,4.63,3.5,5,False,False,none
ORD003800,2025-02-24,Zip Hoodie,2,192.0,Australia,3PL_International,Passport_Global,none,19.71,4.3,9,False,False,none
ORD003801,2025-01-04,Signature Hoodie,1,89.0,United States,3PL_Central,Carrier_C,none,5.36,3.6,5,False,False,none
ORD003802,2025-02-11,Weighted Tee,2,108.0,United States,3PL_Central,Carrier_B,none,6.29,5.2,5,True,False,none
ORD003803,2025-03-03,Cloud Sweatpants,3,210.6,Canada,3PL_International,Passport_Global,holiday_sale,20.9,5.6,9,False,False,none
ORD003804,2025-02-05,Signature Hoodie,1,89.0,United States,3PL_West,Carrier_A,none,6.6,6.9,5,True,False,none
ORD003805,2025-01-04,Signature Hoodie,4,284.8,United Kingdom,3PL_International,Passport_Global,email_drop,20.82,6.3,9,False,False,none
ORD003806,2025-02-01,Weighted Tee,1,54.0,United States,3PL_East,Carrier_A,none,6.71,3.0,5,False,False,none
ORD003807,2025-05-04,Signature Hoodie,4,356.0,Canada,3PL_International,Passport_Global,none,20.62,7.1,9,False,False,none
ORD003808,2025-04-27,Lounge Set,3,362.1,United States,3PL_West,Carrier_B,influencer_drop,7.87,5.6,5,True,False,none
ORD003809,2025-06-21,Signature Hoodie,1,80.1,United States,3PL_East,Carrier_B,email_drop,6.09,2.2,5,False,False,none
ORD003810,2025-05-31,Signature Hoodie,1,89.0,United States,3PL_East,Carrier_B,none,3.0,1.4,5,False,False,none
ORD003811,2025-04-14,Lounge Set,1,127.8,United States,3PL_Central,Carrier_B,holiday_sale,4.62,4.6,5,False,False,none
ORD003812,2025-01-28,Weighted Tee,3,162.0,United States,3PL_East,Carrier_C,none,7.36,3.2,5,False,False,none
ORD003813,2025-04-14,Signature Hoodie,3,267.0,United States,3PL_West,Carrier_C,none,7.91,1.2,5,False,False,none
ORD003814,2025-01-13,Signature Hoodie,1,89.0,United States,3PL_West,Carrier_C,none,5.4,3.3,5,False,False,none
ORD003815,2025-03-21,Zip Hoodie,3,259.2,Canada,3PL_International,Passport_Global,email_drop,18.12,3.6,9,False,False,none
ORD003816,2025-03-15,Cloud Sweatpants,1,78.0,Canada,3PL_International,Passport_Global,none,17.48,4.9,9,False,False,none
ORD003817,2025-03-21,Cloud Sweatpants,1,70.2,United States,3PL_Central,Carrier_A,holiday_sale,4.14,5.7,5,True,False,none
ORD003818,2025-02-26,Signature Hoodie,1,89.0,United States,3PL_East,Carrier_A,none,4.9,3.3,5,False,False,none
ORD003819,2025-05-08,Weighted Tee,1,54.0,United States,3PL_East,Carrier_B,none,5.12,3.3,5,False,False,none
ORD003820,2025-06-06,Signature Hoodie,2,151.3,United States,3PL_West,Carrier_A,holiday_sale,6.71,4.9,5,False,False,none
ORD003821,2025-05-25,Signature Hoodie,1,89.0,United Kingdom,3PL_International,Passport_Global,none,17.43,3.6,9,False,False,none
ORD003822,2025-04-26,Signature Hoodie,1,89.0,United States,3PL_East,Carrier_A,none,5.42,3.2,5,False,False,none
ORD003823,2025-04-09,Signature Hoodie,3,267.0,Canada,3PL_International,Passport_Global,none,19.66,2.0,9,False,False,none
ORD003824,2025-01-07,Cloud Sweatpants,1,78.0,United States,3PL_East,Carrier_A,none,5.66,3.9,5,False,False,none
ORD003825,2025-05-16,Signature Hoodie,2,178.0,United States,3PL_West,Carrier_C,none,5.5,5.3,5,True,True,fit_issue
ORD003826,2025-04-10,Zip Hoodie,4,384.0,Germany,3PL_International,Passport_Global,none,21.19,4.8,9,False,False,none
ORD003827,2025-02-24,Signature Hoodie,1,89.0,United States,3PL_East,Carrier_A,none,4.48,4.3,5,False,False,none
ORD003828,2025-03-06,Signature Hoodie,3,267.0,United States,3PL_East,Carrier_B,none,7.37,2.8,5,False,False,none
ORD003829,2025-06-21,Lounge Set,1,142.0,United States,3PL_East,Carrier_C,none,5.56,5.7,5,True,False,none
ORD003830,2025-04-26,Cloud Sweatpants,3,234.0,United States,3PL_West,Carrier_C,none,6.97,3.3,5,False,False,none
ORD003831,2025-03-28,Signature Hoodie,1,89.0,United States,3PL_Central,Carrier_A,none,5.29,3.8,5,False,False,none
ORD003832,2025-04-25,Signature Hoodie,1,71.2,United States,3PL_West,Carrier_C,email_drop,5.1,4.0,5,False,False,none
ORD003833,2025-03-19,Cloud Sweatpants,1,66.3,United States,3PL_Central,Carrier_B,email_drop,7.03,2.3,5,False,False,none
ORD003834,2025-03-27,Lounge Set,1,142.0,United States,3PL_East,Carrier_D,none,7.47,5.3,5,True,False,none
ORD003835,2025-02-28,Zip Hoodie,3,288.0,United States,3PL_West,Carrier_B,none,8.08,2.6,5,False,False,none
ORD003836,2025-03-23,Lounge Set,2,284.0,United States,3PL_Central,Carrier_A,none,5.83,2.9,5,False,False,none
ORD003837,2025-05-08,Signature Hoodie,3,267.0,United Kingdom,3PL_International,Passport_Global,none,18.08,4.7,9,False,False,none
ORD003838,2025-01-09,Weighted Tee,1,54.0,United States,3PL_Central,Carrier_A,none,4.9,4.6,5,False,False,none
ORD003839,2025-05-30,Signature Hoodie,4,320.4,Canada,3PL_International,Passport_Global,email_drop,19.93,3.8,9,False,False,none
ORD003840,2025-02-26,Signature Hoodie,2,142.4,United States,3PL_Central,Carrier_B,email_drop,6.71,3.7,5,False,False,none
ORD003841,2025-05-08,Cloud Sweatpants,1,78.0,United States,3PL_East,Carrier_A,none,5.6,2.9,5,False,True,quality_issue
ORD003842,2025-04-30,Signature Hoodie,4,302.6,United States,3PL_East,Carrier_A,product_launch,8.99,4.2,5,False,False,none
ORD003843,2025-05-02,Cloud Sweatpants,3,234.0,United States,3PL_East,Carrier_A,none,7.62,3.5,5,False,False,none
ORD003844,2025-04-23,Signature Hoodie,1,75.65,United States,3PL_Central,Carrier_A,holiday_sale,4.67,5.2,5,True,False,none
ORD003845,2025-06-24,Zip Hoodie,2,163.2,United States,3PL_East,Carrier_B,influencer_drop,5.94,2.3,5,False,False,none
ORD003846,2025-04-03,Zip Hoodie,4,384.0,United States,3PL_East,Carrier_C,none,9.16,2.3,5,False,False,none
ORD003847,2025-05-17,Zip Hoodie,2,192.0,United Kingdom,3PL_International,Passport_Global,none,20.52,4.2,9,False,False,none
ORD003848,2025-05-12,Cloud Sweatpants,1,78.0,United States,3PL_West,Carrier_A,none,5.57,3.7,5,False,False,none
ORD003849,2025-02-17,Signature Hoodie,2,160.2,United States,3PL_East,Carrier_C,product_launch,6.82,4.2,5,False,False,none
ORD003850,2025-02-26,Lounge Set,1,142.0,United States,3PL_East,Carrier_A,none,6.9,4.9,5,False,False,none
ORD003851,2025-03-20,Cloud Sweatpants,1,70.2,United States,3PL_West,Carrier_C,holiday_sale,5.37,3.6,5,False,False,none
ORD003852,2025-02-25,Cloud Sweatpants,1,78.0,Australia,3PL_International,Passport_Global,none,17.03,4.7,9,False,False,none
ORD003853,2025-03-12,Signature Hoodie,2,178.0,United States,3PL_West,Carrier_C,none,6.83,3.1,5,False,False,none
ORD003854,2025-03-15,Signature Hoodie,4,356.0,United States,3PL_East,Carrier_C,none,10.16,4.0,5,False,False,none
ORD003855,2025-04-22,Signature Hoodie,1,89.0,Canada,3PL_International,Passport_Global,none,18.5,4.2,9,False,False,none
ORD003856,2025-02-14,Zip Hoodie,2,192.0,United States,3PL_East,Carrier_A,none,6.71,3.2,5,False,False,none
ORD003857,2025-06-01,Lounge Set,1,120.7,United Kingdom,3PL_International,Passport_Global,product_launch,16.26,5.9,9,False,False,none
ORD003858,2025-03-22,Weighted Tee,3,162.0,United States,3PL_West,Carrier_A,none,6.46,3.0,5,False,False,none
ORD003859,2025-05-12,Cloud Sweatpants,1,66.3,Australia,3PL_International,Passport_Global,product_launch,18.07,5.1,9,False,False,none
ORD003860,2025-01-17,Cloud Sweatpants,1,66.3,United States,3PL_East,Carrier_C,product_launch,5.12,4.6,5,False,False,none
ORD003861,2025-03-27,Zip Hoodie,1,96.0,United States,3PL_East,Carrier_C,none,5.32,1.5,5,False,False,none
ORD003862,2025-01-06,Signature Hoodie,4,356.0,United States,3PL_West,Carrier_A,none,9.63,3.5,5,False,False,none
ORD003863,2025-05-06,Cloud Sweatpants,1,78.0,United States,3PL_West,Carrier_C,none,4.39,3.3,5,False,False,none
ORD003864,2025-03-08,Zip Hoodie,2,163.2,Australia,3PL_International,Passport_Global,email_drop,18.45,5.3,9,False,True,fit_issue
ORD003865,2025-06-23,Signature Hoodie,1,80.1,United States,3PL_West,Carrier_A,product_launch,6.36,5.1,5,True,False,none
ORD003866,2025-03-05,Signature Hoodie,2,151.3,United States,3PL_East,Carrier_A,holiday_sale,5.55,5.3,5,True,False,none
ORD003867,2025-04-14,Signature Hoodie,3,226.95,United States,3PL_West,Carrier_B,product_launch,8.63,3.3,5,False,False,none
ORD003868,2025-02-21,Cloud Sweatpants,3,234.0,United States,3PL_West,Carrier_A,none,7.98,4.6,5,False,False,none
ORD003869,2025-04-25,Signature Hoodie,1,89.0,United States,3PL_East,Carrier_A,none,5.3,4.5,5,False,False,none
ORD003870,2025-03-27,Signature Hoodie,3,267.0,United States,3PL_West,Carrier_B,none,7.82,3.1,5,False,False,none
ORD003871,2025-03-12,Signature Hoodie,1,71.2,United States,3PL_East,Carrier_D,holiday_sale,7.49,5.9,5,True,False,none
ORD003872,2025-02-10,Lounge Set,2,284.0,United States,3PL_West,Carrier_B,none,7.08,4.7,5,False,False,none
ORD003873,2025-01-23,Lounge Set,4,568.0,United States,3PL_Central,Carrier_D,none,9.02,3.7,5,False,False,none
ORD003874,2025-01-25,Lounge Set,1,142.0,United States,3PL_Central,Carrier_A,none,6.41,4.1,5,False,False,none
ORD003875,2025-06-30,Lounge Set,1,142.0,United States,3PL_East,Carrier_C,none,5.6,2.5,5,False,False,none
ORD003876,2025-03-18,Signature Hoodie,4,356.0,United States,3PL_West,Carrier_A,none,9.77,2.4,5,False,False,none
ORD003877,2025-01-01,Signature Hoodie,1,89.0,United States,3PL_West,Carrier_A,none,5.76,4.7,5,False,False,none
ORD003878,2025-06-23,Cloud Sweatpants,1,66.3,United Kingdom,3PL_International,Passport_Global,holiday_sale,19.55,5.0,9,False,False,none
ORD003879,2025-01-04,Cloud Sweatpants,2,132.6,United States,3PL_East,Carrier_B,influencer_drop,5.98,1.8,5,False,False,none
ORD003880,2025-03-19,Zip Hoodie,4,384.0,United States,3PL_West,Carrier_A,none,10.14,3.9,5,False,False,none
ORD003881,2025-05-15,Signature Hoodie,1,80.1,Canada,3PL_International,Passport_Global,influencer_drop,17.11,3.7,9,False,False,none
ORD003882,2025-06-18,Weighted Tee,1,54.0,United States,3PL_Central,Carrier_C,none,5.84,3.3,5,False,False,none
ORD003883,2025-05-14,Signature Hoodie,3,213.6,United States,3PL_Central,Carrier_A,influencer_drop,8.55,3.5,5,False,False,none
ORD003884,2025-03-26,Cloud Sweatpants,1,78.0,United States,3PL_East,Carrier_C,none,5.41,6.2,5,True,False,none
ORD003885,2025-06-27,Lounge Set,1,142.0,United Kingdom,3PL_International,Passport_Global,none,16.24,3.8,9,False,False,none
ORD003886,2025-01-08,Cloud Sweatpants,1,78.0,United States,3PL_East,Carrier_A,none,5.51,1.3,5,False,False,none
ORD003887,2025-06-29,Zip Hoodie,1,96.0,United States,3PL_East,Carrier_A,none,5.02,1.7,5,False,False,none
ORD003888,2025-06-08,Zip Hoodie,2,192.0,United States,3PL_East,Carrier_A,none,7.27,2.7,5,False,True,late_delivery
ORD003889,2025-06-20,Lounge Set,1,120.7,United States,3PL_Central,Carrier_A,influencer_drop,4.69,4.6,5,False,True,changed_mind
ORD003890,2025-02-21,Lounge Set,1,120.7,United States,3PL_East,Carrier_A,influencer_drop,4.96,3.7,5,False,False,none
ORD003891,2025-01-29,Cloud Sweatpants,4,312.0,United States,3PL_West,Carrier_A,none,8.31,3.6,5,False,False,none
ORD003892,2025-05-04,Signature Hoodie,3,267.0,United States,3PL_Central,Carrier_C,none,7.45,3.1,5,False,False,none
ORD003893,2025-04-04,Lounge Set,4,454.4,Canada,3PL_International,Passport_Global,influencer_drop,21.32,5.6,9,False,False,none
ORD003894,2025-04-05,Cloud Sweatpants,2,156.0,United States,3PL_West,Carrier_D,none,8.81,2.8,5,False,False,none
ORD003895,2025-06-19,Zip Hoodie,2,192.0,United States,3PL_Central,Carrier_A,none,6.94,4.3,5,False,False,none
ORD003896,2025-04-25,Cloud Sweatpants,1,78.0,Canada,3PL_International,Passport_Global,none,16.78,5.5,9,False,False,none
ORD003897,2025-03-03,Signature Hoodie,1,89.0,United States,3PL_East,Carrier_B,none,4.71,2.1,5,False,False,none
ORD003898,2025-03-16,Cloud Sweatpants,2,156.0,United States,3PL_East,Carrier_B,none,6.08,4.9,5,False,False,none
ORD003899,2025-01-27,Weighted Tee,1,54.0,United States,3PL_West,Carrier_A,none,5.12,2.7,5,False,False,none
ORD003900,2025-02-08,Signature Hoodie,3,267.0,United States,3PL_East,Carrier_C,none,7.01,4.2,5,False,False,none
ORD003901,2025-01-29,Signature Hoodie,1,75.65,United States,3PL_West,Carrier_D,email_drop,6.6,3.8,5,False,False,none
ORD003902,2025-06-02,Signature Hoodie,4,284.8,Australia,3PL_International,Passport_Global,influencer_drop,22.29,4.0,9,False,False,none
ORD003903,2025-05-12,Cloud Sweatpants,1,70.2,United States,3PL_Central,Carrier_D,email_drop,7.45,4.4,5,False,False,none
ORD003904,2025-04-07,Signature Hoodie,1,89.0,United States,3PL_East,Carrier_A,none,4.52,2.7,5,False,False,none
ORD003905,2025-03-13,Zip Hoodie,1,86.4,United States,3PL_East,Carrier_B,product_launch,5.72,4.9,5,False,False,none
ORD003906,2025-05-05,Signature Hoodie,4,302.6,United States,3PL_West,Carrier_A,email_drop,8.52,3.2,5,False,False,none
ORD003907,2025-06-02,Signature Hoodie,3,267.0,United States,3PL_East,Carrier_B,none,9.18,3.4,5,False,False,none
ORD003908,2025-06-13,Signature Hoodie,1,89.0,United States,3PL_West,Carrier_A,none,4.9,2.4,5,False,False,none
ORD003909,2025-04-10,Signature Hoodie,3,213.6,United States,3PL_Central,Carrier_B,email_drop,7.3,2.5,5,False,False,none
ORD003910,2025-06-03,Lounge Set,2,284.0,United States,3PL_West,Carrier_A,none,6.31,3.7,5,False,False,none
ORD003911,2025-04-03,Lounge Set,1,120.7,Canada,3PL_International,Passport_Global,email_drop,16.92,4.2,9,False,False,none
ORD003912,2025-03-28,Zip Hoodie,3,244.8,United States,3PL_Central,Carrier_C,influencer_drop,8.07,5.1,5,True,False,none
ORD003913,2025-06-10,Lounge Set,1,120.7,United States,3PL_East,Carrier_A,holiday_sale,5.44,6.4,5,True,False,none
ORD003914,2025-03-15,Signature Hoodie,1,75.65,United States,3PL_East,Carrier_B,product_launch,5.67,5.6,5,True,False,none
ORD003915,2025-03-16,Lounge Set,1,113.6,United States,3PL_East,Carrier_D,email_drop,7.22,2.7,5,False,False,none
ORD003916,2025-03-02,Cloud Sweatpants,1,66.3,United States,3PL_West,Carrier_D,product_launch,7.35,5.2,5,True,False,none
ORD003917,2025-04-05,Zip Hoodie,2,172.8,United States,3PL_East,Carrier_D,holiday_sale,9.65,4.5,5,False,False,none
ORD003918,2025-04-10,Zip Hoodie,2,192.0,United States,3PL_East,Carrier_A,none,6.99,3.5,5,False,False,none
ORD003919,2025-05-03,Signature Hoodie,2,160.2,United States,3PL_East,Carrier_B,email_drop,5.11,5.6,5,True,False,none
ORD003920,2025-03-21,Signature Hoodie,1,89.0,United States,3PL_East,Carrier_C,none,5.65,3.9,5,False,False,none
ORD003921,2025-02-13,Signature Hoodie,2,178.0,United States,3PL_West,Carrier_D,none,9.28,2.9,5,False,False,none
ORD003922,2025-06-10,Cloud Sweatpants,1,78.0,United Kingdom,3PL_International,Passport_Global,none,15.95,5.2,9,False,False,none
ORD003923,2025-03-08,Cloud Sweatpants,1,78.0,United States,3PL_West,Carrier_D,none,6.27,4.6,5,False,False,none
ORD003924,2025-06-19,Weighted Tee,1,54.0,Australia,3PL_International,Passport_Global,none,18.28,3.5,9,False,False,none
ORD003925,2025-02-11,Signature Hoodie,1,89.0,United States,3PL_Central,Carrier_C,none,6.18,4.4,5,False,True,changed_mind
ORD003926,2025-04-13,Cloud Sweatpants,3,234.0,United States,3PL_East,Carrier_B,none,7.84,3.3,5,False,False,none
ORD003927,2025-04-08,Cloud Sweatpants,2,124.8,Australia,3PL_International,Passport_Global,email_drop,19.3,1.7,9,False,False,none
ORD003928,2025-06-05,Signature Hoodie,1,71.2,United States,3PL_East,Carrier_A,holiday_sale,6.5,2.7,5,False,False,none
ORD003929,2025-01-28,Signature Hoodie,2,160.2,Canada,3PL_International,Passport_Global,product_launch,18.54,6.3,9,False,False,none
ORD003930,2025-06-17,Cloud Sweatpants,2,156.0,United States,3PL_West,Carrier_B,none,5.8,3.5,5,False,False,none
ORD003931,2025-04-07,Cloud Sweatpants,1,78.0,United Kingdom,3PL_International,Passport_Global,none,17.6,5.0,9,False,False,none
ORD003932,2025-04-18,Signature Hoodie,4,302.6,United States,3PL_East,Carrier_B,holiday_sale,8.99,5.5,5,True,False,none
ORD003933,2025-04-03,Signature Hoodie,4,356.0,United States,3PL_West,Carrier_B,none,9.1,1.9,5,False,False,none
ORD003934,2025-01-08,Signature Hoodie,3,226.95,United States,3PL_East,Carrier_B,product_launch,8.32,5.6,5,True,False,none
ORD003935,2025-03-31,Lounge Set,3,383.4,United States,3PL_West,Carrier_A,email_drop,9.03,4.0,5,False,False,none
ORD003936,2025-02-22,Lounge Set,2,284.0,United States,3PL_East,Carrier_A,none,6.7,3.9,5,False,False,none
ORD003937,2025-03-08,Signature Hoodie,3,267.0,United States,3PL_East,Carrier_B,none,6.7,5.2,5,True,False,none
ORD003938,2025-05-01,Zip Hoodie,2,192.0,United States,3PL_West,Carrier_B,none,5.93,4.0,5,False,False,none
ORD003939,2025-03-31,Weighted Tee,1,54.0,United States,3PL_West,Carrier_D,none,7.31,3.2,5,False,False,none
ORD003940,2025-01-19,Signature Hoodie,1,89.0,Canada,3PL_International,Passport_Global,none,18.96,4.0,9,False,True,changed_mind
ORD003941,2025-01-15,Signature Hoodie,3,240.3,United States,3PL_East,Carrier_B,holiday_sale,8.22,3.9,5,False,False,none
ORD003942,2025-02-07,Signature Hoodie,2,151.3,United States,3PL_Central,Carrier_A,email_drop,5.84,2.9,5,False,False,none
ORD003943,2025-02-08,Signature Hoodie,3,267.0,United States,3PL_Central,Carrier_C,none,7.18,4.2,5,False,False,none
ORD003944,2025-04-23,Lounge Set,1,142.0,United States,3PL_West,Carrier_A,none,5.17,4.3,5,False,False,none
ORD003945,2025-02-05,Lounge Set,2,284.0,United States,3PL_Central,Carrier_B,none,6.61,3.1,5,False,False,none
ORD003946,2025-06-13,Cloud Sweatpants,1,78.0,United States,3PL_East,Carrier_D,none,6.98,2.9,5,False,False,none
ORD003947,2025-02-12,Signature Hoodie,1,80.1,United States,3PL_East,Carrier_D,email_drop,6.5,4.9,5,False,False,none
ORD003948,2025-01-19,Lounge Set,1,142.0,United States,3PL_East,Carrier_D,none,6.6,1.7,5,False,False,none
ORD003949,2025-06-12,Signature Hoodie,1,80.1,United States,3PL_East,Carrier_A,influencer_drop,5.34,5.7,5,True,False,none
ORD003950,2025-03-01,Signature Hoodie,2,178.0,United States,3PL_Central,Carrier_B,none,6.72,4.0,5,False,False,none
ORD003951,2025-03-21,Signature Hoodie,1,89.0,United States,3PL_East,Carrier_C,none,4.62,2.7,5,False,False,none
ORD003952,2025-06-24,Lounge Set,1,120.7,Germany,3PL_International,Passport_Global,influencer_drop,18.06,6.2,9,False,False,none
ORD003953,2025-06-22,Zip Hoodie,2,153.6,United States,3PL_East,Carrier_C,email_drop,8.0,4.9,5,False,False,none
ORD003954,2025-05-14,Zip Hoodie,1,76.8,United Kingdom,3PL_International,Passport_Global,email_drop,17.97,4.2,9,False,False,none
ORD003955,2025-01-14,Zip Hoodie,2,192.0,United States,3PL_Central,Carrier_D,none,8.57,4.8,5,False,False,none
ORD003956,2025-04-20,Signature Hoodie,4,320.4,United States,3PL_West,Carrier_B,holiday_sale,7.75,5.3,5,True,False,none
ORD003957,2025-06-29,Cloud Sweatpants,3,234.0,United States,3PL_East,Carrier_A,none,8.29,4.3,5,False,False,none
ORD003958,2025-06-22,Lounge Set,1,142.0,United States,3PL_Central,Carrier_D,none,6.74,2.4,5,False,False,none
ORD003959,2025-01-22,Lounge Set,1,113.6,United States,3PL_Central,Carrier_C,influencer_drop,6.26,3.1,5,False,False,none
ORD003960,2025-03-16,Cloud Sweatpants,2,156.0,United States,3PL_West,Carrier_B,none,7.99,3.4,5,False,False,none
ORD003961,2025-03-04,Signature Hoodie,1,80.1,United States,3PL_West,Carrier_D,influencer_drop,6.66,3.4,5,False,False,none
ORD003962,2025-01-26,Weighted Tee,1,54.0,Canada,3PL_International,Passport_Global,none,17.28,3.8,9,False,False,none
ORD003963,2025-05-10,Cloud Sweatpants,2,156.0,United States,3PL_West,Carrier_B,none,6.98,4.5,5,False,False,none
ORD003964,2025-02-24,Signature Hoodie,2,178.0,United States,3PL_Central,Carrier_B,none,5.53,2.5,5,False,False,none
ORD003965,2025-03-08,Signature Hoodie,2,151.3,United States,3PL_East,Carrier_C,holiday_sale,6.63,6.2,5,True,False,none
ORD003966,2025-01-19,Signature Hoodie,1,71.2,Canada,3PL_International,Passport_Global,influencer_drop,17.57,4.3,9,False,False,none
ORD003967,2025-03-31,Zip Hoodie,1,96.0,Australia,3PL_International,Passport_Global,none,17.74,3.5,9,False,False,none
ORD003968,2025-02-01,Zip Hoodie,1,96.0,United Kingdom,3PL_International,Passport_Global,none,16.18,4.5,9,False,False,none
ORD003969,2025-03-22,Signature Hoodie,1,89.0,United Kingdom,3PL_International,Passport_Global,none,18.21,4.8,9,False,False,none
ORD003970,2025-01-29,Signature Hoodie,3,267.0,United States,3PL_Central,Carrier_C,none,9.67,4.3,5,False,False,none
ORD003971,2025-06-23,Cloud Sweatpants,4,280.8,United States,3PL_West,Carrier_C,email_drop,8.52,4.2,5,False,False,none
ORD003972,2025-01-30,Cloud Sweatpants,2,156.0,United States,3PL_East,Carrier_A,none,5.4,4.7,5,False,False,none
ORD003973,2025-04-05,Signature Hoodie,1,89.0,Australia,3PL_International,Passport_Global,none,18.44,4.9,9,False,False,none
ORD003974,2025-02-09,Signature Hoodie,1,89.0,United States,3PL_East,Carrier_C,none,4.71,3.9,5,False,False,none
ORD003975,2025-01-16,Lounge Set,3,426.0,United States,3PL_West,Carrier_B,none,7.72,5.2,5,True,False,none
ORD003976,2025-02-10,Weighted Tee,1,48.6,United States,3PL_West,Carrier_A,email_drop,4.83,3.3,5,False,False,none
ORD003977,2025-01-11,Signature Hoodie,4,302.6,Canada,3PL_International,Passport_Global,email_drop,20.11,4.4,9,False,False,none
ORD003978,2025-01-28,Zip Hoodie,2,192.0,United States,3PL_East,Carrier_A,none,6.8,2.8,5,False,False,none
ORD003979,2025-03-31,Lounge Set,4,482.8,United Kingdom,3PL_International,Passport_Global,product_launch,20.7,5.8,9,False,False,none
ORD003980,2025-05-02,Signature Hoodie,1,89.0,Australia,3PL_International,Passport_Global,none,16.52,3.4,9,False,False,none
ORD003981,2025-01-18,Lounge Set,4,454.4,United States,3PL_East,Carrier_B,holiday_sale,9.08,4.6,5,False,False,none
ORD003982,2025-03-23,Cloud Sweatpants,2,132.6,United States,3PL_Central,Carrier_B,email_drop,8.85,3.6,5,False,False,none
ORD003983,2025-04-17,Cloud Sweatpants,2,156.0,United States,3PL_West,Carrier_B,none,7.36,4.9,5,False,True,changed_mind
ORD003984,2025-02-16,Cloud Sweatpants,2,124.8,United States,3PL_West,Carrier_C,influencer_drop,6.52,1.4,5,False,False,none
ORD003985,2025-03-12,Signature Hoodie,1,89.0,United States,3PL_East,Carrier_D,none,9.63,1.5,5,False,False,none
ORD003986,2025-01-15,Lounge Set,2,241.4,United States,3PL_East,Carrier_C,email_drop,5.14,3.7,5,False,False,none
ORD003987,2025-02-14,Zip Hoodie,3,288.0,United States,3PL_West,Carrier_C,none,8.16,3.6,5,False,False,none
ORD003988,2025-03-27,Signature Hoodie,3,267.0,United States,3PL_Central,Carrier_A,none,9.17,2.4,5,False,True,quality_issue
ORD003989,2025-06-29,Cloud Sweatpants,4,280.8,United States,3PL_West,Carrier_D,holiday_sale,9.84,3.6,5,False,False,none
ORD003990,2025-06-30,Weighted Tee,1,54.0,United States,3PL_East,Carrier_C,none,5.64,4.3,5,False,False,none
ORD003991,2025-06-28,Lounge Set,3,426.0,United States,3PL_West,Carrier_D,none,9.0,3.9,5,False,False,none
ORD003992,2025-03-20,Zip Hoodie,4,384.0,United States,3PL_Central,Carrier_B,none,8.58,4.9,5,False,False,none
ORD003993,2025-01-17,Signature Hoodie,1,89.0,United States,3PL_West,Carrier_A,none,5.73,1.8,5,False,False,none
ORD003994,2025-03-05,Signature Hoodie,2,160.2,Australia,3PL_International,Passport_Global,influencer_drop,17.54,4.3,9,False,False,none
ORD003995,2025-02-17,Signature Hoodie,2,142.4,United States,3PL_East,Carrier_A,email_drop,5.74,4.9,5,False,False,none
ORD003996,2025-01-03,Lounge Set,2,255.6,United States,3PL_Central,Carrier_B,holiday_sale,6.58,4.2,5,False,False,none
ORD003997,2025-01-19,Lounge Set,1,142.0,Australia,3PL_International,Passport_Global,none,16.4,4.5,9,False,False,none
ORD003998,2025-03-25,Lounge Set,2,284.0,United States,3PL_East,Carrier_D,none,8.06,3.6,5,False,False,none
ORD003999,2025-03-07,Signature Hoodie,1,89.0,United States,3PL_West,Carrier_B,none,4.18,4.3,5,False,False,none
ORD004000,2025-02-06,Weighted Tee,2,108.0,Canada,3PL_International,Passport_Global,none,17.78,3.0,9,False,False,none
ORD004001,2025-05-14,Weighted Tee,1,43.2,United States,3PL_East,Carrier_B,email_drop,6.14,2.7,5,False,False,none
ORD004002,2025-03-10,Zip Hoodie,1,96.0,United States,3PL_West,Carrier_A,none,5.48,4.7,5,False,False,none
ORD004003,2025-06-08,Lounge Set,2,284.0,United States,3PL_Central,Carrier_A,none,6.38,4.6,5,False,False,none
ORD004004,2025-02-18,Cloud Sweatpants,4,280.8,United Kingdom,3PL_International,Passport_Global,holiday_sale,20.9,5.0,9,False,False,none
ORD004005,2025-04-09,Signature Hoodie,2,178.0,United States,3PL_East,Carrier_A,none,6.8,4.9,5,False,True,late_delivery
ORD004006,2025-02-07,Signature Hoodie,4,356.0,United States,3PL_Central,Carrier_A,none,8.47,3.7,5,False,False,none
ORD004007,2025-03-31,Signature Hoodie,3,240.3,United States,3PL_West,Carrier_B,email_drop,7.1,5.1,5,True,False,none
ORD004008,2025-01-31,Signature Hoodie,1,89.0,United States,3PL_East,Carrier_A,none,6.24,5.3,5,True,False,none
ORD004009,2025-02-02,Zip Hoodie,1,86.4,United States,3PL_East,Carrier_A,holiday_sale,4.91,2.7,5,False,False,none
ORD004010,2025-04-23,Signature Hoodie,2,142.4,United Kingdom,3PL_International,Passport_Global,email_drop,20.02,5.2,9,False,False,none
ORD004011,2025-02-22,Signature Hoodie,2,178.0,United States,3PL_East,Carrier_D,none,7.91,3.1,5,False,False,none
ORD004012,2025-02-04,Signature Hoodie,3,267.0,Canada,3PL_International,Passport_Global,none,20.7,3.6,9,False,False,none
ORD004013,2025-06-20,Zip Hoodie,2,192.0,United States,3PL_West,Carrier_B,none,6.76,2.5,5,False,False,none
ORD004014,2025-01-09,Weighted Tee,4,194.4,United States,3PL_West,Carrier_B,email_drop,9.3,3.3,5,False,False,none
ORD004015,2025-04-14,Cloud Sweatpants,3,234.0,Canada,3PL_International,Passport_Global,none,20.33,5.3,9,False,False,none
ORD004016,2025-04-11,Lounge Set,2,255.6,Canada,3PL_International,Passport_Global,email_drop,19.52,4.2,9,False,True,fit_issue
ORD004017,2025-02-20,Weighted Tee,2,108.0,United States,3PL_West,Carrier_C,none,7.71,1.7,5,False,False,none
ORD004018,2025-03-25,Zip Hoodie,1,96.0,United States,3PL_Central,Carrier_C,none,4.7,2.8,5,False,True,fit_issue
ORD004019,2025-01-18,Zip Hoodie,3,288.0,United States,3PL_West,Carrier_A,none,8.89,3.5,5,False,False,none
ORD004020,2025-05-15,Zip Hoodie,2,192.0,United States,3PL_East,Carrier_C,none,6.31,4.6,5,False,False,none
ORD004021,2025-02-14,Weighted Tee,4,216.0,United States,3PL_Central,Carrier_A,none,7.4,4.4,5,False,False,none
ORD004022,2025-02-08,Signature Hoodie,1,89.0,Germany,3PL_International,Passport_Global,none,18.35,5.4,9,False,False,none
ORD004023,2025-03-04,Lounge Set,1,120.7,Germany,3PL_International,Passport_Global,product_launch,18.46,5.0,9,False,False,none
ORD004024,2025-06-16,Cloud Sweatpants,2,156.0,United States,3PL_East,Carrier_B,none,6.95,2.8,5,False,False,none
ORD004025,2025-05-30,Signature Hoodie,2,142.4,United States,3PL_West,Carrier_B,email_drop,6.28,5.3,5,True,False,none
ORD004026,2025-06-22,Zip Hoodie,2,192.0,United States,3PL_East,Carrier_B,none,5.8,3.4,5,False,False,none
ORD004027,2025-05-02,Lounge Set,2,241.4,United States,3PL_West,Carrier_A,email_drop,6.13,4.8,5,False,False,none
ORD004028,2025-05-04,Lounge Set,2,284.0,United States,3PL_East,Carrier_B,none,6.68,3.1,5,False,False,none
ORD004029,2025-03-29,Weighted Tee,2,91.8,Canada,3PL_International,Passport_Global,email_drop,18.73,4.7,9,False,False,none
ORD004030,2025-06-16,Zip Hoodie,1,96.0,United States,3PL_East,Carrier_B,none,4.56,3.8,5,False,False,none
ORD004031,2025-04-03,Cloud Sweatpants,3,234.0,United States,3PL_West,Carrier_B,none,7.49,3.0,5,False,False,none
ORD004032,2025-03-10,Weighted Tee,2,108.0,United States,3PL_West,Carrier_B,none,5.88,3.9,5,False,False,none
ORD004033,2025-04-29,Signature Hoodie,2,178.0,United States,3PL_East,Carrier_C,none,6.01,3.2,5,False,False,none
ORD004034,2025-04-10,Signature Hoodie,2,178.0,Canada,3PL_International,Passport_Global,none,19.53,3.4,9,False,False,none
ORD004035,2025-01-25,Cloud Sweatpants,3,234.0,United States,3PL_West,Carrier_B,none,6.75,4.0,5,False,False,none
ORD004036,2025-03-15,Cloud Sweatpants,1,70.2,United States,3PL_West,Carrier_D,product_launch,7.46,6.5,5,True,False,none
ORD004037,2025-03-03,Zip Hoodie,1,96.0,United States,3PL_West,Carrier_A,none,4.97,4.0,5,False,False,none
ORD004038,2025-06-07,Lounge Set,1,142.0,United States,3PL_West,Carrier_A,none,5.62,2.8,5,False,False,none
ORD004039,2025-03-14,Signature Hoodie,4,302.6,United States,3PL_Central,Carrier_D,holiday_sale,9.91,5.1,5,True,False,none
ORD004040,2025-06-03,Lounge Set,1,120.7,United States,3PL_East,Carrier_C,email_drop,5.22,5.1,5,True,False,none
ORD004041,2025-03-23,Zip Hoodie,1,96.0,United States,3PL_Central,Carrier_B,none,4.71,2.5,5,False,False,none
ORD004042,2025-05-22,Weighted Tee,4,216.0,United States,3PL_East,Carrier_A,none,9.08,2.4,5,False,False,none
ORD004043,2025-01-28,Signature Hoodie,1,89.0,Germany,3PL_International,Passport_Global,none,16.34,5.4,9,False,False,none
ORD004044,2025-06-19,Zip Hoodie,2,192.0,United States,3PL_West,Carrier_C,none,6.47,3.2,5,False,False,none
ORD004045,2025-03-29,Zip Hoodie,1,96.0,United States,3PL_East,Carrier_B,none,4.34,3.3,5,False,False,none
ORD004046,2025-02-22,Cloud Sweatpants,2,132.6,United States,3PL_West,Carrier_C,influencer_drop,6.02,3.7,5,False,False,none
ORD004047,2025-02-18,Signature Hoodie,2,151.3,United States,3PL_East,Carrier_A,holiday_sale,6.27,4.6,5,False,False,none
ORD004048,2025-02-23,Signature Hoodie,2,178.0,Germany,3PL_International,Passport_Global,none,19.51,5.0,9,False,False,none
ORD004049,2025-03-12,Signature Hoodie,2,178.0,United States,3PL_Central,Carrier_A,none,5.19,3.5,5,False,True,duplicate_order
ORD004050,2025-05-15,Cloud Sweatpants,3,234.0,United Kingdom,3PL_International,Passport_Global,none,18.59,4.6,9,False,False,none
ORD004051,2025-06-23,Zip Hoodie,2,192.0,United States,3PL_East,Carrier_C,none,7.44,4.3,5,False,False,none
ORD004052,2025-05-05,Cloud Sweatpants,2,156.0,United States,3PL_Central,Carrier_A,none,6.26,3.5,5,False,False,none
ORD004053,2025-04-11,Zip Hoodie,4,326.4,United States,3PL_Central,Carrier_B,email_drop,7.45,2.9,5,False,False,none
ORD004054,2025-03-24,Signature Hoodie,1,89.0,United States,3PL_West,Carrier_A,none,5.05,4.9,5,False,False,none
ORD004055,2025-06-05,Signature Hoodie,3,213.6,United States,3PL_East,Carrier_B,product_launch,7.31,4.6,5,False,False,none
ORD004056,2025-06-08,Zip Hoodie,1,96.0,United States,3PL_West,Carrier_A,none,4.93,4.9,5,False,False,none
ORD004057,2025-02-28,Lounge Set,1,142.0,United States,3PL_East,Carrier_B,none,5.57,4.0,5,False,False,none
ORD004058,2025-06-23,Zip Hoodie,1,96.0,United States,3PL_Central,Carrier_D,none,5.83,4.5,5,False,False,none
ORD004059,2025-03-16,Zip Hoodie,2,192.0,United States,3PL_East,Carrier_A,none,6.57,3.9,5,False,False,none
ORD004060,2025-05-31,Weighted Tee,3,162.0,United States,3PL_East,Carrier_A,none,7.31,5.9,5,True,False,none
ORD004061,2025-06-26,Weighted Tee,1,54.0,United States,3PL_East,Carrier_A,none,5.33,5.2,5,True,False,none
ORD004062,2025-05-12,Zip Hoodie,2,192.0,United States,3PL_East,Carrier_B,none,7.24,4.8,5,False,False,none
ORD004063,2025-02-02,Signature Hoodie,1,75.65,Germany,3PL_International,Passport_Global,email_drop,18.59,3.5,9,False,False,none
ORD004064,2025-04-18,Signature Hoodie,3,226.95,United States,3PL_Central,Carrier_D,product_launch,10.75,4.6,5,False,False,none
ORD004065,2025-01-24,Zip Hoodie,4,384.0,Germany,3PL_International,Passport_Global,none,19.7,5.4,9,False,False,none
ORD004066,2025-05-29,Cloud Sweatpants,3,234.0,United States,3PL_East,Carrier_B,none,7.96,3.7,5,False,False,none
ORD004067,2025-02-26,Signature Hoodie,1,89.0,United Kingdom,3PL_International,Passport_Global,none,18.4,2.1,9,False,False,none
ORD004068,2025-05-10,Signature Hoodie,3,267.0,United States,3PL_East,Carrier_B,none,7.21,1.5,5,False,False,none
ORD004069,2025-06-17,Weighted Tee,1,43.2,United States,3PL_Central,Carrier_C,product_launch,5.35,3.7,5,False,False,none
ORD004070,2025-02-06,Signature Hoodie,4,356.0,Canada,3PL_International,Passport_Global,none,22.29,3.8,9,False,False,none
ORD004071,2025-03-15,Lounge Set,3,340.8,United States,3PL_East,Carrier_C,email_drop,7.51,2.5,5,False,False,none
ORD004072,2025-04-30,Lounge Set,2,241.4,United Kingdom,3PL_International,Passport_Global,holiday_sale,19.96,6.4,9,False,False,none
ORD004073,2025-03-20,Zip Hoodie,2,172.8,United Kingdom,3PL_International,Passport_Global,email_drop,18.88,4.1,9,False,False,none
ORD004074,2025-02-05,Signature Hoodie,1,89.0,United States,3PL_West,Carrier_B,none,5.74,2.1,5,False,False,none
ORD004075,2025-01-06,Lounge Set,2,284.0,United States,3PL_East,Carrier_C,none,7.26,5.9,5,True,False,none
ORD004076,2025-03-18,Zip Hoodie,1,96.0,United States,3PL_East,Carrier_A,none,4.5,4.4,5,False,False,none
ORD004077,2025-05-01,Signature Hoodie,1,89.0,United States,3PL_East,Carrier_B,none,5.71,3.5,5,False,False,none
ORD004078,2025-04-16,Zip Hoodie,2,172.8,United States,3PL_East,Carrier_B,product_launch,6.14,3.0,5,False,False,none
ORD004079,2025-02-01,Signature Hoodie,1,89.0,United States,3PL_West,Carrier_B,none,6.35,3.5,5,False,False,none
ORD004080,2025-03-24,Zip Hoodie,3,288.0,United States,3PL_West,Carrier_A,none,7.43,2.9,5,False,False,none
ORD004081,2025-03-12,Lounge Set,3,426.0,Australia,3PL_International,Passport_Global,none,19.82,3.5,9,False,False,none
ORD004082,2025-02-24,Cloud Sweatpants,2,156.0,United States,3PL_West,Carrier_A,none,5.86,3.7,5,False,False,none
ORD004083,2025-05-17,Weighted Tee,1,54.0,United States,3PL_East,Carrier_B,none,5.34,2.3,5,False,True,duplicate_order
ORD004084,2025-03-03,Cloud Sweatpants,1,66.3,United States,3PL_East,Carrier_A,influencer_drop,5.82,3.6,5,False,False,none
ORD004085,2025-04-09,Lounge Set,2,241.4,United States,3PL_East,Carrier_B,email_drop,6.6,1.7,5,False,False,none
ORD004086,2025-06-19,Lounge Set,3,426.0,United States,3PL_East,Carrier_B,none,9.46,2.1,5,False,False,none
ORD004087,2025-04-09,Signature Hoodie,1,89.0,United States,3PL_Central,Carrier_A,none,5.04,2.2,5,False,False,none
ORD004088,2025-04-25,Lounge Set,2,284.0,United States,3PL_East,Carrier_B,none,5.85,2.4,5,False,False,none
ORD004089,2025-01-15,Lounge Set,2,284.0,United States,3PL_East,Carrier_A,none,6.44,3.6,5,False,False,none
ORD004090,2025-02-05,Signature Hoodie,1,75.65,United States,3PL_West,Carrier_B,influencer_drop,5.67,4.0,5,False,False,none
ORD004091,2025-01-21,Lounge Set,1,113.6,Germany,3PL_International,Passport_Global,email_drop,16.78,6.1,9,False,False,none
ORD004092,2025-05-24,Signature Hoodie,3,240.3,United States,3PL_East,Carrier_C,holiday_sale,8.75,4.6,5,False,False,none
ORD004093,2025-06-06,Signature Hoodie,2,160.2,United States,3PL_East,Carrier_B,influencer_drop,6.34,2.9,5,False,False,none
ORD004094,2025-02-07,Signature Hoodie,2,178.0,United States,3PL_East,Carrier_B,none,7.91,3.3,5,False,False,none
ORD004095,2025-02-14,Cloud Sweatpants,1,66.3,United States,3PL_East,Carrier_B,email_drop,6.47,1.1,5,False,False,none
ORD004096,2025-03-05,Signature Hoodie,1,75.65,United States,3PL_West,Carrier_B,email_drop,5.93,4.7,5,False,False,none
ORD004097,2025-04-19,Signature Hoodie,1,71.2,United States,3PL_West,Carrier_A,product_launch,5.38,4.1,5,False,False,none
ORD004098,2025-04-25,Weighted Tee,1,54.0,United States,3PL_East,Carrier_A,none,4.59,4.8,5,False,True,late_delivery
ORD004099,2025-05-09,Cloud Sweatpants,3,198.9,United States,3PL_West,Carrier_D,email_drop,9.0,1.3,5,False,False,none
ORD004100,2025-06-16,Lounge Set,2,284.0,United States,3PL_East,Carrier_A,none,5.69,4.1,5,False,False,none
ORD004101,2025-03-01,Signature Hoodie,4,284.8,Germany,3PL_International,Passport_Global,email_drop,20.35,2.9,9,False,False,none
ORD004102,2025-05-03,Signature Hoodie,1,75.65,United States,3PL_East,Carrier_A,holiday_sale,5.63,5.1,5,True,False,none
ORD004103,2025-04-13,Lounge Set,3,362.1,United States,3PL_East,Carrier_A,holiday_sale,7.96,3.9,5,False,False,none
ORD004104,2025-03-02,Signature Hoodie,1,89.0,United States,3PL_West,Carrier_A,none,4.15,3.4,5,False,False,none
ORD004105,2025-06-16,Cloud Sweatpants,3,234.0,United States,3PL_East,Carrier_B,none,7.31,3.9,5,False,False,none
ORD004106,2025-01-20,Weighted Tee,2,97.2,United States,3PL_East,Carrier_B,influencer_drop,5.9,4.3,5,False,False,none
ORD004107,2025-05-13,Signature Hoodie,1,80.1,United States,3PL_West,Carrier_D,email_drop,8.37,4.0,5,False,False,none
ORD004108,2025-05-17,Cloud Sweatpants,2,132.6,United States,3PL_Central,Carrier_C,holiday_sale,4.87,6.1,5,True,False,none
ORD004109,2025-06-18,Zip Hoodie,2,192.0,United States,3PL_West,Carrier_C,none,8.08,3.2,5,False,False,none
ORD004110,2025-04-05,Signature Hoodie,1,71.2,United States,3PL_East,Carrier_B,holiday_sale,5.86,4.3,5,False,False,none
ORD004111,2025-03-05,Zip Hoodie,3,230.4,United States,3PL_East,Carrier_A,email_drop,5.65,2.8,5,False,False,none
ORD004112,2025-06-04,Cloud Sweatpants,2,156.0,United States,3PL_West,Carrier_C,none,6.04,3.8,5,False,False,none
ORD004113,2025-05-25,Signature Hoodie,2,178.0,United States,3PL_East,Carrier_B,none,6.91,5.3,5,True,False,none
ORD004114,2025-04-01,Cloud Sweatpants,2,140.4,Germany,3PL_International,Passport_Global,email_drop,18.41,3.4,9,False,False,none
ORD004115,2025-05-25,Cloud Sweatpants,1,78.0,United States,3PL_West,Carrier_A,none,5.18,3.0,5,False,False,none
ORD004116,2025-02-23,Zip Hoodie,1,86.4,United States,3PL_Central,Carrier_B,influencer_drop,7.22,4.9,5,False,False,none
ORD004117,2025-04-19,Weighted Tee,2,108.0,United States,3PL_Central,Carrier_A,none,6.21,4.2,5,False,False,none
ORD004118,2025-06-10,Zip Hoodie,1,96.0,United States,3PL_East,Carrier_A,none,4.53,2.9,5,False,False,none
ORD004119,2025-03-04,Cloud Sweatpants,4,312.0,United States,3PL_West,Carrier_C,none,9.58,1.9,5,False,True,fit_issue
ORD004120,2025-03-29,Weighted Tee,1,43.2,United States,3PL_East,Carrier_C,product_launch,4.28,5.3,5,True,False,none
ORD004121,2025-06-23,Lounge Set,2,227.2,United States,3PL_Central,Carrier_C,email_drop,7.11,1.2,5,False,False,none
ORD004122,2025-05-31,Signature Hoodie,2,151.3,United States,3PL_West,Carrier_C,influencer_drop,7.02,4.4,5,False,False,none
ORD004123,2025-06-13,Signature Hoodie,1,75.65,United States,3PL_West,Carrier_C,influencer_drop,6.86,1.7,5,False,False,none
ORD004124,2025-03-14,Signature Hoodie,3,267.0,United States,3PL_East,Carrier_C,none,8.03,3.5,5,False,False,none
ORD004125,2025-06-30,Signature Hoodie,1,80.1,United States,3PL_West,Carrier_C,product_launch,5.21,3.2,5,False,False,none
ORD004126,2025-01-31,Cloud Sweatpants,2,156.0,United States,3PL_West,Carrier_C,none,6.53,3.4,5,False,True,late_delivery
ORD004127,2025-04-05,Signature Hoodie,4,356.0,United States,3PL_West,Carrier_A,none,10.56,5.2,5,True,False,none
ORD004128,2025-03-29,Weighted Tee,4,216.0,United States,3PL_West,Carrier_D,none,10.7,4.9,5,False,True,fit_issue
ORD004129,2025-05-31,Cloud Sweatpants,1,78.0,United States,3PL_East,Carrier_B,none,5.23,3.2,5,False,False,none
ORD004130,2025-06-17,Signature Hoodie,1,71.2,United States,3PL_West,Carrier_A,email_drop,5.35,3.3,5,False,False,none
ORD004131,2025-05-17,Weighted Tee,2,108.0,United States,3PL_East,Carrier_B,none,6.93,2.9,5,False,False,none
ORD004132,2025-04-26,Cloud Sweatpants,2,124.8,United States,3PL_East,Carrier_C,email_drop,6.25,4.9,5,False,False,none
ORD004133,2025-03-21,Signature Hoodie,1,80.1,United States,3PL_West,Carrier_C,product_launch,4.57,4.7,5,False,False,none
ORD004134,2025-04-03,Signature Hoodie,2,178.0,United States,3PL_East,Carrier_A,none,6.01,5.1,5,True,False,none
ORD004135,2025-04-03,Zip Hoodie,3,288.0,United States,3PL_East,Carrier_B,none,6.99,2.4,5,False,False,none
ORD004136,2025-01-05,Cloud Sweatpants,3,210.6,Australia,3PL_International,Passport_Global,email_drop,19.98,5.0,9,False,False,none
ORD004137,2025-04-01,Zip Hoodie,3,288.0,United Kingdom,3PL_International,Passport_Global,none,19.61,4.2,9,False,False,none
ORD004138,2025-06-09,Lounge Set,4,454.4,United States,3PL_Central,Carrier_A,influencer_drop,8.71,2.9,5,False,False,none
ORD004139,2025-05-13,Zip Hoodie,4,384.0,United States,3PL_West,Carrier_C,none,8.73,3.0,5,False,False,none
ORD004140,2025-05-30,Lounge Set,2,284.0,United States,3PL_West,Carrier_C,none,6.76,6.0,5,True,False,none
ORD004141,2025-03-15,Zip Hoodie,4,384.0,United States,3PL_West,Carrier_A,none,8.08,4.7,5,False,False,none
ORD004142,2025-04-07,Zip Hoodie,2,192.0,United States,3PL_East,Carrier_A,none,7.91,2.9,5,False,False,none
ORD004143,2025-01-07,Signature Hoodie,2,178.0,United States,3PL_East,Carrier_B,none,7.55,2.4,5,False,False,none
ORD004144,2025-03-14,Cloud Sweatpants,4,312.0,Australia,3PL_International,Passport_Global,none,21.68,4.8,9,False,False,none
ORD004145,2025-03-28,Cloud Sweatpants,1,78.0,United States,3PL_Central,Carrier_D,none,7.79,3.0,5,False,False,none
ORD004146,2025-02-21,Cloud Sweatpants,4,249.6,United States,3PL_East,Carrier_D,holiday_sale,9.74,3.7,5,False,False,none
ORD004147,2025-01-07,Cloud Sweatpants,3,234.0,United States,3PL_East,Carrier_C,none,7.23,4.1,5,False,False,none
ORD004148,2025-05-09,Zip Hoodie,4,384.0,Australia,3PL_International,Passport_Global,none,20.87,2.5,9,False,False,none
ORD004149,2025-03-22,Cloud Sweatpants,3,234.0,United States,3PL_West,Carrier_A,none,6.56,3.8,5,False,False,none
ORD004150,2025-03-19,Cloud Sweatpants,1,78.0,Australia,3PL_International,Passport_Global,none,17.5,5.2,9,False,False,none
ORD004151,2025-02-20,Cloud Sweatpants,1,78.0,United States,3PL_East,Carrier_B,none,7.22,4.4,5,False,False,none
ORD004152,2025-04-08,Lounge Set,1,127.8,United States,3PL_Central,Carrier_C,influencer_drop,5.49,2.2,5,False,True,fit_issue
ORD004153,2025-03-22,Signature Hoodie,2,178.0,United States,3PL_East,Carrier_D,none,9.57,6.4,5,True,False,none
ORD004154,2025-03-28,Zip Hoodie,2,172.8,United States,3PL_East,Carrier_A,email_drop,7.72,4.7,5,False,False,none
ORD004155,2025-04-17,Zip Hoodie,2,192.0,United States,3PL_Central,Carrier_B,none,5.8,3.0,5,False,False,none
ORD004156,2025-01-02,Cloud Sweatpants,3,234.0,United States,3PL_Central,Carrier_B,none,7.73,1.6,5,False,False,none
ORD004157,2025-06-16,Lounge Set,3,426.0,United States,3PL_Central,Carrier_B,none,7.38,3.3,5,False,False,none
ORD004158,2025-01-15,Weighted Tee,1,45.9,United States,3PL_West,Carrier_A,email_drop,6.15,3.9,5,False,False,none
ORD004159,2025-03-24,Zip Hoodie,4,345.6,United States,3PL_Central,Carrier_B,product_launch,9.23,5.0,5,False,False,none
ORD004160,2025-02-11,Weighted Tee,1,54.0,United States,3PL_East,Carrier_A,none,6.73,3.8,5,False,False,none
ORD004161,2025-04-06,Cloud Sweatpants,3,187.2,United States,3PL_Central,Carrier_B,product_launch,7.87,3.9,5,False,False,none
ORD004162,2025-02-26,Lounge Set,2,284.0,United States,3PL_West,Carrier_D,none,9.01,4.5,5,False,False,none
ORD004163,2025-06-09,Lounge Set,2,284.0,United States,3PL_East,Carrier_B,none,6.04,3.3,5,False,False,none
ORD004164,2025-03-16,Zip Hoodie,1,86.4,United Kingdom,3PL_International,Passport_Global,email_drop,16.63,4.5,9,False,False,none
ORD004165,2025-04-29,Lounge Set,1,142.0,United States,3PL_West,Carrier_C,none,5.94,4.6,5,False,False,none
ORD004166,2025-02-20,Zip Hoodie,3,288.0,United States,3PL_West,Carrier_A,none,7.82,3.7,5,False,False,none
ORD004167,2025-01-04,Cloud Sweatpants,1,78.0,United States,3PL_Central,Carrier_A,none,5.84,2.1,5,False,False,none
ORD004168,2025-03-17,Cloud Sweatpants,1,66.3,United States,3PL_Central,Carrier_D,email_drop,8.33,3.5,5,False,False,none
ORD004169,2025-04-08,Cloud Sweatpants,1,78.0,Canada,3PL_International,Passport_Global,none,18.07,5.4,9,False,True,duplicate_order
ORD004170,2025-03-26,Zip Hoodie,3,230.4,United States,3PL_East,Carrier_A,holiday_sale,8.36,4.7,5,False,False,none
ORD004171,2025-06-25,Signature Hoodie,1,89.0,United States,3PL_West,Carrier_B,none,6.22,3.9,5,False,False,none
ORD004172,2025-05-12,Zip Hoodie,1,86.4,United Kingdom,3PL_International,Passport_Global,product_launch,17.68,3.6,9,False,False,none
ORD004173,2025-06-30,Cloud Sweatpants,1,78.0,United States,3PL_East,Carrier_D,none,6.72,2.2,5,False,False,none
ORD004174,2025-03-01,Signature Hoodie,2,178.0,United States,3PL_East,Carrier_B,none,8.13,5.0,5,False,False,none
ORD004175,2025-05-29,Signature Hoodie,2,178.0,United States,3PL_West,Carrier_C,none,6.86,4.4,5,False,False,none
ORD004176,2025-04-12,Signature Hoodie,2,178.0,United States,3PL_East,Carrier_A,none,6.78,2.7,5,False,True,late_delivery
ORD004177,2025-04-23,Zip Hoodie,1,96.0,United States,3PL_East,Carrier_A,none,4.61,3.2,5,False,False,none
ORD004178,2025-06-28,Signature Hoodie,1,80.1,United States,3PL_East,Carrier_A,email_drop,5.6,3.4,5,False,False,none
ORD004179,2025-05-02,Signature Hoodie,4,356.0,United States,3PL_East,Carrier_B,none,9.11,3.2,5,False,False,none
ORD004180,2025-06-15,Signature Hoodie,2,178.0,United States,3PL_West,Carrier_B,none,5.8,2.6,5,False,False,none
ORD004181,2025-05-16,Signature Hoodie,4,320.4,United States,3PL_East,Carrier_A,product_launch,9.44,4.5,5,False,False,none
ORD004182,2025-01-26,Signature Hoodie,3,267.0,United States,3PL_West,Carrier_A,none,7.5,1.8,5,False,True,fit_issue
ORD004183,2025-05-11,Signature Hoodie,2,178.0,United States,3PL_Central,Carrier_B,none,4.78,3.0,5,False,False,none
ORD004184,2025-03-29,Zip Hoodie,2,192.0,United States,3PL_West,Carrier_A,none,6.13,1.7,5,False,False,none
ORD004185,2025-06-18,Zip Hoodie,3,288.0,United States,3PL_West,Carrier_C,none,8.47,3.6,5,False,False,none
ORD004186,2025-06-01,Weighted Tee,1,54.0,United States,3PL_East,Carrier_C,none,4.68,2.9,5,False,False,none
ORD004187,2025-01-21,Signature Hoodie,2,142.4,United States,3PL_West,Carrier_B,email_drop,8.48,5.2,5,True,False,none
ORD004188,2025-01-27,Signature Hoodie,2,178.0,United States,3PL_West,Carrier_D,none,8.73,3.2,5,False,False,none
ORD004189,2025-01-14,Signature Hoodie,1,89.0,United States,3PL_Central,Carrier_B,none,7.19,2.3,5,False,False,none
ORD004190,2025-03-31,Zip Hoodie,1,76.8,Germany,3PL_International,Passport_Global,email_drop,16.92,5.9,9,False,False,none
ORD004191,2025-01-17,Signature Hoodie,1,89.0,United States,3PL_West,Carrier_B,none,4.43,4.3,5,False,True,quality_issue
ORD004192,2025-05-16,Signature Hoodie,2,178.0,United States,3PL_East,Carrier_A,none,6.36,5.0,5,False,False,none
ORD004193,2025-04-11,Cloud Sweatpants,2,132.6,United States,3PL_West,Carrier_A,product_launch,5.54,3.3,5,False,False,none
ORD004194,2025-06-06,Signature Hoodie,2,178.0,United States,3PL_Central,Carrier_B,none,6.18,5.3,5,True,False,none
ORD004195,2025-02-26,Cloud Sweatpants,1,78.0,United States,3PL_Central,Carrier_A,none,6.67,5.3,5,True,False,none
ORD004196,2025-04-05,Zip Hoodie,2,163.2,Germany,3PL_International,Passport_Global,influencer_drop,18.7,4.8,9,False,False,none
ORD004197,2025-01-24,Lounge Set,4,454.4,United States,3PL_East,Carrier_A,email_drop,7.58,3.0,5,False,False,none
ORD004198,2025-06-13,Cloud Sweatpants,1,70.2,United States,3PL_Central,Carrier_B,influencer_drop,5.64,5.1,5,True,False,none
ORD004199,2025-02-05,Signature Hoodie,3,226.95,United States,3PL_East,Carrier_B,influencer_drop,8.76,3.2,5,False,False,none
ORD004200,2025-01-21,Cloud Sweatpants,1,78.0,United Kingdom,3PL_International,Passport_Global,none,16.3,4.1,9,False,False,none
ORD004201,2025-02-11,Signature Hoodie,1,89.0,United States,3PL_West,Carrier_A,none,4.32,5.6,5,True,False,none
ORD004202,2025-06-01,Signature Hoodie,1,71.2,United States,3PL_East,Carrier_B,email_drop,5.44,3.4,5,False,False,none
ORD004203,2025-01-22,Cloud Sweatpants,1,70.2,United Kingdom,3PL_International,Passport_Global,email_drop,16.84,4.7,9,False,False,none
ORD004204,2025-04-24,Signature Hoodie,1,75.65,United States,3PL_East,Carrier_A,email_drop,5.27,5.6,5,True,False,none
ORD004205,2025-05-20,Signature Hoodie,2,178.0,United States,3PL_East,Carrier_A,none,7.7,4.8,5,False,False,none
ORD004206,2025-05-21,Zip Hoodie,2,163.2,United States,3PL_East,Carrier_B,influencer_drop,6.25,4.6,5,False,False,none
ORD004207,2025-02-08,Lounge Set,1,142.0,United States,3PL_West,Carrier_C,none,5.77,2.2,5,False,False,none
ORD004208,2025-01-13,Signature Hoodie,2,178.0,United Kingdom,3PL_International,Passport_Global,none,19.37,4.2,9,False,False,none
ORD004209,2025-03-24,Cloud Sweatpants,3,234.0,United States,3PL_West,Carrier_B,none,7.07,5.0,5,False,True,changed_mind
ORD004210,2025-02-10,Weighted Tee,1,54.0,United States,3PL_West,Carrier_C,none,4.56,3.0,5,False,False,none
ORD004211,2025-05-11,Signature Hoodie,2,151.3,United States,3PL_East,Carrier_D,email_drop,9.15,3.4,5,False,False,none
ORD004212,2025-03-10,Zip Hoodie,1,96.0,United States,3PL_Central,Carrier_B,none,5.44,5.2,5,True,False,none
ORD004213,2025-03-24,Signature Hoodie,2,160.2,United States,3PL_East,Carrier_D,email_drop,8.52,4.5,5,False,False,none
ORD004214,2025-01-23,Weighted Tee,2,108.0,United States,3PL_Central,Carrier_C,none,6.52,3.3,5,False,False,none
ORD004215,2025-04-14,Signature Hoodie,4,356.0,United States,3PL_Central,Carrier_A,none,8.75,4.4,5,False,False,none
ORD004216,2025-02-07,Signature Hoodie,2,178.0,Canada,3PL_International,Passport_Global,none,19.11,3.6,9,False,False,none
ORD004217,2025-05-07,Weighted Tee,2,108.0,United States,3PL_West,Carrier_D,none,7.46,1.9,5,False,False,none
ORD004218,2025-01-15,Zip Hoodie,3,259.2,United States,3PL_West,Carrier_A,email_drop,8.01,5.1,5,True,False,none
ORD004219,2025-06-27,Signature Hoodie,1,89.0,United States,3PL_East,Carrier_A,none,4.6,1.9,5,False,False,none
ORD004220,2025-05-08,Lounge Set,1,142.0,United States,3PL_Central,Carrier_A,none,7.26,2.3,5,False,False,none
ORD004221,2025-02-06,Lounge Set,2,284.0,United States,3PL_East,Carrier_A,none,7.04,2.4,5,False,False,none
ORD004222,2025-01-03,Cloud Sweatpants,1,78.0,United States,3PL_West,Carrier_A,none,5.63,3.4,5,False,False,none
ORD004223,2025-03-07,Signature Hoodie,1,89.0,United States,3PL_West,Carrier_B,none,4.55,5.0,5,False,False,none
ORD004224,2025-01-31,Signature Hoodie,1,71.2,United States,3PL_West,Carrier_C,product_launch,6.28,4.5,5,False,False,none
ORD004225,2025-02-14,Weighted Tee,1,54.0,United Kingdom,3PL_International,Passport_Global,none,17.42,3.5,9,False,False,none
ORD004226,2025-06-11,Signature Hoodie,2,178.0,Canada,3PL_International,Passport_Global,none,19.43,3.2,9,False,False,none
ORD004227,2025-04-22,Signature Hoodie,2,142.4,United States,3PL_East,Carrier_D,holiday_sale,7.82,3.1,5,False,False,none
ORD004228,2025-02-05,Signature Hoodie,2,142.4,United States,3PL_West,Carrier_B,email_drop,5.02,4.4,5,False,False,none
ORD004229,2025-04-12,Signature Hoodie,2,178.0,United States,3PL_Central,Carrier_D,none,9.58,2.9,5,False,False,none
ORD004230,2025-02-21,Cloud Sweatpants,1,62.4,United States,3PL_East,Carrier_B,email_drop,5.86,4.5,5,False,False,none
ORD004231,2025-06-27,Cloud Sweatpants,1,70.2,United States,3PL_West,Carrier_A,product_launch,5.09,1.8,5,False,False,none
ORD004232,2025-01-07,Signature Hoodie,1,89.0,United States,3PL_West,Carrier_A,none,6.97,5.5,5,True,False,none
ORD004233,2025-05-17,Signature Hoodie,1,89.0,United Kingdom,3PL_International,Passport_Global,none,17.79,5.6,9,False,False,none
ORD004234,2025-05-26,Signature Hoodie,2,151.3,Canada,3PL_International,Passport_Global,holiday_sale,19.92,4.5,9,False,True,fit_issue
ORD004235,2025-01-14,Signature Hoodie,4,320.4,United States,3PL_West,Carrier_A,influencer_drop,7.54,3.5,5,False,False,none
ORD004236,2025-02-04,Signature Hoodie,1,71.2,United States,3PL_East,Carrier_B,product_launch,5.14,5.1,5,True,False,none
ORD004237,2025-03-14,Zip Hoodie,1,96.0,Canada,3PL_International,Passport_Global,none,17.57,3.3,9,False,False,none
ORD004238,2025-06-11,Signature Hoodie,2,160.2,United States,3PL_East,Carrier_D,product_launch,7.56,4.8,5,False,False,none
ORD004239,2025-04-08,Signature Hoodie,4,356.0,United States,3PL_West,Carrier_D,none,9.94,5.0,5,False,False,none
ORD004240,2025-05-02,Cloud Sweatpants,1,70.2,United States,3PL_East,Carrier_A,email_drop,5.52,4.3,5,False,False,none
ORD004241,2025-05-28,Zip Hoodie,3,244.8,United States,3PL_West,Carrier_A,holiday_sale,7.56,5.0,5,False,False,none
ORD004242,2025-06-05,Zip Hoodie,1,96.0,United States,3PL_East,Carrier_A,none,5.24,4.9,5,False,False,none
ORD004243,2025-03-28,Weighted Tee,2,108.0,United States,3PL_East,Carrier_A,none,6.14,3.0,5,False,False,none
ORD004244,2025-04-03,Signature Hoodie,1,89.0,United States,3PL_West,Carrier_C,none,6.22,3.9,5,False,False,none
ORD004245,2025-05-15,Signature Hoodie,1,80.1,United States,3PL_West,Carrier_B,holiday_sale,4.4,4.4,5,False,False,none
ORD004246,2025-02-22,Signature Hoodie,4,356.0,United States,3PL_West,Carrier_D,none,10.69,4.2,5,False,False,none
ORD004247,2025-06-08,Signature Hoodie,1,80.1,United States,3PL_East,Carrier_B,holiday_sale,5.04,4.6,5,False,False,none
ORD004248,2025-01-05,Weighted Tee,1,54.0,Australia,3PL_International,Passport_Global,none,17.38,2.9,9,False,False,none
ORD004249,2025-02-09,Cloud Sweatpants,3,234.0,United Kingdom,3PL_International,Passport_Global,none,18.36,5.2,9,False,False,none
ORD004250,2025-05-31,Lounge Set,1,142.0,United States,3PL_East,Carrier_B,none,5.37,4.5,5,False,False,none
ORD004251,2025-03-08,Weighted Tee,1,48.6,United States,3PL_East,Carrier_C,holiday_sale,4.91,6.4,5,True,False,none
ORD004252,2025-01-31,Lounge Set,3,426.0,Canada,3PL_International,Passport_Global,none,20.32,2.6,9,False,False,none
ORD004253,2025-02-07,Cloud Sweatpants,1,78.0,United States,3PL_West,Carrier_C,none,7.86,4.2,5,False,False,none
ORD004254,2025-04-07,Lounge Set,1,142.0,United States,3PL_East,Carrier_C,none,5.54,2.2,5,False,False,none
ORD004255,2025-06-07,Cloud Sweatpants,4,280.8,United States,3PL_East,Carrier_A,product_launch,9.22,5.4,5,True,False,none
ORD004256,2025-01-15,Signature Hoodie,1,75.65,United States,3PL_West,Carrier_A,influencer_drop,4.77,4.5,5,False,False,none
ORD004257,2025-01-07,Cloud Sweatpants,2,156.0,United States,3PL_West,Carrier_C,none,6.69,3.7,5,False,False,none
ORD004258,2025-03-27,Lounge Set,1,142.0,United States,3PL_West,Carrier_B,none,5.31,3.5,5,False,False,none
ORD004259,2025-06-24,Lounge Set,2,284.0,United States,3PL_East,Carrier_A,none,5.89,3.0,5,False,False,none
ORD004260,2025-02-26,Cloud Sweatpants,2,156.0,United States,3PL_West,Carrier_A,none,5.82,3.9,5,False,False,none
ORD004261,2025-06-24,Lounge Set,3,340.8,United States,3PL_East,Carrier_D,influencer_drop,9.88,3.9,5,False,False,none
ORD004262,2025-06-14,Cloud Sweatpants,1,78.0,United States,3PL_West,Carrier_C,none,4.86,4.1,5,False,False,none
ORD004263,2025-02-26,Zip Hoodie,2,192.0,United States,3PL_Central,Carrier_A,none,5.8,4.1,5,False,False,none
ORD004264,2025-06-03,Signature Hoodie,3,240.3,United States,3PL_West,Carrier_B,email_drop,8.75,3.8,5,False,False,none
ORD004265,2025-05-08,Signature Hoodie,3,267.0,United States,3PL_Central,Carrier_A,none,8.92,5.3,5,True,False,none
ORD004266,2025-04-03,Signature Hoodie,3,267.0,United States,3PL_East,Carrier_A,none,6.96,2.5,5,False,False,none
ORD004267,2025-03-20,Lounge Set,1,142.0,Germany,3PL_International,Passport_Global,none,18.65,3.6,9,False,False,none
ORD004268,2025-06-02,Weighted Tee,2,108.0,United States,3PL_East,Carrier_A,none,5.24,4.3,5,False,False,none
ORD004269,2025-05-30,Signature Hoodie,4,356.0,United States,3PL_East,Carrier_D,none,9.89,4.5,5,False,False,none
ORD004270,2025-05-23,Signature Hoodie,1,89.0,United States,3PL_East,Carrier_A,none,4.43,3.3,5,False,False,none
ORD004271,2025-06-30,Signature Hoodie,2,178.0,United States,3PL_Central,Carrier_B,none,6.15,2.5,5,False,False,none
ORD004272,2025-03-29,Zip Hoodie,3,288.0,Canada,3PL_International,Passport_Global,none,20.1,3.9,9,False,False,none
ORD004273,2025-06-01,Cloud Sweatpants,2,132.6,United States,3PL_Central,Carrier_A,email_drop,5.54,4.1,5,False,False,none
ORD004274,2025-06-10,Cloud Sweatpants,4,312.0,United States,3PL_Central,Carrier_B,none,8.5,3.8,5,False,False,none
ORD004275,2025-02-12,Signature Hoodie,1,89.0,United States,3PL_West,Carrier_B,none,4.64,1.8,5,False,True,fit_issue
ORD004276,2025-01-09,Signature Hoodie,3,267.0,United States,3PL_Central,Carrier_A,none,7.89,1.6,5,False,True,fit_issue
ORD004277,2025-03-17,Lounge Set,2,284.0,United States,3PL_East,Carrier_A,none,6.64,4.0,5,False,False,none
ORD004278,2025-06-09,Cloud Sweatpants,1,78.0,United States,3PL_Central,Carrier_C,none,6.51,3.8,5,False,False,none
ORD004279,2025-02-28,Signature Hoodie,3,267.0,Australia,3PL_International,Passport_Global,none,18.7,3.8,9,False,False,none
ORD004280,2025-05-11,Signature Hoodie,2,142.4,United States,3PL_West,Carrier_A,influencer_drop,7.45,2.7,5,False,False,none
ORD004281,2025-01-02,Signature Hoodie,1,89.0,United States,3PL_West,Carrier_B,none,6.31,3.3,5,False,False,none
ORD004282,2025-03-10,Signature Hoodie,2,160.2,United States,3PL_Central,Carrier_C,email_drop,6.12,1.0,5,False,False,none
ORD004283,2025-04-24,Signature Hoodie,2,178.0,United States,3PL_Central,Carrier_C,none,6.25,3.9,5,False,False,none
ORD004284,2025-01-26,Zip Hoodie,4,384.0,United States,3PL_East,Carrier_D,none,10.91,4.1,5,False,False,none
ORD004285,2025-06-15,Signature Hoodie,1,89.0,United States,3PL_East,Carrier_C,none,6.2,3.9,5,False,False,none
ORD004286,2025-02-01,Cloud Sweatpants,1,78.0,Australia,3PL_International,Passport_Global,none,16.16,4.2,9,False,False,none
ORD004287,2025-06-17,Cloud Sweatpants,1,62.4,United States,3PL_Central,Carrier_A,email_drop,5.03,5.2,5,True,False,none
ORD004288,2025-02-13,Signature Hoodie,3,240.3,United States,3PL_East,Carrier_B,influencer_drop,8.05,3.3,5,False,False,none
ORD004289,2025-06-30,Cloud Sweatpants,4,265.2,United States,3PL_West,Carrier_B,influencer_drop,8.9,4.1,5,False,False,none
ORD004290,2025-04-22,Lounge Set,2,284.0,United States,3PL_East,Carrier_B,none,6.57,4.4,5,False,False,none
ORD004291,2025-01-17,Signature Hoodie,1,80.1,United States,3PL_Central,Carrier_C,email_drop,4.09,3.4,5,False,False,none
ORD004292,2025-01-14,Lounge Set,4,568.0,United Kingdom,3PL_International,Passport_Global,none,20.85,4.6,9,False,False,none
ORD004293,2025-01-16,Signature Hoodie,1,89.0,United States,3PL_West,Carrier_D,none,6.89,5.5,5,True,True,quality_issue
ORD004294,2025-04-19,Signature Hoodie,2,178.0,United States,3PL_East,Carrier_B,none,5.84,1.9,5,False,False,none
ORD004295,2025-06-02,Signature Hoodie,2,178.0,United States,3PL_Central,Carrier_C,none,7.44,5.1,5,True,False,none
ORD004296,2025-03-17,Zip Hoodie,3,259.2,United States,3PL_East,Carrier_B,email_drop,7.4,2.6,5,False,False,none
ORD004297,2025-03-23,Cloud Sweatpants,4,249.6,United States,3PL_West,Carrier_C,holiday_sale,8.16,3.6,5,False,False,none
ORD004298,2025-04-19,Lounge Set,1,142.0,United States,3PL_Central,Carrier_D,none,8.77,4.2,5,False,False,none
ORD004299,2025-04-07,Signature Hoodie,1,89.0,United States,3PL_West,Carrier_A,none,5.76,4.8,5,False,False,none
ORD004300,2025-05-09,Zip Hoodie,1,81.6,United States,3PL_Central,Carrier_B,email_drop,5.53,3.3,5,False,True,late_delivery
ORD004301,2025-03-28,Signature Hoodie,3,226.95,Australia,3PL_International,Passport_Global,product_launch,19.99,4.4,9,False,False,none
ORD004302,2025-05-14,Signature Hoodie,1,75.65,Canada,3PL_International,Passport_Global,email_drop,17.26,5.3,9,False,False,none
ORD004303,2025-06-30,Zip Hoodie,1,96.0,United States,3PL_Central,Carrier_B,none,4.73,3.5,5,False,False,none
ORD004304,2025-03-09,Signature Hoodie,3,267.0,United Kingdom,3PL_International,Passport_Global,none,19.16,4.9,9,False,False,none
ORD004305,2025-01-03,Signature Hoodie,2,151.3,United States,3PL_Central,Carrier_B,email_drop,6.28,4.0,5,False,False,none
ORD004306,2025-01-26,Cloud Sweatpants,1,78.0,Canada,3PL_International,Passport_Global,none,16.59,3.3,9,False,True,changed_mind
ORD004307,2025-04-12,Zip Hoodie,2,153.6,United States,3PL_East,Carrier_A,product_launch,7.27,4.9,5,False,False,none
ORD004308,2025-03-08,Zip Hoodie,2,153.6,United States,3PL_East,Carrier_B,product_launch,6.01,3.4,5,False,False,none
ORD004309,2025-06-21,Signature Hoodie,4,302.6,United States,3PL_West,Carrier_B,product_launch,9.54,6.2,5,True,False,none
ORD004310,2025-04-26,Signature Hoodie,4,356.0,United States,3PL_Central,Carrier_A,none,8.18,2.0,5,False,False,none
ORD004311,2025-04-05,Signature Hoodie,4,302.6,United Kingdom,3PL_International,Passport_Global,email_drop,21.56,3.6,9,False,False,none
ORD004312,2025-05-31,Signature Hoodie,4,302.6,United States,3PL_East,Carrier_C,email_drop,7.73,3.1,5,False,False,none
ORD004313,2025-02-21,Signature Hoodie,3,267.0,Australia,3PL_International,Passport_Global,none,19.59,5.0,9,False,False,none
ORD004314,2025-06-03,Signature Hoodie,2,178.0,United States,3PL_West,Carrier_A,none,6.13,1.7,5,False,False,none
ORD004315,2025-01-01,Cloud Sweatpants,2,156.0,United States,3PL_West,Carrier_C,none,6.75,5.9,5,True,False,none
ORD004316,2025-04-25,Cloud Sweatpants,3,234.0,United States,3PL_West,Carrier_A,none,6.69,3.9,5,False,False,none
ORD004317,2025-06-21,Signature Hoodie,4,302.6,United States,3PL_Central,Carrier_A,product_launch,10.01,3.7,5,False,False,none
ORD004318,2025-05-29,Signature Hoodie,1,80.1,United States,3PL_West,Carrier_D,holiday_sale,7.18,6.2,5,True,False,none
ORD004319,2025-06-08,Signature Hoodie,1,89.0,United States,3PL_East,Carrier_B,none,5.35,3.0,5,False,False,none
ORD004320,2025-03-16,Signature Hoodie,2,178.0,Canada,3PL_International,Passport_Global,none,17.79,3.3,9,False,False,none
ORD004321,2025-06-04,Lounge Set,1,142.0,United States,3PL_East,Carrier_A,none,5.64,1.9,5,False,False,none
ORD004322,2025-04-11,Signature Hoodie,2,178.0,United States,3PL_West,Carrier_A,none,7.43,2.8,5,False,False,none
ORD004323,2025-04-25,Signature Hoodie,1,89.0,United States,3PL_Central,Carrier_C,none,4.65,2.6,5,False,False,none
ORD004324,2025-01-12,Lounge Set,3,383.4,United States,3PL_West,Carrier_B,email_drop,7.22,5.3,5,True,False,none
ORD004325,2025-02-10,Cloud Sweatpants,4,280.8,United Kingdom,3PL_International,Passport_Global,email_drop,21.04,5.2,9,False,False,none
ORD004326,2025-04-11,Signature Hoodie,1,71.2,United States,3PL_West,Carrier_D,influencer_drop,6.94,4.4,5,False,False,none
ORD004327,2025-01-12,Zip Hoodie,3,230.4,United States,3PL_West,Carrier_C,holiday_sale,6.93,4.0,5,False,False,none
ORD004328,2025-05-19,Zip Hoodie,1,96.0,United States,3PL_West,Carrier_C,none,5.72,4.8,5,False,False,none
ORD004329,2025-06-06,Weighted Tee,3,137.7,United States,3PL_West,Carrier_C,email_drop,8.64,3.7,5,False,False,none
ORD004330,2025-06-19,Lounge Set,2,284.0,United States,3PL_East,Carrier_D,none,8.29,2.4,5,False,False,none
ORD004331,2025-01-21,Zip Hoodie,2,192.0,United States,3PL_East,Carrier_B,none,5.83,2.9,5,False,False,none
ORD004332,2025-06-21,Signature Hoodie,2,178.0,Canada,3PL_International,Passport_Global,none,18.05,5.8,9,False,False,none
ORD004333,2025-01-14,Cloud Sweatpants,1,78.0,United States,3PL_East,Carrier_A,none,7.34,2.3,5,False,False,none
ORD004334,2025-03-28,Signature Hoodie,3,267.0,United States,3PL_East,Carrier_A,none,7.35,3.7,5,False,False,none
ORD004335,2025-06-06,Cloud Sweatpants,1,78.0,United States,3PL_West,Carrier_C,none,5.8,3.8,5,False,False,none
ORD004336,2025-01-15,Lounge Set,2,284.0,United States,3PL_Central,Carrier_B,none,5.22,3.3,5,False,False,none
ORD004337,2025-01-04,Signature Hoodie,1,71.2,United States,3PL_East,Carrier_A,product_launch,4.79,4.0,5,False,False,none
ORD004338,2025-01-05,Lounge Set,3,426.0,United Kingdom,3PL_International,Passport_Global,none,20.96,3.2,9,False,True,fit_issue
ORD004339,2025-04-03,Cloud Sweatpants,2,156.0,United States,3PL_East,Carrier_C,none,5.84,5.0,5,False,False,none
ORD004340,2025-06-02,Signature Hoodie,2,142.4,United States,3PL_East,Carrier_B,product_launch,5.89,2.4,5,False,False,none
ORD004341,2025-01-26,Lounge Set,1,142.0,United States,3PL_East,Carrier_C,none,5.69,4.8,5,False,False,none
ORD004342,2025-01-25,Cloud Sweatpants,3,234.0,United States,3PL_East,Carrier_D,none,8.97,3.0,5,False,False,none
ORD004343,2025-04-15,Cloud Sweatpants,1,66.3,United States,3PL_East,Carrier_C,product_launch,5.83,1.4,5,False,False,none
ORD004344,2025-02-16,Cloud Sweatpants,3,234.0,United States,3PL_East,Carrier_A,none,7.17,3.8,5,False,False,none
ORD004345,2025-05-17,Signature Hoodie,4,356.0,United States,3PL_West,Carrier_B,none,8.77,4.7,5,False,False,none
ORD004346,2025-06-23,Signature Hoodie,1,89.0,United States,3PL_East,Carrier_B,none,5.92,3.8,5,False,False,none
ORD004347,2025-05-24,Zip Hoodie,2,192.0,United States,3PL_East,Carrier_C,none,6.18,3.4,5,False,False,none
ORD004348,2025-06-12,Lounge Set,1,113.6,Australia,3PL_International,Passport_Global,influencer_drop,16.79,3.9,9,False,False,none
ORD004349,2025-04-05,Zip Hoodie,4,384.0,United States,3PL_Central,Carrier_C,none,8.5,2.4,5,False,False,none
ORD004350,2025-06-05,Lounge Set,4,568.0,United States,3PL_East,Carrier_B,none,8.05,3.4,5,False,True,quality_issue
ORD004351,2025-02-06,Lounge Set,1,127.8,United States,3PL_West,Carrier_B,email_drop,5.0,4.3,5,False,False,none
ORD004352,2025-01-14,Signature Hoodie,1,71.2,United States,3PL_West,Carrier_A,product_launch,5.4,3.6,5,False,False,none
ORD004353,2025-05-02,Lounge Set,1,142.0,Australia,3PL_International,Passport_Global,none,17.8,4.4,9,False,False,none
ORD004354,2025-01-11,Lounge Set,2,284.0,United States,3PL_East,Carrier_C,none,7.27,3.0,5,False,False,none
ORD004355,2025-06-14,Signature Hoodie,4,284.8,United States,3PL_West,Carrier_A,product_launch,8.22,4.6,5,False,False,none
ORD004356,2025-05-09,Cloud Sweatpants,1,62.4,Canada,3PL_International,Passport_Global,email_drop,17.78,5.7,9,False,False,none
ORD004357,2025-06-23,Zip Hoodie,3,288.0,United States,3PL_Central,Carrier_B,none,8.79,4.3,5,False,False,none
ORD004358,2025-03-03,Weighted Tee,3,162.0,United States,3PL_East,Carrier_A,none,7.96,2.4,5,False,False,none
ORD004359,2025-03-30,Weighted Tee,2,86.4,United States,3PL_East,Carrier_C,influencer_drop,7.3,4.3,5,False,False,none
ORD004360,2025-05-19,Cloud Sweatpants,1,78.0,United States,3PL_East,Carrier_A,none,5.35,4.3,5,False,False,none
ORD004361,2025-02-18,Lounge Set,2,284.0,United States,3PL_East,Carrier_B,none,7.19,4.5,5,False,False,none
ORD004362,2025-04-09,Cloud Sweatpants,2,132.6,United States,3PL_Central,Carrier_A,holiday_sale,6.4,4.5,5,False,False,none
ORD004363,2025-05-03,Lounge Set,3,426.0,United States,3PL_East,Carrier_B,none,6.57,3.9,5,False,False,none
ORD004364,2025-06-27,Zip Hoodie,2,192.0,United States,3PL_East,Carrier_B,none,7.07,6.8,5,True,False,none
ORD004365,2025-05-20,Weighted Tee,1,54.0,United Kingdom,3PL_International,Passport_Global,none,18.09,3.4,9,False,True,fit_issue
ORD004366,2025-01-24,Weighted Tee,1,43.2,United States,3PL_Central,Carrier_A,holiday_sale,5.43,6.7,5,True,False,none
ORD004367,2025-03-28,Signature Hoodie,1,89.0,United States,3PL_West,Carrier_A,none,4.64,4.9,5,False,False,none
ORD004368,2025-04-19,Weighted Tee,2,91.8,United States,3PL_East,Carrier_A,email_drop,7.79,5.4,5,True,False,none
ORD004369,2025-01-30,Zip Hoodie,1,96.0,United States,3PL_East,Carrier_A,none,6.04,2.0,5,False,False,none
ORD004370,2025-03-21,Signature Hoodie,4,356.0,United States,3PL_East,Carrier_B,none,8.34,5.5,5,True,False,none
ORD004371,2025-02-27,Signature Hoodie,1,71.2,United States,3PL_East,Carrier_D,holiday_sale,8.34,5.4,5,True,False,none
ORD004372,2025-01-24,Zip Hoodie,2,192.0,United States,3PL_Central,Carrier_B,none,7.64,3.4,5,False,False,none
ORD004373,2025-04-03,Signature Hoodie,1,89.0,United States,3PL_West,Carrier_A,none,5.24,2.6,5,False,False,none
ORD004374,2025-02-03,Signature Hoodie,4,302.6,United States,3PL_West,Carrier_D,influencer_drop,9.96,6.0,5,True,False,none
ORD004375,2025-04-19,Cloud Sweatpants,4,312.0,United States,3PL_West,Carrier_C,none,9.23,2.6,5,False,False,none
ORD004376,2025-02-03,Signature Hoodie,3,267.0,United States,3PL_West,Carrier_B,none,7.54,5.4,5,True,False,none
ORD004377,2025-05-16,Cloud Sweatpants,3,210.6,United States,3PL_West,Carrier_C,influencer_drop,9.85,5.1,5,True,False,none
ORD004378,2025-02-09,Lounge Set,2,284.0,United States,3PL_East,Carrier_B,none,5.72,3.8,5,False,False,none
ORD004379,2025-06-15,Signature Hoodie,2,142.4,United States,3PL_West,Carrier_C,email_drop,7.8,3.0,5,False,False,none
ORD004380,2025-01-06,Zip Hoodie,2,192.0,United States,3PL_West,Carrier_A,none,6.22,5.5,5,True,False,none
ORD004381,2025-04-05,Signature Hoodie,1,89.0,United States,3PL_East,Carrier_B,none,5.21,2.8,5,False,False,none
ORD004382,2025-03-04,Lounge Set,4,511.2,United States,3PL_East,Carrier_C,email_drop,8.18,3.6,5,False,False,none
ORD004383,2025-02-15,Cloud Sweatpants,4,312.0,United States,3PL_Central,Carrier_D,none,10.74,1.0,5,False,False,none
ORD004384,2025-03-28,Lounge Set,2,255.6,United States,3PL_Central,Carrier_B,holiday_sale,5.85,5.4,5,True,False,none
ORD004385,2025-06-07,Zip Hoodie,4,345.6,United States,3PL_East,Carrier_A,holiday_sale,8.66,4.2,5,False,True,changed_mind
ORD004386,2025-06-18,Lounge Set,1,127.8,United States,3PL_East,Carrier_D,holiday_sale,6.19,4.8,5,False,False,none
ORD004387,2025-03-02,Cloud Sweatpants,1,78.0,United States,3PL_West,Carrier_B,none,3.8,3.2,5,False,False,none
ORD004388,2025-02-01,Cloud Sweatpants,3,234.0,United States,3PL_West,Carrier_B,none,7.52,5.3,5,True,False,none
ORD004389,2025-05-15,Signature Hoodie,2,142.4,United States,3PL_West,Carrier_A,holiday_sale,7.59,5.1,5,True,False,none
ORD004390,2025-04-17,Cloud Sweatpants,4,312.0,United States,3PL_Central,Carrier_C,none,9.05,3.2,5,False,False,none
ORD004391,2025-02-10,Cloud Sweatpants,1,66.3,United States,3PL_Central,Carrier_B,email_drop,5.26,3.1,5,False,False,none
ORD004392,2025-05-23,Zip Hoodie,2,153.6,United States,3PL_East,Carrier_D,influencer_drop,10.44,3.6,5,False,False,none
ORD004393,2025-04-05,Signature Hoodie,2,178.0,United States,3PL_East,Carrier_B,none,4.69,4.9,5,False,False,none
ORD004394,2025-05-02,Cloud Sweatpants,1,78.0,United States,3PL_East,Carrier_A,none,5.62,4.0,5,False,True,fit_issue
ORD004395,2025-03-10,Cloud Sweatpants,4,280.8,Canada,3PL_International,Passport_Global,email_drop,20.54,4.4,9,False,False,none
ORD004396,2025-03-23,Cloud Sweatpants,2,156.0,United States,3PL_West,Carrier_A,none,6.58,3.3,5,False,False,none
ORD004397,2025-02-06,Zip Hoodie,1,96.0,United States,3PL_Central,Carrier_A,none,4.77,2.7,5,False,False,none
ORD004398,2025-05-23,Signature Hoodie,3,267.0,United Kingdom,3PL_International,Passport_Global,none,19.56,4.5,9,False,False,none
ORD004399,2025-02-01,Cloud Sweatpants,4,280.8,United States,3PL_West,Carrier_D,influencer_drop,10.86,3.8,5,False,False,none
ORD004400,2025-05-27,Cloud Sweatpants,1,78.0,United States,3PL_East,Carrier_C,none,5.24,4.8,5,False,False,none
ORD004401,2025-05-31,Zip Hoodie,2,192.0,United States,3PL_East,Carrier_A,none,5.96,5.9,5,True,False,none
ORD004402,2025-05-20,Lounge Set,3,340.8,United States,3PL_Central,Carrier_C,email_drop,6.62,3.4,5,False,True,late_delivery
ORD004403,2025-01-04,Signature Hoodie,1,80.1,Australia,3PL_International,Passport_Global,influencer_drop,18.4,4.3,9,False,False,none
ORD004404,2025-02-24,Signature Hoodie,2,160.2,United States,3PL_Central,Carrier_B,product_launch,6.35,4.0,5,False,True,fit_issue
ORD004405,2025-03-27,Zip Hoodie,2,192.0,United Kingdom,3PL_International,Passport_Global,none,17.96,4.2,9,False,False,none
ORD004406,2025-04-20,Lounge Set,1,120.7,Canada,3PL_International,Passport_Global,holiday_sale,16.43,4.5,9,False,False,none
ORD004407,2025-06-18,Signature Hoodie,1,71.2,United Kingdom,3PL_International,Passport_Global,influencer_drop,18.01,4.1,9,False,False,none
ORD004408,2025-03-13,Cloud Sweatpants,2,124.8,United States,3PL_East,Carrier_B,email_drop,6.29,2.7,5,False,False,none
ORD004409,2025-06-12,Signature Hoodie,3,267.0,United States,3PL_West,Carrier_A,none,7.83,5.0,5,False,False,none
ORD004410,2025-02-02,Zip Hoodie,1,96.0,United States,3PL_Central,Carrier_C,none,7.42,2.4,5,False,False,none
ORD004411,2025-03-12,Signature Hoodie,1,89.0,United States,3PL_West,Carrier_D,none,7.84,2.8,5,False,False,none
ORD004412,2025-01-11,Lounge Set,3,426.0,Canada,3PL_International,Passport_Global,none,20.06,6.5,9,False,False,none
ORD004413,2025-05-19,Zip Hoodie,1,96.0,United States,3PL_West,Carrier_D,none,5.85,4.1,5,False,False,none
ORD004414,2025-01-31,Lounge Set,1,120.7,United States,3PL_West,Carrier_C,product_launch,6.69,5.1,5,True,False,none
ORD004415,2025-02-21,Weighted Tee,1,54.0,Germany,3PL_International,Passport_Global,none,17.85,4.4,9,False,False,none
ORD004416,2025-05-26,Cloud Sweatpants,3,187.2,United States,3PL_West,Carrier_D,product_launch,11.45,5.2,5,True,False,none
ORD004417,2025-04-08,Zip Hoodie,3,288.0,Canada,3PL_International,Passport_Global,none,19.44,4.2,9,False,False,none
ORD004418,2025-01-03,Zip Hoodie,1,81.6,United States,3PL_West,Carrier_C,influencer_drop,4.36,5.2,5,True,False,none
ORD004419,2025-01-01,Lounge Set,2,284.0,United States,3PL_Central,Carrier_A,none,7.69,3.1,5,False,False,none
ORD004420,2025-04-03,Cloud Sweatpants,4,265.2,United States,3PL_Central,Carrier_D,email_drop,10.84,2.1,5,False,False,none
ORD004421,2025-03-02,Signature Hoodie,3,267.0,United States,3PL_West,Carrier_B,none,8.69,3.6,5,False,False,none
ORD004422,2025-02-06,Weighted Tee,3,129.6,Canada,3PL_International,Passport_Global,product_launch,19.12,4.8,9,False,False,none
ORD004423,2025-04-24,Signature Hoodie,1,89.0,United States,3PL_Central,Carrier_A,none,4.41,3.3,5,False,False,none
ORD004424,2025-02-15,Weighted Tee,1,54.0,United States,3PL_East,Carrier_A,none,4.58,5.4,5,True,False,none
ORD004425,2025-04-19,Signature Hoodie,1,80.1,Canada,3PL_International,Passport_Global,product_launch,15.58,4.0,9,False,False,none
ORD004426,2025-03-14,Cloud Sweatpants,4,312.0,United States,3PL_East,Carrier_A,none,8.43,3.5,5,False,False,none
ORD004427,2025-02-07,Weighted Tee,1,45.9,United States,3PL_West,Carrier_B,email_drop,3.9,5.6,5,True,False,none
ORD004428,2025-01-28,Zip Hoodie,2,192.0,United States,3PL_East,Carrier_A,none,6.61,4.0,5,False,False,none
ORD004429,2025-02-17,Cloud Sweatpants,2,156.0,Australia,3PL_International,Passport_Global,none,18.87,4.2,9,False,False,none
ORD004430,2025-01-06,Signature Hoodie,2,178.0,United Kingdom,3PL_International,Passport_Global,none,18.23,5.3,9,False,False,none
ORD004431,2025-03-03,Signature Hoodie,1,89.0,United States,3PL_West,Carrier_B,none,5.81,2.6,5,False,False,none
ORD004432,2025-06-16,Signature Hoodie,4,356.0,United States,3PL_East,Carrier_C,none,8.98,3.7,5,False,True,changed_mind
ORD004433,2025-06-05,Cloud Sweatpants,1,78.0,Germany,3PL_International,Passport_Global,none,18.86,3.1,9,False,False,none
ORD004434,2025-03-12,Cloud Sweatpants,4,280.8,United Kingdom,3PL_International,Passport_Global,email_drop,22.73,6.2,9,False,False,none
ORD004435,2025-04-16,Signature Hoodie,3,240.3,United States,3PL_East,Carrier_C,product_launch,7.81,4.6,5,False,False,none
ORD004436,2025-04-14,Cloud Sweatpants,2,156.0,United States,3PL_East,Carrier_C,none,6.9,3.7,5,False,False,none
ORD004437,2025-06-05,Weighted Tee,2,108.0,United States,3PL_Central,Carrier_A,none,7.02,3.9,5,False,False,none
ORD004438,2025-02-17,Lounge Set,4,568.0,United States,3PL_West,Carrier_C,none,10.39,3.9,5,False,False,none
ORD004439,2025-03-01,Cloud Sweatpants,1,70.2,United States,3PL_West,Carrier_C,influencer_drop,4.27,3.4,5,False,False,none
ORD004440,2025-03-02,Weighted Tee,1,54.0,United States,3PL_West,Carrier_A,none,4.94,3.9,5,False,False,none
ORD004441,2025-01-09,Cloud Sweatpants,2,140.4,United States,3PL_West,Carrier_A,email_drop,5.45,4.3,5,False,False,none
ORD004442,2025-03-04,Signature Hoodie,1,89.0,Canada,3PL_International,Passport_Global,none,17.3,3.1,9,False,False,none
ORD004443,2025-06-12,Cloud Sweatpants,3,234.0,United States,3PL_West,Carrier_D,none,9.19,1.1,5,False,False,none
ORD004444,2025-06-17,Lounge Set,1,120.7,United Kingdom,3PL_International,Passport_Global,influencer_drop,17.1,6.4,9,False,False,none
ORD004445,2025-01-23,Signature Hoodie,4,356.0,United States,3PL_East,Carrier_A,none,9.18,2.7,5,False,False,none
ORD004446,2025-03-25,Signature Hoodie,1,89.0,Australia,3PL_International,Passport_Global,none,18.2,4.8,9,False,False,none
ORD004447,2025-03-14,Weighted Tee,1,54.0,United States,3PL_East,Carrier_A,none,5.39,4.5,5,False,False,none
ORD004448,2025-03-30,Zip Hoodie,2,192.0,United States,3PL_West,Carrier_C,none,6.81,4.9,5,False,False,none
ORD004449,2025-04-12,Zip Hoodie,1,96.0,United States,3PL_West,Carrier_A,none,6.82,2.0,5,False,False,none
ORD004450,2025-01-05,Zip Hoodie,1,86.4,United States,3PL_Central,Carrier_A,holiday_sale,5.69,3.3,5,False,False,none
ORD004451,2025-06-07,Zip Hoodie,2,192.0,United States,3PL_West,Carrier_B,none,5.48,4.7,5,False,False,none
ORD004452,2025-06-27,Signature Hoodie,2,178.0,United States,3PL_West,Carrier_C,none,5.92,4.4,5,False,False,none
ORD004453,2025-05-02,Zip Hoodie,1,96.0,United States,3PL_West,Carrier_D,none,6.5,2.3,5,False,False,none
ORD004454,2025-05-03,Signature Hoodie,1,89.0,Canada,3PL_International,Passport_Global,none,18.93,4.1,9,False,True,changed_mind
ORD004455,2025-04-06,Signature Hoodie,2,160.2,United States,3PL_Central,Carrier_A,holiday_sale,6.15,4.3,5,False,False,none
ORD004456,2025-03-07,Weighted Tee,1,54.0,United States,3PL_East,Carrier_A,none,4.58,3.0,5,False,False,none
ORD004457,2025-01-31,Signature Hoodie,2,178.0,United States,3PL_West,Carrier_C,none,5.64,3.3,5,False,False,none
ORD004458,2025-04-18,Signature Hoodie,3,267.0,United States,3PL_Central,Carrier_A,none,7.24,2.7,5,False,False,none
ORD004459,2025-01-10,Signature Hoodie,2,151.3,United States,3PL_West,Carrier_C,product_launch,6.06,5.5,5,True,False,none
ORD004460,2025-06-04,Lounge Set,1,113.6,United States,3PL_West,Carrier_B,holiday_sale,4.79,5.4,5,True,True,late_delivery
ORD004461,2025-03-20,Weighted Tee,4,216.0,United States,3PL_East,Carrier_B,none,9.55,4.0,5,False,False,none
ORD004462,2025-03-19,Signature Hoodie,3,267.0,United States,3PL_West,Carrier_A,none,7.47,4.5,5,False,False,none
ORD004463,2025-03-06,Cloud Sweatpants,1,62.4,United States,3PL_West,Carrier_D,influencer_drop,7.14,4.8,5,False,False,none
ORD004464,2025-06-26,Zip Hoodie,3,244.8,United States,3PL_West,Carrier_C,influencer_drop,8.3,4.0,5,False,False,none
ORD004465,2025-02-05,Zip Hoodie,4,384.0,United States,3PL_West,Carrier_B,none,9.51,4.3,5,False,False,none
ORD004466,2025-01-31,Signature Hoodie,2,160.2,United States,3PL_East,Carrier_B,email_drop,6.06,3.2,5,False,False,none
ORD004467,2025-02-03,Signature Hoodie,3,267.0,United Kingdom,3PL_International,Passport_Global,none,21.06,4.6,9,False,False,none
ORD004468,2025-05-03,Cloud Sweatpants,4,312.0,United States,3PL_East,Carrier_B,none,8.83,2.8,5,False,False,none
ORD004469,2025-06-29,Signature Hoodie,4,356.0,Australia,3PL_International,Passport_Global,none,20.78,5.1,9,False,True,fit_issue
ORD004470,2025-02-17,Zip Hoodie,4,384.0,United States,3PL_East,Carrier_B,none,9.58,4.8,5,False,False,none
ORD004471,2025-06-16,Signature Hoodie,1,89.0,Germany,3PL_International,Passport_Global,none,18.11,4.0,9,False,False,none
ORD004472,2025-02-25,Lounge Set,1,142.0,United States,3PL_East,Carrier_D,none,7.43,3.8,5,False,False,none
ORD004473,2025-05-01,Zip Hoodie,2,163.2,United States,3PL_East,Carrier_B,influencer_drop,6.26,4.3,5,False,False,none
ORD004474,2025-01-09,Zip Hoodie,2,153.6,United States,3PL_West,Carrier_A,holiday_sale,6.55,6.0,5,True,True,fit_issue
ORD004475,2025-03-31,Zip Hoodie,2,192.0,Australia,3PL_International,Passport_Global,none,18.37,4.1,9,False,False,none
ORD004476,2025-05-02,Signature Hoodie,1,89.0,United States,3PL_West,Carrier_B,none,5.23,3.8,5,False,False,none
ORD004477,2025-04-08,Signature Hoodie,4,284.8,United States,3PL_Central,Carrier_B,email_drop,8.51,3.2,5,False,False,none
ORD004478,2025-02-17,Cloud Sweatpants,1,78.0,United States,3PL_East,Carrier_D,none,7.4,3.7,5,False,False,none
ORD004479,2025-06-05,Lounge Set,3,426.0,United States,3PL_East,Carrier_A,none,8.93,4.5,5,False,False,none
ORD004480,2025-06-26,Lounge Set,2,241.4,United States,3PL_West,Carrier_B,influencer_drop,6.41,2.3,5,False,False,none
ORD004481,2025-03-26,Cloud Sweatpants,4,312.0,United States,3PL_Central,Carrier_A,none,9.48,4.9,5,False,True,fit_issue
ORD004482,2025-04-28,Lounge Set,2,284.0,United States,3PL_East,Carrier_B,none,6.66,5.2,5,True,False,none
ORD004483,2025-05-29,Signature Hoodie,2,142.4,United States,3PL_East,Carrier_C,email_drop,7.47,4.1,5,False,False,none
ORD004484,2025-02-18,Signature Hoodie,3,267.0,United States,3PL_Central,Carrier_A,none,9.06,3.7,5,False,False,none
ORD004485,2025-06-10,Signature Hoodie,1,89.0,United States,3PL_West,Carrier_D,none,6.79,2.4,5,False,False,none
ORD004486,2025-02-26,Lounge Set,2,255.6,United States,3PL_Central,Carrier_A,email_drop,5.18,3.2,5,False,False,none
ORD004487,2025-05-26,Cloud Sweatpants,2,124.8,United States,3PL_East,Carrier_C,holiday_sale,5.55,5.2,5,True,False,none
ORD004488,2025-01-23,Cloud Sweatpants,3,234.0,United States,3PL_East,Carrier_B,none,8.49,3.5,5,False,False,none
ORD004489,2025-02-28,Zip Hoodie,1,76.8,United States,3PL_West,Carrier_B,email_drop,5.65,2.4,5,False,False,none
ORD004490,2025-04-08,Signature Hoodie,2,178.0,United States,3PL_East,Carrier_C,none,5.77,4.2,5,False,False,none
ORD004491,2025-04-06,Signature Hoodie,1,89.0,Australia,3PL_International,Passport_Global,none,19.08,3.1,9,False,False,none
ORD004492,2025-06-08,Signature Hoodie,1,89.0,United States,3PL_East,Carrier_C,none,5.15,3.0,5,False,False,none
ORD004493,2025-06-30,Signature Hoodie,2,178.0,United States,3PL_West,Carrier_B,none,6.26,4.7,5,False,False,none
ORD004494,2025-01-22,Cloud Sweatpants,1,78.0,Canada,3PL_International,Passport_Global,none,17.57,4.6,9,False,False,none
ORD004495,2025-02-24,Signature Hoodie,1,75.65,Canada,3PL_International,Passport_Global,influencer_drop,18.81,4.3,9,False,False,none
ORD004496,2025-03-10,Lounge Set,2,284.0,United States,3PL_East,Carrier_B,none,5.94,2.6,5,False,True,fit_issue
ORD004497,2025-03-29,Lounge Set,4,454.4,United States,3PL_East,Carrier_D,holiday_sale,11.67,3.6,5,False,False,none
ORD004498,2025-03-31,Weighted Tee,3,162.0,United States,3PL_Central,Carrier_C,none,8.15,3.0,5,False,False,none
ORD004499,2025-06-09,Signature Hoodie,1,71.2,United States,3PL_West,Carrier_C,influencer_drop,6.49,4.6,5,False,False,none
ORD004500,2025-05-25,Cloud Sweatpants,1,78.0,United States,3PL_West,Carrier_D,none,7.81,4.4,5,False,False,none
ORD004501,2025-01-04,Signature Hoodie,2,178.0,United States,3PL_Central,Carrier_A,none,6.83,5.0,5,False,False,none
ORD004502,2025-03-25,Signature Hoodie,2,142.4,United States,3PL_East,Carrier_C,email_drop,7.11,3.1,5,False,False,none
ORD004503,2025-04-25,Zip Hoodie,1,86.4,United States,3PL_West,Carrier_D,influencer_drop,7.27,4.7,5,False,False,none
ORD004504,2025-03-26,Cloud Sweatpants,1,78.0,United States,3PL_Central,Carrier_A,none,4.84,4.0,5,False,False,none
ORD004505,2025-01-27,Zip Hoodie,1,96.0,United States,3PL_West,Carrier_A,none,5.93,3.7,5,False,False,none
ORD004506,2025-03-16,Lounge Set,2,284.0,United States,3PL_West,Carrier_A,none,6.49,3.9,5,False,False,none
ORD004507,2025-03-18,Signature Hoodie,2,178.0,United States,3PL_Central,Carrier_D,none,9.36,5.0,5,False,False,none
ORD004508,2025-02-07,Weighted Tee,1,54.0,United States,3PL_East,Carrier_D,none,8.18,3.9,5,False,False,none
ORD004509,2025-05-22,Signature Hoodie,2,151.3,Canada,3PL_International,Passport_Global,influencer_drop,19.42,6.9,9,False,False,none
ORD004510,2025-03-05,Weighted Tee,1,54.0,United States,3PL_East,Carrier_B,none,6.19,5.4,5,True,False,none
ORD004511,2025-04-19,Zip Hoodie,3,288.0,United Kingdom,3PL_International,Passport_Global,none,20.49,4.0,9,False,False,none
ORD004512,2025-04-04,Signature Hoodie,1,89.0,Germany,3PL_International,Passport_Global,none,18.2,2.7,9,False,False,none
ORD004513,2025-06-12,Cloud Sweatpants,2,124.8,United States,3PL_East,Carrier_D,product_launch,7.84,5.3,5,True,False,none
ORD004514,2025-01-25,Signature Hoodie,1,89.0,Canada,3PL_International,Passport_Global,none,18.0,4.8,9,False,False,none
ORD004515,2025-01-24,Lounge Set,2,284.0,United States,3PL_Central,Carrier_B,none,6.91,3.5,5,False,False,none
ORD004516,2025-03-01,Signature Hoodie,2,178.0,United States,3PL_West,Carrier_A,none,6.84,3.6,5,False,False,none
ORD004517,2025-03-21,Lounge Set,2,241.4,United States,3PL_West,Carrier_D,email_drop,8.57,5.4,5,True,False,none
ORD004518,2025-03-01,Signature Hoodie,4,356.0,United States,3PL_Central,Carrier_D,none,10.82,3.6,5,False,False,none
ORD004519,2025-05-24,Weighted Tee,2,108.0,United States,3PL_West,Carrier_D,none,10.02,4.6,5,False,False,none
ORD004520,2025-02-19,Signature Hoodie,1,89.0,Australia,3PL_International,Passport_Global,none,17.91,4.3,9,False,False,none
ORD004521,2025-01-18,Zip Hoodie,2,163.2,United States,3PL_East,Carrier_B,holiday_sale,7.14,4.5,5,False,False,none
ORD004522,2025-03-19,Lounge Set,2,284.0,United States,3PL_East,Carrier_B,none,6.58,6.4,5,True,False,none
ORD004523,2025-05-26,Signature Hoodie,4,356.0,Germany,3PL_International,Passport_Global,none,21.52,4.6,9,False,False,none
ORD004524,2025-06-08,Signature Hoodie,2,178.0,United Kingdom,3PL_International,Passport_Global,none,18.28,7.1,9,False,False,none
ORD004525,2025-05-18,Cloud Sweatpants,4,312.0,United States,3PL_East,Carrier_A,none,8.39,5.0,5,False,False,none
ORD004526,2025-04-12,Zip Hoodie,2,192.0,United States,3PL_East,Carrier_B,none,6.17,2.6,5,False,False,none
ORD004527,2025-05-16,Lounge Set,2,284.0,United States,3PL_East,Carrier_D,none,7.25,4.0,5,False,False,none
ORD004528,2025-05-07,Signature Hoodie,1,89.0,United States,3PL_East,Carrier_A,none,5.51,2.7,5,False,False,none
ORD004529,2025-02-16,Lounge Set,1,142.0,United States,3PL_West,Carrier_B,none,4.7,5.2,5,True,False,none
ORD004530,2025-04-11,Lounge Set,1,142.0,United States,3PL_East,Carrier_C,none,4.56,3.7,5,False,False,none
ORD004531,2025-05-25,Lounge Set,2,284.0,United Kingdom,3PL_International,Passport_Global,none,20.69,2.7,9,False,False,none
ORD004532,2025-03-04,Signature Hoodie,4,356.0,United States,3PL_Central,Carrier_B,none,9.79,3.6,5,False,False,none
ORD004533,2025-05-02,Signature Hoodie,1,89.0,United States,3PL_West,Carrier_C,none,7.06,5.3,5,True,False,none
ORD004534,2025-03-29,Weighted Tee,4,216.0,United States,3PL_East,Carrier_A,none,8.82,3.5,5,False,False,none
ORD004535,2025-04-02,Zip Hoodie,4,384.0,United States,3PL_Central,Carrier_C,none,8.64,4.6,5,False,False,none
ORD004536,2025-01-19,Zip Hoodie,2,153.6,United Kingdom,3PL_International,Passport_Global,email_drop,19.3,3.9,9,False,True,quality_issue
ORD004537,2025-05-04,Lounge Set,1,120.7,United States,3PL_East,Carrier_A,product_launch,5.75,5.6,5,True,False,none
ORD004538,2025-06-10,Signature Hoodie,2,142.4,United States,3PL_East,Carrier_A,email_drop,6.32,3.8,5,False,False,none
ORD004539,2025-01-29,Zip Hoodie,3,288.0,United States,3PL_East,Carrier_A,none,7.14,3.2,5,False,False,none
ORD004540,2025-03-11,Zip Hoodie,1,76.8,United Kingdom,3PL_International,Passport_Global,product_launch,18.32,4.8,9,False,False,none
ORD004541,2025-01-10,Lounge Set,2,227.2,United States,3PL_East,Carrier_B,product_launch,5.33,3.1,5,False,True,changed_mind
ORD004542,2025-01-06,Lounge Set,1,142.0,United States,3PL_Central,Carrier_B,none,5.91,1.4,5,False,False,none
ORD004543,2025-06-29,Cloud Sweatpants,2,156.0,United States,3PL_West,Carrier_C,none,6.36,2.8,5,False,False,none
ORD004544,2025-03-31,Signature Hoodie,1,80.1,United States,3PL_East,Carrier_B,email_drop,6.07,2.8,5,False,False,none
ORD004545,2025-03-10,Lounge Set,1,127.8,Australia,3PL_International,Passport_Global,product_launch,18.71,6.8,9,False,False,none
ORD004546,2025-02-25,Zip Hoodie,3,259.2,United States,3PL_West,Carrier_C,influencer_drop,8.21,6.0,5,True,False,none
ORD004547,2025-06-28,Signature Hoodie,3,213.6,United States,3PL_East,Carrier_B,email_drop,6.81,2.9,5,False,False,none
ORD004548,2025-02-20,Weighted Tee,1,54.0,Australia,3PL_International,Passport_Global,none,16.64,3.9,9,False,False,none
ORD004549,2025-05-16,Signature Hoodie,2,151.3,United States,3PL_West,Carrier_B,product_launch,5.33,2.7,5,False,False,none
ORD004550,2025-02-27,Signature Hoodie,1,89.0,United States,3PL_East,Carrier_B,none,5.04,3.8,5,False,True,fit_issue
ORD004551,2025-01-15,Weighted Tee,2,108.0,United States,3PL_East,Carrier_A,none,5.4,4.0,5,False,False,none
ORD004552,2025-05-08,Zip Hoodie,1,86.4,Germany,3PL_International,Passport_Global,influencer_drop,17.79,5.6,9,False,False,none
ORD004553,2025-01-01,Lounge Set,3,426.0,Germany,3PL_International,Passport_Global,none,19.41,4.3,9,False,False,none
ORD004554,2025-05-06,Lounge Set,1,142.0,United States,3PL_East,Carrier_C,none,4.96,3.8,5,False,False,none
ORD004555,2025-02-20,Cloud Sweatpants,2,156.0,United States,3PL_West,Carrier_B,none,6.56,5.1,5,True,False,none
ORD004556,2025-05-20,Signature Hoodie,1,89.0,United States,3PL_West,Carrier_C,none,5.73,3.2,5,False,False,none
ORD004557,2025-05-25,Lounge Set,1,142.0,United States,3PL_East,Carrier_A,none,4.77,3.2,5,False,False,none
ORD004558,2025-05-16,Cloud Sweatpants,2,156.0,United States,3PL_Central,Carrier_C,none,6.22,2.9,5,False,False,none
ORD004559,2025-01-05,Cloud Sweatpants,1,78.0,United Kingdom,3PL_International,Passport_Global,none,18.09,5.0,9,False,False,none
ORD004560,2025-05-12,Cloud Sweatpants,2,156.0,United States,3PL_Central,Carrier_A,none,6.46,2.7,5,False,False,none
ORD004561,2025-06-29,Signature Hoodie,2,178.0,United States,3PL_East,Carrier_B,none,6.44,3.3,5,False,False,none
ORD004562,2025-02-18,Signature Hoodie,2,160.2,United States,3PL_East,Carrier_A,product_launch,7.1,3.8,5,False,False,none
ORD004563,2025-02-24,Zip Hoodie,1,96.0,United States,3PL_West,Carrier_A,none,4.69,3.3,5,False,False,none
ORD004564,2025-06-02,Lounge Set,2,255.6,United States,3PL_Central,Carrier_B,product_launch,7.22,2.6,5,False,False,none
ORD004565,2025-02-02,Cloud Sweatpants,4,312.0,United States,3PL_West,Carrier_D,none,12.48,4.1,5,False,False,none
ORD004566,2025-05-03,Signature Hoodie,3,267.0,United States,3PL_West,Carrier_D,none,9.73,2.5,5,False,False,none
ORD004567,2025-05-22,Cloud Sweatpants,1,62.4,Germany,3PL_International,Passport_Global,influencer_drop,17.45,7.0,9,False,False,none
ORD004568,2025-01-08,Zip Hoodie,1,86.4,United States,3PL_East,Carrier_A,influencer_drop,4.25,4.7,5,False,False,none
ORD004569,2025-04-12,Signature Hoodie,1,89.0,United States,3PL_West,Carrier_A,none,5.01,3.3,5,False,False,none
ORD004570,2025-04-16,Cloud Sweatpants,1,70.2,United States,3PL_West,Carrier_A,email_drop,5.69,4.0,5,False,False,none
ORD004571,2025-03-02,Zip Hoodie,3,230.4,United States,3PL_East,Carrier_C,email_drop,7.61,4.4,5,False,False,none
ORD004572,2025-06-12,Cloud Sweatpants,3,234.0,Canada,3PL_International,Passport_Global,none,20.06,4.7,9,False,False,none
ORD004573,2025-02-02,Zip Hoodie,2,192.0,United States,3PL_East,Carrier_B,none,6.46,3.4,5,False,False,none
ORD004574,2025-03-11,Lounge Set,2,284.0,United States,3PL_East,Carrier_B,none,6.15,5.0,5,False,False,none
ORD004575,2025-06-08,Signature Hoodie,1,89.0,United States,3PL_East,Carrier_A,none,5.35,4.5,5,False,False,none
ORD004576,2025-02-08,Signature Hoodie,2,160.2,United Kingdom,3PL_International,Passport_Global,holiday_sale,18.3,4.9,9,False,False,none
ORD004577,2025-06-03,Signature Hoodie,3,267.0,Canada,3PL_International,Passport_Global,none,20.18,7.5,9,False,False,none
ORD004578,2025-01-17,Zip Hoodie,1,81.6,United States,3PL_West,Carrier_C,influencer_drop,5.53,2.9,5,False,False,none
ORD004579,2025-03-30,Lounge Set,1,113.6,United States,3PL_East,Carrier_C,email_drop,6.52,1.0,5,False,False,none
ORD004580,2025-01-16,Zip Hoodie,1,81.6,Canada,3PL_International,Passport_Global,product_launch,17.19,7.0,9,False,False,none
ORD004581,2025-05-07,Weighted Tee,1,54.0,United Kingdom,3PL_International,Passport_Global,none,18.39,4.9,9,False,False,none
ORD004582,2025-05-29,Zip Hoodie,1,96.0,Australia,3PL_International,Passport_Global,none,18.48,5.1,9,False,False,none
ORD004583,2025-06-08,Signature Hoodie,3,267.0,United States,3PL_Central,Carrier_C,none,7.5,4.4,5,False,False,none
ORD004584,2025-06-28,Signature Hoodie,3,213.6,United States,3PL_West,Carrier_B,email_drop,7.17,3.9,5,False,False,none
ORD004585,2025-05-05,Zip Hoodie,1,96.0,United States,3PL_West,Carrier_A,none,6.47,2.0,5,False,False,none
ORD004586,2025-05-25,Zip Hoodie,2,172.8,United Kingdom,3PL_International,Passport_Global,email_drop,17.91,4.2,9,False,False,none
ORD004587,2025-04-02,Cloud Sweatpants,1,78.0,United Kingdom,3PL_International,Passport_Global,none,17.15,3.8,9,False,False,none
ORD004588,2025-06-17,Cloud Sweatpants,1,78.0,United States,3PL_West,Carrier_A,none,4.54,3.2,5,False,False,none
ORD004589,2025-04-30,Cloud Sweatpants,2,132.6,United States,3PL_East,Carrier_A,holiday_sale,6.01,3.4,5,False,False,none
ORD004590,2025-06-13,Signature Hoodie,1,80.1,United States,3PL_West,Carrier_C,influencer_drop,5.21,2.8,5,False,False,none
ORD004591,2025-02-17,Zip Hoodie,3,288.0,United States,3PL_Central,Carrier_A,none,8.89,2.9,5,False,False,none
ORD004592,2025-03-31,Zip Hoodie,1,81.6,United States,3PL_West,Carrier_D,email_drop,6.86,4.5,5,False,False,none
ORD004593,2025-05-17,Lounge Set,3,426.0,United States,3PL_West,Carrier_A,none,9.38,4.9,5,False,False,none
ORD004594,2025-02-10,Signature Hoodie,1,71.2,United States,3PL_West,Carrier_B,influencer_drop,6.12,4.1,5,False,False,none
ORD004595,2025-02-12,Lounge Set,1,142.0,United States,3PL_West,Carrier_C,none,5.0,1.6,5,False,False,none
ORD004596,2025-06-27,Signature Hoodie,2,178.0,United States,3PL_West,Carrier_A,none,6.16,3.1,5,False,False,none
ORD004597,2025-03-22,Signature Hoodie,1,89.0,United States,3PL_Central,Carrier_D,none,7.36,2.6,5,False,False,none
ORD004598,2025-02-06,Lounge Set,1,142.0,Canada,3PL_International,Passport_Global,none,17.86,5.8,9,False,True,quality_issue
ORD004599,2025-03-06,Weighted Tee,1,45.9,United States,3PL_West,Carrier_A,influencer_drop,4.47,3.3,5,False,False,none
ORD004600,2025-03-16,Weighted Tee,4,216.0,United States,3PL_East,Carrier_D,none,10.07,2.6,5,False,False,none
ORD004601,2025-04-26,Signature Hoodie,2,178.0,United States,3PL_West,Carrier_A,none,5.31,5.0,5,False,False,none
ORD004602,2025-06-19,Signature Hoodie,3,267.0,United States,3PL_East,Carrier_A,none,9.11,4.3,5,False,False,none
ORD004603,2025-06-28,Zip Hoodie,2,192.0,United States,3PL_East,Carrier_D,none,8.46,7.1,5,True,False,none
ORD004604,2025-05-01,Lounge Set,4,511.2,United States,3PL_West,Carrier_A,email_drop,8.6,2.2,5,False,False,none
ORD004605,2025-05-11,Cloud Sweatpants,2,156.0,Australia,3PL_International,Passport_Global,none,18.41,4.7,9,False,False,none
ORD004606,2025-03-05,Signature Hoodie,4,302.6,United States,3PL_West,Carrier_A,email_drop,8.4,3.5,5,False,False,none
ORD004607,2025-06-09,Cloud Sweatpants,4,265.2,United States,3PL_East,Carrier_D,holiday_sale,9.48,3.8,5,False,False,none
ORD004608,2025-02-13,Signature Hoodie,4,356.0,Australia,3PL_International,Passport_Global,none,21.38,3.5,9,False,False,none
ORD004609,2025-01-22,Signature Hoodie,2,142.4,Canada,3PL_International,Passport_Global,influencer_drop,19.57,3.1,9,False,False,none
ORD004610,2025-06-27,Zip Hoodie,4,384.0,United States,3PL_East,Carrier_D,none,11.9,4.6,5,False,False,none
ORD004611,2025-06-10,Signature Hoodie,3,267.0,Canada,3PL_International,Passport_Global,none,20.73,4.9,9,False,False,none
ORD004612,2025-03-02,Zip Hoodie,1,96.0,United States,3PL_East,Carrier_C,none,6.0,3.8,5,False,False,none
ORD004613,2025-05-06,Zip Hoodie,1,96.0,Canada,3PL_International,Passport_Global,none,18.73,5.9,9,False,False,none
ORD004614,2025-03-27,Cloud Sweatpants,1,78.0,United States,3PL_East,Carrier_C,none,5.28,4.9,5,False,False,none
ORD004615,2025-03-05,Signature Hoodie,2,178.0,United States,3PL_East,Carrier_A,none,5.48,4.9,5,False,False,none
ORD004616,2025-02-27,Lounge Set,1,113.6,Australia,3PL_International,Passport_Global,influencer_drop,18.42,4.7,9,False,False,none
ORD004617,2025-01-28,Cloud Sweatpants,1,78.0,Canada,3PL_International,Passport_Global,none,17.23,5.3,9,False,False,none
ORD004618,2025-04-11,Lounge Set,2,255.6,United States,3PL_Central,Carrier_B,product_launch,6.48,5.4,5,True,False,none
ORD004619,2025-03-24,Cloud Sweatpants,1,78.0,United States,3PL_East,Carrier_A,none,4.59,2.9,5,False,False,none
ORD004620,2025-04-03,Cloud Sweatpants,2,132.6,Canada,3PL_International,Passport_Global,email_drop,19.87,4.6,9,False,False,none
ORD004621,2025-02-13,Weighted Tee,4,216.0,United States,3PL_West,Carrier_A,none,9.53,4.5,5,False,False,none
ORD004622,2025-06-21,Signature Hoodie,1,89.0,United States,3PL_West,Carrier_B,none,4.28,3.1,5,False,False,none
ORD004623,2025-04-29,Signature Hoodie,2,178.0,United States,3PL_West,Carrier_C,none,6.63,2.7,5,False,False,none
ORD004624,2025-06-15,Lounge Set,3,362.1,Germany,3PL_International,Passport_Global,product_launch,20.93,6.8,9,False,False,none
ORD004625,2025-01-23,Cloud Sweatpants,1,66.3,United States,3PL_West,Carrier_B,product_launch,5.3,5.7,5,True,False,none
ORD004626,2025-04-26,Signature Hoodie,3,267.0,United States,3PL_Central,Carrier_A,none,7.69,5.9,5,True,False,none
ORD004627,2025-06-08,Weighted Tee,2,86.4,United States,3PL_West,Carrier_A,email_drop,7.32,3.4,5,False,False,none
ORD004628,2025-03-06,Signature Hoodie,2,142.4,United States,3PL_East,Carrier_C,email_drop,6.34,4.9,5,False,False,none
ORD004629,2025-02-09,Zip Hoodie,1,96.0,United States,3PL_East,Carrier_B,none,5.33,3.7,5,False,True,changed_mind
ORD004630,2025-02-23,Lounge Set,2,284.0,United States,3PL_West,Carrier_B,none,7.18,3.3,5,False,False,none
ORD004631,2025-02-24,Lounge Set,1,127.8,United States,3PL_East,Carrier_A,email_drop,4.59,5.2,5,True,False,none
ORD004632,2025-03-24,Cloud Sweatpants,1,62.4,United Kingdom,3PL_International,Passport_Global,influencer_drop,17.25,6.2,9,False,False,none
ORD004633,2025-03-05,Signature Hoodie,3,267.0,United States,3PL_West,Carrier_A,none,6.33,3.2,5,False,False,none
ORD004634,2025-02-24,Lounge Set,2,284.0,United States,3PL_West,Carrier_A,none,8.16,4.1,5,False,False,none
ORD004635,2025-05-01,Lounge Set,4,568.0,United States,3PL_Central,Carrier_B,none,8.94,4.2,5,False,False,none
ORD004636,2025-01-11,Signature Hoodie,1,75.65,United Kingdom,3PL_International,Passport_Global,product_launch,18.64,5.0,9,False,True,fit_issue
ORD004637,2025-03-08,Signature Hoodie,3,267.0,United States,3PL_Central,Carrier_A,none,6.75,1.3,5,False,False,none
ORD004638,2025-05-09,Cloud Sweatpants,2,156.0,United States,3PL_East,Carrier_A,none,7.54,4.5,5,False,False,none
ORD004639,2025-02-05,Signature Hoodie,2,178.0,United States,3PL_Central,Carrier_C,none,6.31,2.6,5,False,False,none
ORD004640,2025-02-14,Lounge Set,1,120.7,United States,3PL_East,Carrier_A,influencer_drop,6.5,3.0,5,False,False,none
ORD004641,2025-02-10,Weighted Tee,2,97.2,United States,3PL_West,Carrier_A,email_drop,6.39,4.4,5,False,True,changed_mind
ORD004642,2025-01-01,Signature Hoodie,1,89.0,United States,3PL_Central,Carrier_D,none,6.33,1.9,5,False,False,none
ORD004643,2025-03-28,Weighted Tee,3,162.0,United Kingdom,3PL_International,Passport_Global,none,20.97,5.2,9,False,False,none
ORD004644,2025-01-08,Lounge Set,2,241.4,United States,3PL_Central,Carrier_C,influencer_drop,6.6,2.1,5,False,False,none
ORD004645,2025-02-24,Zip Hoodie,2,192.0,Canada,3PL_International,Passport_Global,none,18.01,3.9,9,False,False,none
ORD004646,2025-06-30,Weighted Tee,2,108.0,Australia,3PL_International,Passport_Global,none,17.63,4.8,9,False,False,none
ORD004647,2025-06-18,Signature Hoodie,1,80.1,United States,3PL_West,Carrier_B,product_launch,5.73,3.2,5,False,False,none
ORD004648,2025-02-13,Lounge Set,1,142.0,United States,3PL_East,Carrier_B,none,5.38,2.0,5,False,True,fit_issue
ORD004649,2025-03-03,Signature Hoodie,1,89.0,United States,3PL_West,Carrier_A,none,5.56,4.2,5,False,False,none
ORD004650,2025-03-26,Cloud Sweatpants,4,312.0,United States,3PL_East,Carrier_A,none,9.04,4.2,5,False,False,none
ORD004651,2025-06-07,Cloud Sweatpants,1,66.3,United States,3PL_West,Carrier_D,email_drop,7.09,3.3,5,False,False,none
ORD004652,2025-06-01,Signature Hoodie,1,71.2,United States,3PL_West,Carrier_A,influencer_drop,5.7,4.7,5,False,False,none
ORD004653,2025-01-26,Zip Hoodie,1,96.0,United States,3PL_East,Carrier_C,none,5.98,8.3,5,True,False,none
ORD004654,2025-01-25,Cloud Sweatpants,4,265.2,Australia,3PL_International,Passport_Global,email_drop,21.13,3.2,9,False,False,none
ORD004655,2025-03-19,Cloud Sweatpants,1,70.2,Canada,3PL_International,Passport_Global,holiday_sale,18.22,3.4,9,False,False,none
ORD004656,2025-06-11,Cloud Sweatpants,1,62.4,United States,3PL_East,Carrier_B,influencer_drop,5.86,5.3,5,True,False,none
ORD004657,2025-06-13,Signature Hoodie,1,89.0,United States,3PL_West,Carrier_B,none,6.26,2.7,5,False,True,changed_mind
ORD004658,2025-01-22,Signature Hoodie,1,89.0,United States,3PL_Central,Carrier_B,none,3.61,4.4,5,False,False,none
ORD004659,2025-04-16,Signature Hoodie,1,75.65,Canada,3PL_International,Passport_Global,holiday_sale,17.46,5.0,9,False,False,none
ORD004660,2025-02-01,Weighted Tee,4,216.0,United States,3PL_West,Carrier_C,none,9.29,3.6,5,False,False,none
ORD004661,2025-05-08,Lounge Set,1,142.0,United States,3PL_Central,Carrier_D,none,8.88,3.4,5,False,False,none
ORD004662,2025-06-18,Cloud Sweatpants,3,234.0,United States,3PL_Central,Carrier_A,none,8.64,6.0,5,True,False,none
ORD004663,2025-03-25,Zip Hoodie,3,230.4,Canada,3PL_International,Passport_Global,influencer_drop,21.06,4.3,9,False,False,none
ORD004664,2025-01-17,Zip Hoodie,2,192.0,Canada,3PL_International,Passport_Global,none,21.08,5.4,9,False,False,none
ORD004665,2025-04-17,Signature Hoodie,1,89.0,Germany,3PL_International,Passport_Global,none,17.73,2.9,9,False,False,none
ORD004666,2025-03-18,Signature Hoodie,3,213.6,United States,3PL_West,Carrier_C,email_drop,9.36,3.6,5,False,False,none
ORD004667,2025-06-02,Cloud Sweatpants,1,78.0,United States,3PL_East,Carrier_A,none,5.95,4.3,5,False,False,none
ORD004668,2025-03-08,Signature Hoodie,1,89.0,United States,3PL_East,Carrier_A,none,4.62,3.7,5,False,False,none
ORD004669,2025-06-12,Lounge Set,1,142.0,United States,3PL_West,Carrier_A,none,4.03,4.7,5,False,False,none
ORD004670,2025-02-24,Signature Hoodie,3,267.0,United States,3PL_East,Carrier_A,none,7.52,3.4,5,False,False,none
ORD004671,2025-02-01,Cloud Sweatpants,2,124.8,United States,3PL_West,Carrier_C,product_launch,7.08,5.0,5,False,False,none
ORD004672,2025-03-02,Cloud Sweatpants,1,78.0,United States,3PL_East,Carrier_B,none,5.19,4.2,5,False,False,none
ORD004673,2025-01-08,Zip Hoodie,1,76.8,United States,3PL_Central,Carrier_D,holiday_sale,7.29,3.2,5,False,True,changed_mind
ORD004674,2025-02-26,Weighted Tee,3,162.0,Canada,3PL_International,Passport_Global,none,21.63,4.1,9,False,False,none
ORD004675,2025-05-03,Cloud Sweatpants,4,312.0,United States,3PL_West,Carrier_C,none,8.89,3.2,5,False,False,none
ORD004676,2025-01-29,Signature Hoodie,4,356.0,United States,3PL_East,Carrier_C,none,10.42,2.9,5,False,False,none
ORD004677,2025-01-23,Zip Hoodie,1,96.0,United States,3PL_Central,Carrier_A,none,6.02,5.8,5,True,False,none
ORD004678,2025-01-27,Signature Hoodie,4,356.0,United States,3PL_West,Carrier_D,none,11.5,3.6,5,False,False,none
ORD004679,2025-01-16,Signature Hoodie,2,178.0,United States,3PL_East,Carrier_B,none,6.37,4.0,5,False,False,none
ORD004680,2025-06-12,Zip Hoodie,3,259.2,United States,3PL_West,Carrier_B,product_launch,7.64,4.0,5,False,False,none
ORD004681,2025-06-22,Signature Hoodie,1,89.0,United States,3PL_East,Carrier_B,none,5.41,5.8,5,True,False,none
ORD004682,2025-01-10,Signature Hoodie,2,160.2,United States,3PL_East,Carrier_B,product_launch,6.48,4.1,5,False,False,none
ORD004683,2025-05-23,Cloud Sweatpants,1,78.0,United States,3PL_East,Carrier_A,none,5.92,3.4,5,False,False,none
ORD004684,2025-05-18,Cloud Sweatpants,2,156.0,United Kingdom,3PL_International,Passport_Global,none,19.98,4.9,9,False,False,none
ORD004685,2025-06-30,Lounge Set,1,142.0,Canada,3PL_International,Passport_Global,none,19.77,3.8,9,False,False,none
ORD004686,2025-03-09,Signature Hoodie,1,89.0,United States,3PL_West,Carrier_C,none,4.84,3.0,5,False,False,none
ORD004687,2025-02-27,Cloud Sweatpants,1,78.0,United States,3PL_East,Carrier_D,none,7.2,3.0,5,False,False,none
ORD004688,2025-03-25,Zip Hoodie,4,384.0,United States,3PL_East,Carrier_C,none,9.65,4.3,5,False,True,fit_issue
ORD004689,2025-06-09,Lounge Set,2,284.0,United States,3PL_East,Carrier_C,none,6.6,3.2,5,False,False,none
ORD004690,2025-05-17,Signature Hoodie,2,151.3,United States,3PL_East,Carrier_D,influencer_drop,7.31,4.2,5,False,False,none
ORD004691,2025-03-28,Zip Hoodie,1,96.0,United States,3PL_East,Carrier_B,none,6.04,2.2,5,False,False,none
ORD004692,2025-02-19,Zip Hoodie,2,163.2,Australia,3PL_International,Passport_Global,product_launch,18.31,6.0,9,False,False,none
ORD004693,2025-05-17,Signature Hoodie,2,178.0,United States,3PL_East,Carrier_B,none,6.71,3.0,5,False,False,none
ORD004694,2025-06-08,Signature Hoodie,3,267.0,United States,3PL_Central,Carrier_B,none,9.08,2.4,5,False,False,none
ORD004695,2025-03-16,Zip Hoodie,1,96.0,United States,3PL_East,Carrier_B,none,5.96,4.5,5,False,False,none
ORD004696,2025-05-05,Signature Hoodie,1,89.0,United States,3PL_East,Carrier_A,none,5.9,4.6,5,False,False,none
ORD004697,2025-03-17,Signature Hoodie,2,142.4,Canada,3PL_International,Passport_Global,holiday_sale,20.14,7.4,9,False,False,none
ORD004698,2025-03-29,Cloud Sweatpants,3,198.9,United States,3PL_West,Carrier_D,influencer_drop,9.4,4.3,5,False,False,none
ORD004699,2025-04-06,Signature Hoodie,3,267.0,United States,3PL_East,Carrier_B,none,7.97,3.6,5,False,False,none
ORD004700,2025-05-26,Signature Hoodie,3,267.0,United States,3PL_Central,Carrier_A,none,7.56,2.4,5,False,False,none
ORD004701,2025-06-27,Cloud Sweatpants,1,66.3,United States,3PL_West,Carrier_D,influencer_drop,7.83,1.4,5,False,False,none
ORD004702,2025-03-23,Lounge Set,1,142.0,United States,3PL_West,Carrier_D,none,6.13,4.2,5,False,False,none
ORD004703,2025-03-08,Lounge Set,2,284.0,United States,3PL_West,Carrier_C,none,5.84,4.0,5,False,False,none
ORD004704,2025-03-13,Signature Hoodie,1,89.0,United States,3PL_West,Carrier_A,none,5.43,4.1,5,False,False,none
ORD004705,2025-01-27,Signature Hoodie,4,356.0,United States,3PL_East,Carrier_A,none,9.33,2.9,5,False,False,none
ORD004706,2025-03-01,Weighted Tee,2,108.0,United States,3PL_Central,Carrier_C,none,8.07,3.4,5,False,False,none
ORD004707,2025-01-18,Zip Hoodie,2,192.0,United States,3PL_East,Carrier_A,none,5.84,4.5,5,False,False,none
ORD004708,2025-03-21,Zip Hoodie,1,76.8,United States,3PL_West,Carrier_A,holiday_sale,5.35,6.6,5,True,False,none
ORD004709,2025-02-03,Signature Hoodie,1,89.0,United States,3PL_East,Carrier_A,none,5.6,2.0,5,False,False,none
ORD004710,2025-03-08,Signature Hoodie,4,320.4,United States,3PL_West,Carrier_C,holiday_sale,7.93,3.6,5,False,False,none
ORD004711,2025-05-30,Signature Hoodie,1,75.65,United States,3PL_Central,Carrier_B,email_drop,4.8,3.6,5,False,False,none
ORD004712,2025-02-19,Lounge Set,1,142.0,Australia,3PL_International,Passport_Global,none,16.36,4.6,9,False,False,none
ORD004713,2025-04-23,Lounge Set,1,142.0,Australia,3PL_International,Passport_Global,none,18.24,5.6,9,False,False,none
ORD004714,2025-06-15,Signature Hoodie,1,89.0,United Kingdom,3PL_International,Passport_Global,none,17.16,4.3,9,False,False,none
ORD004715,2025-04-14,Zip Hoodie,2,172.8,United States,3PL_Central,Carrier_A,influencer_drop,7.53,5.1,5,True,False,none
ORD004716,2025-02-08,Lounge Set,1,142.0,United States,3PL_East,Carrier_B,none,5.73,5.3,5,True,False,none
ORD004717,2025-03-08,Lounge Set,3,383.4,United States,3PL_East,Carrier_C,product_launch,7.55,4.1,5,False,False,none
ORD004718,2025-04-19,Cloud Sweatpants,3,234.0,Australia,3PL_International,Passport_Global,none,19.5,5.5,9,False,False,none
ORD004719,2025-04-02,Signature Hoodie,1,89.0,Australia,3PL_International,Passport_Global,none,18.11,4.7,9,False,False,none
ORD004720,2025-01-30,Weighted Tee,2,108.0,United States,3PL_East,Carrier_A,none,6.35,3.0,5,False,False,none
ORD004721,2025-03-24,Signature Hoodie,2,178.0,United States,3PL_East,Carrier_B,none,6.98,4.3,5,False,False,none
ORD004722,2025-04-10,Signature Hoodie,3,213.6,United States,3PL_West,Carrier_C,email_drop,8.62,5.1,5,True,False,none
ORD004723,2025-02-23,Signature Hoodie,3,240.3,United States,3PL_West,Carrier_A,email_drop,7.09,3.1,5,False,False,none
ORD004724,2025-04-24,Cloud Sweatpants,4,312.0,United States,3PL_East,Carrier_B,none,8.5,3.0,5,False,False,none
ORD004725,2025-01-15,Signature Hoodie,1,89.0,United States,3PL_West,Carrier_B,none,6.42,5.5,5,True,False,none
ORD004726,2025-03-07,Cloud Sweatpants,2,156.0,United States,3PL_Central,Carrier_B,none,7.66,5.4,5,True,False,none
ORD004727,2025-06-01,Weighted Tee,3,137.7,Canada,3PL_International,Passport_Global,email_drop,19.33,3.2,9,False,False,none
ORD004728,2025-02-22,Cloud Sweatpants,1,78.0,Canada,3PL_International,Passport_Global,none,17.13,4.3,9,False,False,none
ORD004729,2025-04-22,Weighted Tee,1,54.0,United Kingdom,3PL_International,Passport_Global,none,17.12,4.9,9,False,False,none
ORD004730,2025-03-18,Lounge Set,1,127.8,United States,3PL_West,Carrier_A,email_drop,5.59,3.6,5,False,False,none
ORD004731,2025-03-04,Lounge Set,4,568.0,United States,3PL_West,Carrier_B,none,7.74,1.2,5,False,False,none
ORD004732,2025-06-18,Zip Hoodie,4,384.0,United States,3PL_Central,Carrier_A,none,8.88,4.1,5,False,False,none
ORD004733,2025-03-08,Lounge Set,1,113.6,United States,3PL_West,Carrier_C,email_drop,5.37,1.6,5,False,False,none
ORD004734,2025-02-17,Cloud Sweatpants,1,70.2,Germany,3PL_International,Passport_Global,email_drop,17.31,4.3,9,False,False,none
ORD004735,2025-06-17,Signature Hoodie,2,142.4,United States,3PL_West,Carrier_B,email_drop,6.62,3.5,5,False,False,none
ORD004736,2025-05-20,Weighted Tee,4,216.0,United States,3PL_East,Carrier_A,none,8.92,2.2,5,False,False,none
ORD004737,2025-05-07,Cloud Sweatpants,3,234.0,United States,3PL_West,Carrier_A,none,7.41,4.0,5,False,False,none
ORD004738,2025-01-10,Lounge Set,4,454.4,United States,3PL_Central,Carrier_C,email_drop,10.19,5.8,5,True,False,none
ORD004739,2025-01-27,Cloud Sweatpants,3,234.0,United States,3PL_West,Carrier_A,none,7.37,3.3,5,False,True,fit_issue
ORD004740,2025-04-29,Signature Hoodie,2,178.0,United States,3PL_West,Carrier_A,none,6.58,3.5,5,False,False,none
ORD004741,2025-02-12,Zip Hoodie,1,96.0,United States,3PL_East,Carrier_C,none,4.92,3.7,5,False,False,none
ORD004742,2025-02-15,Zip Hoodie,2,192.0,United States,3PL_West,Carrier_A,none,7.33,3.1,5,False,False,none
ORD004743,2025-05-27,Cloud Sweatpants,2,140.4,United States,3PL_West,Carrier_B,product_launch,5.64,2.4,5,False,False,none
ORD004744,2025-02-27,Lounge Set,4,568.0,United States,3PL_West,Carrier_A,none,8.97,6.2,5,True,False,none
ORD004745,2025-01-15,Cloud Sweatpants,2,156.0,United Kingdom,3PL_International,Passport_Global,none,18.22,3.6,9,False,False,none
ORD004746,2025-01-08,Signature Hoodie,3,240.3,United States,3PL_Central,Carrier_D,product_launch,8.13,2.7,5,False,False,none
ORD004747,2025-03-23,Zip Hoodie,1,76.8,United States,3PL_West,Carrier_C,product_launch,4.86,5.5,5,True,True,late_delivery
ORD004748,2025-04-25,Signature Hoodie,2,178.0,United States,3PL_Central,Carrier_A,none,6.04,1.6,5,False,False,none
ORD004749,2025-06-11,Cloud Sweatpants,2,124.8,United States,3PL_West,Carrier_A,holiday_sale,6.98,4.8,5,False,False,none
ORD004750,2025-01-23,Signature Hoodie,2,178.0,United States,3PL_West,Carrier_B,none,5.87,4.5,5,False,False,none
ORD004751,2025-02-09,Signature Hoodie,3,240.3,United States,3PL_East,Carrier_B,influencer_drop,6.04,3.3,5,False,True,late_delivery
ORD004752,2025-04-07,Weighted Tee,2,108.0,Australia,3PL_International,Passport_Global,none,17.36,4.8,9,False,True,quality_issue
ORD004753,2025-03-11,Signature Hoodie,1,89.0,United States,3PL_Central,Carrier_A,none,5.53,4.4,5,False,False,none
ORD004754,2025-03-29,Zip Hoodie,1,96.0,United States,3PL_West,Carrier_D,none,7.57,3.4,5,False,False,none
ORD004755,2025-06-19,Zip Hoodie,4,307.2,United Kingdom,3PL_International,Passport_Global,email_drop,21.39,3.9,9,False,False,none
ORD004756,2025-04-10,Signature Hoodie,4,356.0,United States,3PL_East,Carrier_C,none,8.51,3.9,5,False,True,fit_issue
ORD004757,2025-03-19,Weighted Tee,2,108.0,United States,3PL_East,Carrier_D,none,8.6,3.2,5,False,False,none
ORD004758,2025-06-29,Signature Hoodie,2,151.3,United States,3PL_Central,Carrier_A,email_drop,5.07,3.5,5,False,False,none
ORD004759,2025-01-14,Cloud Sweatpants,1,78.0,United States,3PL_East,Carrier_A,none,3.79,4.0,5,False,False,none
ORD004760,2025-06-20,Lounge Set,3,383.4,United States,3PL_West,Carrier_A,holiday_sale,6.53,5.3,5,True,True,fit_issue
ORD004761,2025-04-01,Zip Hoodie,2,192.0,Australia,3PL_International,Passport_Global,none,18.81,5.6,9,False,False,none
ORD004762,2025-04-02,Signature Hoodie,1,89.0,United States,3PL_West,Carrier_A,none,6.03,4.3,5,False,False,none
ORD004763,2025-06-19,Lounge Set,4,568.0,United States,3PL_West,Carrier_D,none,9.84,5.1,5,True,False,none
ORD004764,2025-04-02,Weighted Tee,3,162.0,Australia,3PL_International,Passport_Global,none,19.38,2.4,9,False,False,none
ORD004765,2025-03-22,Cloud Sweatpants,1,78.0,United States,3PL_West,Carrier_B,none,5.91,3.9,5,False,False,none
ORD004766,2025-02-24,Zip Hoodie,1,96.0,United States,3PL_East,Carrier_C,none,5.07,4.1,5,False,False,none
ORD004767,2025-05-03,Signature Hoodie,3,226.95,Australia,3PL_International,Passport_Global,email_drop,20.24,3.3,9,False,False,none
ORD004768,2025-04-15,Signature Hoodie,3,267.0,United States,3PL_Central,Carrier_A,none,7.78,4.0,5,False,False,none
ORD004769,2025-02-13,Cloud Sweatpants,1,78.0,United States,3PL_Central,Carrier_B,none,4.4,4.6,5,False,False,none
ORD004770,2025-05-13,Signature Hoodie,1,80.1,United States,3PL_East,Carrier_C,influencer_drop,6.84,2.8,5,False,False,none
ORD004771,2025-04-30,Zip Hoodie,4,384.0,United States,3PL_East,Carrier_C,none,8.14,4.1,5,False,False,none
ORD004772,2025-03-16,Signature Hoodie,4,284.8,Australia,3PL_International,Passport_Global,email_drop,22.77,5.3,9,False,False,none
ORD004773,2025-01-01,Signature Hoodie,3,226.95,United States,3PL_West,Carrier_D,holiday_sale,9.94,3.4,5,False,False,none
ORD004774,2025-03-24,Cloud Sweatpants,2,156.0,United Kingdom,3PL_International,Passport_Global,none,19.17,5.9,9,False,False,none
ORD004775,2025-01-02,Signature Hoodie,2,178.0,United States,3PL_East,Carrier_A,none,5.36,4.4,5,False,False,none
ORD004776,2025-01-16,Cloud Sweatpants,2,140.4,United States,3PL_Central,Carrier_A,product_launch,6.82,5.0,5,False,False,none
ORD004777,2025-03-21,Cloud Sweatpants,2,156.0,United Kingdom,3PL_International,Passport_Global,none,18.89,4.7,9,False,False,none
ORD004778,2025-01-17,Signature Hoodie,1,80.1,Australia,3PL_International,Passport_Global,product_launch,17.62,4.4,9,False,False,none
ORD004779,2025-02-25,Signature Hoodie,1,89.0,United Kingdom,3PL_International,Passport_Global,none,16.76,5.3,9,False,False,none
ORD004780,2025-05-02,Signature Hoodie,1,89.0,United States,3PL_East,Carrier_D,none,7.9,3.8,5,False,False,none
ORD004781,2025-03-03,Cloud Sweatpants,1,78.0,United States,3PL_East,Carrier_B,none,6.14,4.3,5,False,False,none
ORD004782,2025-06-30,Signature Hoodie,1,89.0,United States,3PL_East,Carrier_A,none,4.03,4.4,5,False,False,none
ORD004783,2025-06-18,Zip Hoodie,2,153.6,United States,3PL_Central,Carrier_A,product_launch,6.07,1.8,5,False,False,none
ORD004784,2025-04-18,Zip Hoodie,1,96.0,United Kingdom,3PL_International,Passport_Global,none,17.57,3.9,9,False,False,none
ORD004785,2025-06-26,Signature Hoodie,1,71.2,Germany,3PL_International,Passport_Global,product_launch,18.07,7.5,9,False,False,none
ORD004786,2025-06-11,Signature Hoodie,2,151.3,United States,3PL_West,Carrier_D,email_drop,8.46,1.0,5,False,False,none
ORD004787,2025-03-04,Signature Hoodie,1,75.65,United States,3PL_East,Carrier_A,holiday_sale,5.34,3.0,5,False,False,none
ORD004788,2025-05-21,Signature Hoodie,2,151.3,Australia,3PL_International,Passport_Global,product_launch,19.34,4.9,9,False,False,none
ORD004789,2025-01-28,Signature Hoodie,2,178.0,United States,3PL_West,Carrier_A,none,8.04,3.2,5,False,False,none
ORD004790,2025-05-08,Weighted Tee,1,48.6,United States,3PL_Central,Carrier_C,product_launch,5.16,3.3,5,False,False,none
ORD004791,2025-03-30,Signature Hoodie,1,71.2,United States,3PL_West,Carrier_A,influencer_drop,6.23,2.6,5,False,False,none
ORD004792,2025-01-04,Signature Hoodie,2,178.0,United States,3PL_East,Carrier_A,none,7.95,3.6,5,False,False,none
ORD004793,2025-02-24,Lounge Set,2,255.6,Australia,3PL_International,Passport_Global,email_drop,20.17,4.7,9,False,False,none
ORD004794,2025-06-24,Weighted Tee,1,54.0,United States,3PL_West,Carrier_D,none,7.73,3.7,5,False,False,none
ORD004795,2025-03-04,Cloud Sweatpants,1,78.0,United States,3PL_West,Carrier_A,none,5.92,3.4,5,False,False,none
ORD004796,2025-02-06,Cloud Sweatpants,1,78.0,Canada,3PL_International,Passport_Global,none,18.14,5.0,9,False,False,none
ORD004797,2025-02-07,Signature Hoodie,1,89.0,Canada,3PL_International,Passport_Global,none,19.15,4.9,9,False,False,none
ORD004798,2025-03-29,Lounge Set,3,426.0,Australia,3PL_International,Passport_Global,none,19.79,6.0,9,False,False,none
ORD004799,2025-06-07,Cloud Sweatpants,1,78.0,Canada,3PL_International,Passport_Global,none,17.5,5.6,9,False,False,none
ORD004800,2025-05-23,Cloud Sweatpants,1,62.4,United States,3PL_West,Carrier_D,email_drop,6.67,4.7,5,False,False,none
ORD004801,2025-03-22,Signature Hoodie,2,160.2,Australia,3PL_International,Passport_Global,email_drop,20.9,5.0,9,False,False,none
ORD004802,2025-02-11,Cloud Sweatpants,2,132.6,United States,3PL_East,Carrier_B,holiday_sale,7.78,4.5,5,False,False,none
ORD004803,2025-01-10,Zip Hoodie,1,76.8,United States,3PL_East,Carrier_B,product_launch,4.92,5.6,5,True,False,none
ORD004804,2025-03-26,Signature Hoodie,4,302.6,United States,3PL_East,Carrier_A,holiday_sale,7.89,4.7,5,False,False,none
ORD004805,2025-06-02,Cloud Sweatpants,1,66.3,United States,3PL_East,Carrier_B,email_drop,5.24,3.9,5,False,False,none
ORD004806,2025-05-17,Signature Hoodie,3,267.0,United States,3PL_West,Carrier_B,none,7.76,4.5,5,False,False,none
ORD004807,2025-03-18,Lounge Set,3,383.4,United Kingdom,3PL_International,Passport_Global,product_launch,20.3,4.2,9,False,False,none
ORD004808,2025-04-20,Signature Hoodie,2,178.0,United States,3PL_East,Carrier_B,none,5.32,2.3,5,False,False,none
ORD004809,2025-03-22,Lounge Set,1,142.0,United States,3PL_West,Carrier_B,none,4.81,4.5,5,False,False,none
ORD004810,2025-04-17,Cloud Sweatpants,2,156.0,Germany,3PL_International,Passport_Global,none,19.92,3.2,9,False,False,none
ORD004811,2025-04-04,Cloud Sweatpants,1,78.0,Canada,3PL_International,Passport_Global,none,18.29,4.6,9,False,False,none
ORD004812,2025-05-07,Signature Hoodie,3,226.95,United States,3PL_West,Carrier_C,email_drop,7.14,3.1,5,False,False,none
ORD004813,2025-04-03,Cloud Sweatpants,3,234.0,United States,3PL_East,Carrier_B,none,8.47,6.6,5,True,False,none
ORD004814,2025-06-22,Signature Hoodie,3,226.95,United States,3PL_West,Carrier_B,influencer_drop,8.48,3.6,5,False,False,none
ORD004815,2025-03-21,Signature Hoodie,3,267.0,United States,3PL_East,Carrier_A,none,9.48,1.0,5,False,False,none
ORD004816,2025-01-04,Signature Hoodie,1,89.0,Canada,3PL_International,Passport_Global,none,17.63,4.7,9,False,False,none
ORD004817,2025-02-17,Signature Hoodie,1,89.0,United Kingdom,3PL_International,Passport_Global,none,17.26,5.9,9,False,False,none
ORD004818,2025-04-01,Lounge Set,2,284.0,United States,3PL_Central,Carrier_A,none,6.43,3.6,5,False,False,none
ORD004819,2025-04-09,Signature Hoodie,2,142.4,United States,3PL_East,Carrier_B,influencer_drop,7.29,3.8,5,False,False,none
ORD004820,2025-04-11,Lounge Set,4,568.0,United States,3PL_West,Carrier_D,none,9.65,3.0,5,False,False,none
ORD004821,2025-05-14,Lounge Set,2,284.0,United States,3PL_West,Carrier_A,none,6.55,3.8,5,False,False,none
ORD004822,2025-02-25,Zip Hoodie,3,288.0,United States,3PL_East,Carrier_B,none,7.73,1.9,5,False,False,none
ORD004823,2025-05-04,Signature Hoodie,1,71.2,United States,3PL_East,Carrier_A,influencer_drop,6.46,3.2,5,False,False,none
ORD004824,2025-05-12,Cloud Sweatpants,1,70.2,United States,3PL_East,Carrier_A,product_launch,4.97,4.1,5,False,False,none
ORD004825,2025-03-18,Lounge Set,1,127.8,United States,3PL_East,Carrier_B,email_drop,5.28,5.1,5,True,True,fit_issue
ORD004826,2025-03-17,Signature Hoodie,2,178.0,United States,3PL_Central,Carrier_A,none,6.97,6.7,5,True,False,none
ORD004827,2025-02-05,Signature Hoodie,1,80.1,United States,3PL_East,Carrier_C,holiday_sale,4.91,5.2,5,True,False,none
ORD004828,2025-03-19,Signature Hoodie,2,178.0,United States,3PL_West,Carrier_A,none,5.91,4.6,5,False,False,none
ORD004829,2025-05-29,Cloud Sweatpants,1,78.0,United States,3PL_East,Carrier_B,none,6.9,1.0,5,False,False,none
ORD004830,2025-06-17,Signature Hoodie,1,89.0,United States,3PL_West,Carrier_A,none,5.85,3.6,5,False,False,none
ORD004831,2025-04-20,Signature Hoodie,2,178.0,United States,3PL_East,Carrier_A,none,7.52,5.4,5,True,False,none
ORD004832,2025-03-01,Zip Hoodie,2,192.0,United Kingdom,3PL_International,Passport_Global,none,19.53,4.4,9,False,False,none
ORD004833,2025-05-08,Cloud Sweatpants,1,78.0,United States,3PL_East,Carrier_B,none,5.31,3.3,5,False,False,none
ORD004834,2025-05-19,Signature Hoodie,2,178.0,Canada,3PL_International,Passport_Global,none,18.47,6.5,9,False,False,none
ORD004835,2025-03-06,Weighted Tee,4,216.0,United States,3PL_West,Carrier_A,none,8.4,5.4,5,True,False,none
ORD004836,2025-06-04,Signature Hoodie,1,89.0,United States,3PL_East,Carrier_A,none,4.81,4.4,5,False,False,none
ORD004837,2025-01-15,Signature Hoodie,3,267.0,United States,3PL_West,Carrier_C,none,7.12,3.6,5,False,False,none
ORD004838,2025-01-03,Signature Hoodie,1,75.65,United States,3PL_West,Carrier_C,holiday_sale,4.78,4.5,5,False,False,none
ORD004839,2025-01-25,Signature Hoodie,1,71.2,United States,3PL_West,Carrier_A,email_drop,6.02,5.8,5,True,False,none
ORD004840,2025-02-01,Cloud Sweatpants,3,234.0,United States,3PL_Central,Carrier_A,none,6.93,6.1,5,True,False,none
ORD004841,2025-06-12,Signature Hoodie,1,89.0,United States,3PL_East,Carrier_A,none,6.51,3.2,5,False,False,none
ORD004842,2025-03-21,Lounge Set,4,568.0,United Kingdom,3PL_International,Passport_Global,none,21.85,2.9,9,False,True,fit_issue
ORD004843,2025-02-25,Lounge Set,2,284.0,United States,3PL_Central,Carrier_A,none,7.09,3.1,5,False,False,none
ORD004844,2025-03-21,Signature Hoodie,3,267.0,United States,3PL_West,Carrier_A,none,7.89,4.5,5,False,False,none
ORD004845,2025-03-16,Lounge Set,3,426.0,United States,3PL_West,Carrier_B,none,8.03,5.3,5,True,False,none
ORD004846,2025-03-02,Cloud Sweatpants,4,265.2,United States,3PL_East,Carrier_C,holiday_sale,8.51,4.2,5,False,False,none
ORD004847,2025-01-28,Lounge Set,2,255.6,United States,3PL_East,Carrier_B,influencer_drop,5.88,3.6,5,False,False,none
ORD004848,2025-05-02,Signature Hoodie,4,302.6,United States,3PL_West,Carrier_C,influencer_drop,8.49,4.7,5,False,False,none
ORD004849,2025-01-28,Zip Hoodie,1,96.0,United States,3PL_Central,Carrier_A,none,4.35,3.5,5,False,False,none
ORD004850,2025-05-26,Signature Hoodie,2,142.4,United States,3PL_East,Carrier_A,email_drop,6.92,3.2,5,False,False,none
ORD004851,2025-02-10,Signature Hoodie,1,75.65,United States,3PL_West,Carrier_B,email_drop,4.6,3.1,5,False,False,none
ORD004852,2025-05-17,Lounge Set,1,120.7,Australia,3PL_International,Passport_Global,holiday_sale,18.32,5.2,9,False,False,none
ORD004853,2025-06-01,Signature Hoodie,4,302.6,United States,3PL_East,Carrier_A,email_drop,9.39,4.7,5,False,False,none
ORD004854,2025-01-26,Cloud Sweatpants,3,210.6,United States,3PL_East,Carrier_A,email_drop,7.91,5.7,5,True,False,none
ORD004855,2025-01-18,Signature Hoodie,3,213.6,United States,3PL_Central,Carrier_A,influencer_drop,7.29,2.9,5,False,False,none
ORD004856,2025-06-23,Lounge Set,2,284.0,United States,3PL_East,Carrier_D,none,7.67,2.7,5,False,False,none
ORD004857,2025-03-26,Cloud Sweatpants,2,156.0,United States,3PL_East,Carrier_A,none,5.97,6.5,5,True,False,none
ORD004858,2025-04-27,Signature Hoodie,1,89.0,United States,3PL_East,Carrier_D,none,6.46,2.1,5,False,False,none
ORD004859,2025-01-05,Zip Hoodie,2,192.0,United States,3PL_West,Carrier_D,none,8.34,1.4,5,False,False,none
ORD004860,2025-02-25,Signature Hoodie,4,356.0,United States,3PL_West,Carrier_B,none,8.76,2.8,5,False,False,none
ORD004861,2025-04-02,Signature Hoodie,1,89.0,Canada,3PL_International,Passport_Global,none,19.33,5.2,9,False,False,none
ORD004862,2025-06-13,Zip Hoodie,1,96.0,United States,3PL_East,Carrier_A,none,6.89,4.8,5,False,False,none
ORD004863,2025-02-24,Weighted Tee,1,54.0,United States,3PL_East,Carrier_A,none,6.62,3.4,5,False,False,none
ORD004864,2025-05-26,Zip Hoodie,4,307.2,United States,3PL_East,Carrier_B,product_launch,8.69,3.7,5,False,False,none
ORD004865,2025-05-03,Signature Hoodie,2,178.0,United States,3PL_Central,Carrier_C,none,5.42,2.6,5,False,False,none
ORD004866,2025-01-24,Signature Hoodie,2,178.0,Germany,3PL_International,Passport_Global,none,19.1,2.3,9,False,False,none
ORD004867,2025-02-28,Lounge Set,1,142.0,United States,3PL_East,Carrier_B,none,5.2,5.9,5,True,False,none
ORD004868,2025-02-17,Signature Hoodie,1,89.0,United States,3PL_West,Carrier_A,none,5.43,4.7,5,False,False,none
ORD004869,2025-03-23,Zip Hoodie,3,244.8,United States,3PL_East,Carrier_A,email_drop,8.05,3.4,5,False,False,none
ORD004870,2025-04-28,Cloud Sweatpants,4,280.8,United States,3PL_East,Carrier_B,email_drop,9.41,4.2,5,False,False,none
ORD004871,2025-03-22,Lounge Set,1,142.0,United States,3PL_West,Carrier_C,none,3.98,4.8,5,False,False,none
ORD004872,2025-02-19,Signature Hoodie,3,267.0,United States,3PL_West,Carrier_B,none,8.74,4.0,5,False,False,none
ORD004873,2025-05-10,Weighted Tee,2,108.0,United States,3PL_East,Carrier_D,none,9.12,2.3,5,False,False,none
ORD004874,2025-04-18,Cloud Sweatpants,2,140.4,United States,3PL_East,Carrier_A,email_drop,6.09,3.9,5,False,False,none
ORD004875,2025-04-05,Zip Hoodie,1,76.8,United States,3PL_East,Carrier_B,product_launch,6.11,4.5,5,False,False,none
ORD004876,2025-04-12,Signature Hoodie,2,142.4,United States,3PL_East,Carrier_A,holiday_sale,6.35,3.8,5,False,False,none
ORD004877,2025-02-14,Cloud Sweatpants,1,78.0,Canada,3PL_International,Passport_Global,none,17.83,3.9,9,False,False,none
ORD004878,2025-05-07,Signature Hoodie,1,80.1,United States,3PL_West,Carrier_C,email_drop,5.28,4.1,5,False,False,none
ORD004879,2025-03-15,Signature Hoodie,1,80.1,United States,3PL_East,Carrier_B,influencer_drop,4.82,5.0,5,False,False,none
ORD004880,2025-03-11,Cloud Sweatpants,1,66.3,United States,3PL_West,Carrier_B,holiday_sale,4.4,5.8,5,True,False,none
ORD004881,2025-01-31,Signature Hoodie,4,356.0,United States,3PL_Central,Carrier_A,none,11.04,1.8,5,False,False,none
ORD004882,2025-04-20,Weighted Tee,1,54.0,United States,3PL_East,Carrier_D,none,7.7,5.9,5,True,False,none
ORD004883,2025-04-21,Lounge Set,4,568.0,United Kingdom,3PL_International,Passport_Global,none,21.36,3.2,9,False,False,none
ORD004884,2025-03-08,Zip Hoodie,1,96.0,Canada,3PL_International,Passport_Global,none,19.25,5.3,9,False,False,none
ORD004885,2025-06-09,Cloud Sweatpants,4,265.2,United States,3PL_West,Carrier_A,email_drop,7.5,4.7,5,False,False,none
ORD004886,2025-06-07,Signature Hoodie,1,89.0,Canada,3PL_International,Passport_Global,none,17.6,5.1,9,False,True,changed_mind
ORD004887,2025-01-22,Signature Hoodie,4,356.0,United States,3PL_Central,Carrier_B,none,8.36,5.1,5,True,False,none
ORD004888,2025-05-10,Signature Hoodie,2,151.3,United States,3PL_West,Carrier_B,holiday_sale,6.16,3.3,5,False,False,none
ORD004889,2025-03-16,Cloud Sweatpants,2,156.0,Australia,3PL_International,Passport_Global,none,18.97,3.7,9,False,False,none
ORD004890,2025-06-30,Lounge Set,1,127.8,United States,3PL_West,Carrier_A,product_launch,5.05,4.0,5,False,False,none
ORD004891,2025-02-15,Signature Hoodie,2,142.4,United States,3PL_West,Carrier_B,influencer_drop,5.13,4.6,5,False,False,none
ORD004892,2025-02-26,Signature Hoodie,2,151.3,Canada,3PL_International,Passport_Global,holiday_sale,18.14,5.1,9,False,False,none
ORD004893,2025-03-23,Signature Hoodie,4,320.4,United States,3PL_West,Carrier_A,influencer_drop,8.11,4.6,5,False,False,none
ORD004894,2025-02-23,Cloud Sweatpants,1,78.0,United States,3PL_East,Carrier_C,none,5.04,3.1,5,False,False,none
ORD004895,2025-05-09,Signature Hoodie,1,89.0,Australia,3PL_International,Passport_Global,none,17.04,4.9,9,False,False,none
ORD004896,2025-03-29,Cloud Sweatpants,1,66.3,Canada,3PL_International,Passport_Global,holiday_sale,17.66,4.7,9,False,False,none
ORD004897,2025-02-14,Signature Hoodie,1,89.0,United States,3PL_East,Carrier_D,none,7.08,2.2,5,False,False,none
ORD004898,2025-04-02,Signature Hoodie,4,356.0,United States,3PL_West,Carrier_D,none,8.93,3.5,5,False,False,none
ORD004899,2025-06-14,Zip Hoodie,1,96.0,United Kingdom,3PL_International,Passport_Global,none,16.94,4.2,9,False,False,none
ORD004900,2025-05-30,Weighted Tee,4,216.0,United States,3PL_Central,Carrier_C,none,9.02,3.6,5,False,False,none
ORD004901,2025-04-01,Signature Hoodie,1,89.0,Australia,3PL_International,Passport_Global,none,17.71,5.4,9,False,False,none
ORD004902,2025-02-28,Signature Hoodie,3,267.0,United States,3PL_East,Carrier_A,none,6.29,1.9,5,False,False,none
ORD004903,2025-02-06,Signature Hoodie,1,89.0,United States,3PL_West,Carrier_A,none,6.04,3.4,5,False,False,none
ORD004904,2025-06-12,Lounge Set,1,127.8,United States,3PL_West,Carrier_B,email_drop,5.89,5.7,5,True,False,none
ORD004905,2025-05-13,Cloud Sweatpants,2,156.0,United States,3PL_East,Carrier_A,none,8.41,1.6,5,False,False,none
ORD004906,2025-04-15,Cloud Sweatpants,3,234.0,United States,3PL_West,Carrier_D,none,10.91,2.7,5,False,False,none
ORD004907,2025-06-12,Cloud Sweatpants,3,234.0,United States,3PL_West,Carrier_D,none,8.82,4.1,5,False,False,none
ORD004908,2025-01-25,Weighted Tee,1,54.0,United Kingdom,3PL_International,Passport_Global,none,17.7,3.5,9,False,False,none
ORD004909,2025-05-08,Signature Hoodie,2,178.0,United States,3PL_East,Carrier_B,none,6.58,3.3,5,False,True,changed_mind
ORD004910,2025-02-13,Signature Hoodie,2,178.0,United States,3PL_East,Carrier_D,none,9.37,5.5,5,True,False,none
ORD004911,2025-01-25,Cloud Sweatpants,2,124.8,United States,3PL_West,Carrier_C,influencer_drop,6.32,3.0,5,False,False,none
ORD004912,2025-03-27,Cloud Sweatpants,4,312.0,United States,3PL_East,Carrier_A,none,9.93,2.3,5,False,False,none
ORD004913,2025-03-15,Signature Hoodie,1,80.1,United States,3PL_West,Carrier_D,email_drop,7.43,2.5,5,False,False,none
ORD004914,2025-06-22,Lounge Set,1,142.0,United Kingdom,3PL_International,Passport_Global,none,17.16,3.9,9,False,False,none
ORD004915,2025-03-05,Zip Hoodie,2,192.0,United States,3PL_East,Carrier_A,none,5.61,3.1,5,False,False,none
ORD004916,2025-06-02,Weighted Tee,4,216.0,United States,3PL_West,Carrier_A,none,9.66,5.0,5,False,False,none
ORD004917,2025-05-21,Weighted Tee,4,194.4,United States,3PL_East,Carrier_C,holiday_sale,9.62,4.7,5,False,False,none
ORD004918,2025-05-04,Cloud Sweatpants,2,156.0,United States,3PL_East,Carrier_A,none,7.43,3.9,5,False,False,none
ORD004919,2025-06-19,Lounge Set,1,142.0,United States,3PL_East,Carrier_C,none,3.33,4.1,5,False,False,none
ORD004920,2025-03-18,Zip Hoodie,1,96.0,United States,3PL_West,Carrier_C,none,5.3,3.5,5,False,False,none
ORD004921,2025-03-15,Signature Hoodie,1,89.0,United States,3PL_West,Carrier_A,none,6.4,1.5,5,False,False,none
ORD004922,2025-02-02,Zip Hoodie,1,86.4,Canada,3PL_International,Passport_Global,influencer_drop,16.66,5.9,9,False,False,none
ORD004923,2025-02-25,Weighted Tee,3,145.8,United States,3PL_East,Carrier_B,product_launch,8.15,4.2,5,False,False,none
ORD004924,2025-06-12,Zip Hoodie,3,288.0,United States,3PL_East,Carrier_A,none,7.26,4.8,5,False,False,none
ORD004925,2025-03-28,Zip Hoodie,1,96.0,United States,3PL_East,Carrier_B,none,4.65,3.7,5,False,False,none
ORD004926,2025-03-08,Signature Hoodie,2,178.0,United States,3PL_East,Carrier_D,none,7.77,4.5,5,False,False,none
ORD004927,2025-02-13,Lounge Set,1,113.6,Australia,3PL_International,Passport_Global,product_launch,19.06,3.2,9,False,False,none
ORD004928,2025-03-29,Cloud Sweatpants,1,78.0,United States,3PL_West,Carrier_B,none,6.12,3.4,5,False,False,none
ORD004929,2025-05-14,Zip Hoodie,1,96.0,United States,3PL_Central,Carrier_C,none,5.31,3.5,5,False,False,none
ORD004930,2025-02-27,Zip Hoodie,1,86.4,United States,3PL_East,Carrier_D,product_launch,8.96,6.2,5,True,False,none
ORD004931,2025-05-23,Cloud Sweatpants,3,198.9,United States,3PL_West,Carrier_D,product_launch,8.07,5.5,5,True,False,none
ORD004932,2025-04-27,Signature Hoodie,4,356.0,United States,3PL_East,Carrier_A,none,8.34,3.7,5,False,False,none
ORD004933,2025-05-29,Zip Hoodie,1,96.0,United States,3PL_East,Carrier_A,none,6.68,4.4,5,False,False,none
ORD004934,2025-02-20,Signature Hoodie,1,80.1,United States,3PL_East,Carrier_B,email_drop,5.26,2.2,5,False,False,none
ORD004935,2025-04-27,Signature Hoodie,2,160.2,United Kingdom,3PL_International,Passport_Global,influencer_drop,18.78,4.7,9,False,False,none
ORD004936,2025-01-31,Signature Hoodie,4,356.0,United States,3PL_West,Carrier_B,none,8.75,3.6,5,False,False,none
ORD004937,2025-03-11,Zip Hoodie,1,96.0,United States,3PL_East,Carrier_C,none,5.03,4.8,5,False,False,none
ORD004938,2025-05-16,Signature Hoodie,2,178.0,United States,3PL_Central,Carrier_D,none,9.09,4.2,5,False,False,none
ORD004939,2025-04-27,Signature Hoodie,1,89.0,United States,3PL_West,Carrier_A,none,4.74,5.0,5,False,False,none
ORD004940,2025-02-07,Lounge Set,1,142.0,United States,3PL_West,Carrier_C,none,7.55,3.7,5,False,True,late_delivery
ORD004941,2025-06-09,Cloud Sweatpants,2,124.8,United States,3PL_East,Carrier_B,influencer_drop,5.42,3.5,5,False,False,none
ORD004942,2025-01-11,Lounge Set,1,142.0,United Kingdom,3PL_International,Passport_Global,none,19.15,5.8,9,False,False,none
ORD004943,2025-04-20,Cloud Sweatpants,1,78.0,United States,3PL_West,Carrier_A,none,6.06,3.8,5,False,False,none
ORD004944,2025-06-28,Signature Hoodie,3,213.6,United States,3PL_West,Carrier_A,influencer_drop,7.15,3.9,5,False,False,none
ORD004945,2025-04-07,Zip Hoodie,2,192.0,United States,3PL_West,Carrier_C,none,6.76,2.5,5,False,False,none
ORD004946,2025-05-31,Signature Hoodie,2,178.0,United States,3PL_East,Carrier_B,none,7.23,2.5,5,False,False,none
ORD004947,2025-04-20,Weighted Tee,1,45.9,United States,3PL_West,Carrier_C,product_launch,5.9,3.3,5,False,False,none
ORD004948,2025-05-28,Signature Hoodie,1,89.0,United States,3PL_West,Carrier_A,none,3.88,3.2,5,False,False,none
ORD004949,2025-05-02,Lounge Set,2,227.2,United Kingdom,3PL_International,Passport_Global,holiday_sale,19.26,5.0,9,False,True,quality_issue
ORD004950,2025-05-09,Cloud Sweatpants,1,78.0,United States,3PL_Central,Carrier_A,none,4.29,3.7,5,False,False,none
ORD004951,2025-02-15,Lounge Set,1,142.0,Germany,3PL_International,Passport_Global,none,18.64,4.7,9,False,False,none
ORD004952,2025-05-19,Signature Hoodie,4,302.6,Australia,3PL_International,Passport_Global,email_drop,22.11,5.1,9,False,False,none
ORD004953,2025-02-17,Zip Hoodie,2,192.0,United States,3PL_East,Carrier_B,none,5.45,1.0,5,False,False,none
ORD004954,2025-06-28,Signature Hoodie,2,178.0,United States,3PL_West,Carrier_A,none,4.97,3.8,5,False,False,none
ORD004955,2025-02-15,Lounge Set,1,142.0,United States,3PL_West,Carrier_A,none,5.16,3.4,5,False,False,none
ORD004956,2025-02-17,Signature Hoodie,2,178.0,United States,3PL_Central,Carrier_A,none,6.36,1.0,5,False,False,none
ORD004957,2025-06-09,Cloud Sweatpants,1,78.0,United States,3PL_West,Carrier_A,none,5.41,4.5,5,False,False,none
ORD004958,2025-02-18,Zip Hoodie,1,86.4,United States,3PL_East,Carrier_D,influencer_drop,7.54,4.4,5,False,False,none
ORD004959,2025-03-11,Cloud Sweatpants,3,234.0,United States,3PL_East,Carrier_A,none,7.58,4.4,5,False,False,none
ORD004960,2025-05-14,Lounge Set,2,284.0,United Kingdom,3PL_International,Passport_Global,none,19.03,5.0,9,False,False,none
ORD004961,2025-02-01,Zip Hoodie,2,192.0,Canada,3PL_International,Passport_Global,none,18.28,4.1,9,False,False,none
ORD004962,2025-02-01,Signature Hoodie,3,267.0,Australia,3PL_International,Passport_Global,none,19.28,3.4,9,False,False,none
ORD004963,2025-03-30,Lounge Set,4,568.0,United States,3PL_West,Carrier_B,none,9.33,3.1,5,False,False,none
ORD004964,2025-02-18,Cloud Sweatpants,1,78.0,Canada,3PL_International,Passport_Global,none,18.22,4.2,9,False,False,none
ORD004965,2025-02-17,Cloud Sweatpants,2,132.6,United States,3PL_West,Carrier_B,email_drop,6.26,5.9,5,True,False,none
ORD004966,2025-01-03,Signature Hoodie,4,356.0,United States,3PL_West,Carrier_A,none,8.01,4.0,5,False,False,none
ORD004967,2025-03-12,Cloud Sweatpants,1,78.0,United Kingdom,3PL_International,Passport_Global,none,19.04,4.9,9,False,False,none
ORD004968,2025-03-04,Lounge Set,4,511.2,Canada,3PL_International,Passport_Global,email_drop,22.62,4.3,9,False,False,none
ORD004969,2025-01-07,Weighted Tee,2,108.0,United States,3PL_West,Carrier_C,none,7.46,3.0,5,False,False,none
ORD004970,2025-04-25,Weighted Tee,1,54.0,United States,3PL_Central,Carrier_A,none,5.91,1.7,5,False,False,none
ORD004971,2025-04-26,Zip Hoodie,3,244.8,United States,3PL_East,Carrier_C,email_drop,6.83,3.2,5,False,False,none
ORD004972,2025-01-15,Signature Hoodie,4,284.8,United States,3PL_Central,Carrier_B,email_drop,9.87,3.4,5,False,False,none
ORD004973,2025-03-04,Cloud Sweatpants,1,78.0,United States,3PL_West,Carrier_B,none,5.86,5.5,5,True,True,fit_issue
ORD004974,2025-06-11,Signature Hoodie,2,178.0,United States,3PL_West,Carrier_A,none,5.73,4.2,5,False,False,none
ORD004975,2025-04-18,Zip Hoodie,4,384.0,Canada,3PL_International,Passport_Global,none,21.81,4.1,9,False,False,none
ORD004976,2025-03-18,Signature Hoodie,2,178.0,United States,3PL_East,Carrier_A,none,6.14,4.2,5,False,False,none
ORD004977,2025-03-27,Weighted Tee,2,108.0,United States,3PL_West,Carrier_A,none,7.21,3.4,5,False,False,none
ORD004978,2025-02-11,Signature Hoodie,1,71.2,United States,3PL_East,Carrier_A,email_drop,6.32,4.7,5,False,False,none
ORD004979,2025-06-02,Signature Hoodie,2,160.2,United States,3PL_East,Carrier_C,influencer_drop,6.97,4.8,5,False,False,none
ORD004980,2025-06-18,Lounge Set,4,454.4,United States,3PL_East,Carrier_D,product_launch,9.98,4.4,5,False,False,none
ORD004981,2025-06-17,Signature Hoodie,3,267.0,United States,3PL_East,Carrier_A,none,8.19,2.2,5,False,True,fit_issue
ORD004982,2025-02-15,Signature Hoodie,2,178.0,United States,3PL_Central,Carrier_A,none,7.0,2.7,5,False,False,none
ORD004983,2025-03-03,Cloud Sweatpants,1,78.0,United States,3PL_West,Carrier_D,none,6.64,3.4,5,False,False,none
ORD004984,2025-02-02,Weighted Tee,3,162.0,United States,3PL_East,Carrier_C,none,7.43,2.5,5,False,False,none
ORD004985,2025-03-02,Signature Hoodie,4,356.0,United Kingdom,3PL_International,Passport_Global,none,22.77,3.7,9,False,False,none
ORD004986,2025-03-07,Cloud Sweatpants,1,66.3,United States,3PL_East,Carrier_C,holiday_sale,6.73,2.6,5,False,False,none
ORD004987,2025-04-27,Signature Hoodie,3,267.0,United States,3PL_Central,Carrier_C,none,7.26,4.3,5,False,False,none
ORD004988,2025-02-08,Cloud Sweatpants,1,78.0,United States,3PL_Central,Carrier_B,none,3.78,2.9,5,False,False,none
ORD004989,2025-06-18,Signature Hoodie,3,267.0,United States,3PL_West,Carrier_A,none,8.89,3.0,5,False,False,none
ORD004990,2025-01-21,Cloud Sweatpants,4,265.2,United States,3PL_West,Carrier_B,product_launch,10.55,3.3,5,False,False,none
ORD004991,2025-01-02,Cloud Sweatpants,2,156.0,United Kingdom,3PL_International,Passport_Global,none,20.21,2.9,9,False,True,changed_mind
ORD004992,2025-06-08,Weighted Tee,2,86.4,United States,3PL_East,Carrier_B,influencer_drop,6.27,3.7,5,False,False,none
ORD004993,2025-05-12,Zip Hoodie,1,76.8,United States,3PL_East,Carrier_B,influencer_drop,5.94,2.8,5,False,False,none
ORD004994,2025-03-10,Zip Hoodie,1,96.0,United States,3PL_East,Carrier_A,none,4.66,4.5,5,False,False,none
ORD004995,2025-04-20,Cloud Sweatpants,1,78.0,Canada,3PL_International,Passport_Global,none,18.66,5.0,9,False,False,none
ORD004996,2025-02-14,Signature Hoodie,3,267.0,United States,3PL_East,Carrier_B,none,7.23,4.3,5,False,False,none
ORD004997,2025-02-03,Signature Hoodie,2,178.0,United States,3PL_Central,Carrier_C,none,6.04,3.4,5,False,False,none
ORD004998,2025-03-28,Cloud Sweatpants,1,78.0,United States,3PL_East,Carrier_A,none,5.33,4.8,5,False,False,none
ORD004999,2025-03-09,Signature Hoodie,2,178.0,United States,3PL_West,Carrier_B,none,6.1,3.6,5,False,False,none
ORD005000,2025-04-24,Signature Hoodie,4,320.4,United States,3PL_East,Carrier_B,email_drop,9.44,4.4,5,False,False,none
ORD005001,2025-02-13,Signature Hoodie,2,151.3,Australia,3PL_International,Passport_Global,influencer_drop,18.27,6.6,9,False,False,none
ORD005002,2025-05-04,Signature Hoodie,4,356.0,Canada,3PL_International,Passport_Global,none,23.32,3.3,9,False,False,none
ORD005003,2025-05-24,Signature Hoodie,1,89.0,United States,3PL_Central,Carrier_B,none,5.84,4.0,5,False,False,none
ORD005004,2025-02-03,Cloud Sweatpants,1,78.0,United States,3PL_West,Carrier_C,none,5.12,2.2,5,False,False,none
ORD005005,2025-01-09,Lounge Set,2,284.0,United Kingdom,3PL_International,Passport_Global,none,18.17,4.4,9,False,False,none
ORD005006,2025-03-23,Signature Hoodie,2,151.3,United States,3PL_Central,Carrier_C,email_drop,6.3,3.4,5,False,False,none
ORD005007,2025-05-26,Lounge Set,2,284.0,United States,3PL_East,Carrier_A,none,6.38,4.3,5,False,False,none
ORD005008,2025-05-01,Signature Hoodie,4,320.4,United States,3PL_West,Carrier_B,influencer_drop,8.63,4.9,5,False,False,none
ORD005009,2025-05-11,Weighted Tee,1,54.0,United States,3PL_East,Carrier_B,none,5.0,4.7,5,False,False,none
ORD005010,2025-03-17,Cloud Sweatpants,4,265.2,United States,3PL_East,Carrier_A,influencer_drop,8.19,2.5,5,False,False,none
ORD005011,2025-02-17,Cloud Sweatpants,1,78.0,United States,3PL_Central,Carrier_A,none,6.13,4.6,5,False,False,none
ORD005012,2025-04-07,Zip Hoodie,2,192.0,United States,3PL_West,Carrier_A,none,7.68,6.8,5,True,False,none
ORD005013,2025-02-10,Cloud Sweatpants,3,210.6,United States,3PL_West,Carrier_B,influencer_drop,7.01,3.8,5,False,False,none
ORD005014,2025-05-16,Cloud Sweatpants,2,156.0,United States,3PL_East,Carrier_B,none,6.51,3.2,5,False,False,none
ORD005015,2025-02-09,Signature Hoodie,1,89.0,United States,3PL_West,Carrier_D,none,5.76,3.7,5,False,False,none
ORD005016,2025-02-28,Weighted Tee,2,86.4,United States,3PL_Central,Carrier_A,holiday_sale,6.11,3.7,5,False,False,none
ORD005017,2025-04-02,Lounge Set,4,568.0,United States,3PL_Central,Carrier_D,none,12.23,3.6,5,False,False,none
ORD005018,2025-03-30,Cloud Sweatpants,1,78.0,Germany,3PL_International,Passport_Global,none,18.76,5.3,9,False,False,none
ORD005019,2025-04-21,Lounge Set,4,568.0,Canada,3PL_International,Passport_Global,none,21.75,7.7,9,False,False,none
ORD005020,2025-03-22,Signature Hoodie,2,178.0,United States,3PL_East,Carrier_C,none,5.62,2.4,5,False,False,none
ORD005021,2025-06-18,Cloud Sweatpants,1,78.0,United States,3PL_East,Carrier_D,none,6.64,5.5,5,True,False,none
ORD005022,2025-06-06,Cloud Sweatpants,1,70.2,United States,3PL_East,Carrier_A,influencer_drop,4.99,3.7,5,False,False,none
ORD005023,2025-06-12,Signature Hoodie,4,356.0,United States,3PL_West,Carrier_B,none,9.67,4.6,5,False,False,none
ORD005024,2025-04-27,Lounge Set,1,142.0,Canada,3PL_International,Passport_Global,none,18.84,3.6,9,False,False,none
ORD005025,2025-04-28,Lounge Set,4,568.0,United Kingdom,3PL_International,Passport_Global,none,21.26,3.4,9,False,False,none
ORD005026,2025-04-23,Lounge Set,1,142.0,Germany,3PL_International,Passport_Global,none,18.53,4.2,9,False,False,none
ORD005027,2025-03-22,Zip Hoodie,1,81.6,United States,3PL_East,Carrier_B,email_drop,4.82,4.8,5,False,False,none
ORD005028,2025-03-05,Signature Hoodie,3,267.0,United States,3PL_East,Carrier_A,none,7.96,3.5,5,False,False,none
ORD005029,2025-04-19,Zip Hoodie,3,288.0,United States,3PL_West,Carrier_C,none,8.55,2.1,5,False,False,none
ORD005030,2025-01-05,Signature Hoodie,1,89.0,United States,3PL_Central,Carrier_A,none,6.68,2.3,5,False,False,none
ORD005031,2025-01-02,Lounge Set,3,383.4,United States,3PL_West,Carrier_B,influencer_drop,6.78,2.0,5,False,False,none
ORD005032,2025-06-08,Signature Hoodie,1,89.0,Australia,3PL_International,Passport_Global,none,18.97,5.3,9,False,False,none
ORD005033,2025-01-10,Lounge Set,4,568.0,Canada,3PL_International,Passport_Global,none,23.19,5.0,9,False,False,none
ORD005034,2025-04-06,Zip Hoodie,1,86.4,United Kingdom,3PL_International,Passport_Global,holiday_sale,16.68,5.4,9,False,False,none
ORD005035,2025-04-24,Signature Hoodie,2,178.0,United States,3PL_Central,Carrier_B,none,5.3,2.9,5,False,False,none
ORD005036,2025-02-09,Signature Hoodie,1,89.0,United States,3PL_West,Carrier_B,none,6.72,3.6,5,False,False,none
ORD005037,2025-06-15,Cloud Sweatpants,2,124.8,United States,3PL_East,Carrier_D,email_drop,8.07,3.4,5,False,False,none
ORD005038,2025-02-08,Signature Hoodie,4,320.4,United States,3PL_East,Carrier_A,holiday_sale,8.73,6.6,5,True,False,none
ORD005039,2025-06-13,Lounge Set,2,284.0,United States,3PL_East,Carrier_C,none,7.56,3.8,5,False,False,none
ORD005040,2025-05-24,Signature Hoodie,2,160.2,United States,3PL_East,Carrier_B,holiday_sale,5.9,3.3,5,False,False,none
ORD005041,2025-02-18,Cloud Sweatpants,3,234.0,United States,3PL_West,Carrier_B,none,7.98,3.8,5,False,False,none
ORD005042,2025-01-31,Signature Hoodie,1,71.2,United States,3PL_West,Carrier_C,product_launch,4.37,3.9,5,False,False,none
ORD005043,2025-03-04,Signature Hoodie,2,178.0,Australia,3PL_International,Passport_Global,none,19.71,5.6,9,False,False,none
ORD005044,2025-03-16,Signature Hoodie,4,356.0,United States,3PL_East,Carrier_B,none,9.61,2.5,5,False,False,none
ORD005045,2025-02-19,Lounge Set,1,142.0,United States,3PL_East,Carrier_C,none,5.61,4.7,5,False,False,none
ORD005046,2025-06-30,Zip Hoodie,1,81.6,United States,3PL_Central,Carrier_A,influencer_drop,5.48,3.3,5,False,False,none
ORD005047,2025-02-16,Lounge Set,2,255.6,United States,3PL_East,Carrier_C,product_launch,6.61,3.6,5,False,False,none
ORD005048,2025-06-05,Cloud Sweatpants,2,156.0,United States,3PL_East,Carrier_D,none,8.29,4.0,5,False,False,none
ORD005049,2025-02-01,Signature Hoodie,3,267.0,United States,3PL_West,Carrier_C,none,7.71,4.1,5,False,False,none
ORD005050,2025-06-28,Signature Hoodie,3,267.0,United States,3PL_West,Carrier_C,none,8.47,4.8,5,False,False,none
ORD005051,2025-02-15,Cloud Sweatpants,1,78.0,United Kingdom,3PL_International,Passport_Global,none,16.44,4.2,9,False,False,none
ORD005052,2025-03-20,Signature Hoodie,3,226.95,United States,3PL_West,Carrier_A,influencer_drop,9.24,2.0,5,False,False,none
ORD005053,2025-04-13,Signature Hoodie,1,89.0,United States,3PL_West,Carrier_C,none,5.62,4.2,5,False,False,none
ORD005054,2025-01-25,Zip Hoodie,1,81.6,United Kingdom,3PL_International,Passport_Global,product_launch,19.67,5.8,9,False,False,none
ORD005055,2025-06-03,Signature Hoodie,2,160.2,Canada,3PL_International,Passport_Global,product_launch,19.22,5.8,9,False,False,none
ORD005056,2025-02-25,Cloud Sweatpants,2,156.0,Australia,3PL_International,Passport_Global,none,19.03,4.6,9,False,False,none
ORD005057,2025-04-11,Cloud Sweatpants,3,234.0,Canada,3PL_International,Passport_Global,none,20.67,6.1,9,False,False,none
ORD005058,2025-04-11,Zip Hoodie,2,153.6,United States,3PL_West,Carrier_A,product_launch,5.62,3.6,5,False,False,none
ORD005059,2025-04-21,Cloud Sweatpants,1,62.4,United States,3PL_East,Carrier_C,holiday_sale,4.62,6.3,5,True,False,none
ORD005060,2025-01-12,Zip Hoodie,2,153.6,United States,3PL_East,Carrier_A,email_drop,6.46,4.6,5,False,False,none
ORD005061,2025-02-03,Signature Hoodie,2,178.0,United States,3PL_East,Carrier_C,none,6.68,2.3,5,False,True,changed_mind
ORD005062,2025-02-02,Signature Hoodie,1,89.0,United States,3PL_West,Carrier_D,none,8.1,5.5,5,True,False,none
ORD005063,2025-03-02,Signature Hoodie,1,80.1,United States,3PL_Central,Carrier_C,influencer_drop,5.53,3.1,5,False,False,none
ORD005064,2025-01-30,Signature Hoodie,3,267.0,United States,3PL_West,Carrier_B,none,8.93,5.7,5,True,False,none
ORD005065,2025-06-19,Cloud Sweatpants,1,62.4,Canada,3PL_International,Passport_Global,email_drop,15.73,4.2,9,False,False,none
ORD005066,2025-04-04,Zip Hoodie,2,172.8,United States,3PL_West,Carrier_B,email_drop,8.07,3.9,5,False,False,none
ORD005067,2025-04-26,Lounge Set,1,142.0,United States,3PL_West,Carrier_A,none,5.14,4.6,5,False,False,none
ORD005068,2025-03-10,Signature Hoodie,3,267.0,United States,3PL_East,Carrier_C,none,8.32,3.8,5,False,False,none
ORD005069,2025-02-25,Signature Hoodie,1,89.0,United States,3PL_East,Carrier_C,none,6.43,2.8,5,False,False,none
ORD005070,2025-04-02,Signature Hoodie,4,302.6,United States,3PL_East,Carrier_C,holiday_sale,7.87,5.7,5,True,False,none
ORD005071,2025-03-01,Weighted Tee,4,216.0,United States,3PL_East,Carrier_B,none,10.08,5.4,5,True,False,none
ORD005072,2025-03-08,Signature Hoodie,3,267.0,United States,3PL_West,Carrier_A,none,8.37,3.9,5,False,False,none
ORD005073,2025-03-25,Cloud Sweatpants,1,70.2,United States,3PL_East,Carrier_A,product_launch,6.89,3.5,5,False,False,none
ORD005074,2025-04-02,Signature Hoodie,3,226.95,United States,3PL_East,Carrier_B,email_drop,7.83,2.7,5,False,False,none
ORD005075,2025-06-28,Lounge Set,1,142.0,United States,3PL_West,Carrier_C,none,5.47,4.3,5,False,False,none
ORD005076,2025-02-14,Cloud Sweatpants,1,66.3,United States,3PL_East,Carrier_B,influencer_drop,4.88,5.4,5,True,False,none
ORD005077,2025-03-30,Signature Hoodie,1,89.0,United States,3PL_Central,Carrier_A,none,4.91,6.9,5,True,False,none
ORD005078,2025-01-31,Cloud Sweatpants,1,66.3,United States,3PL_Central,Carrier_A,product_launch,5.42,3.9,5,False,False,none
ORD005079,2025-03-09,Zip Hoodie,1,81.6,United States,3PL_East,Carrier_B,holiday_sale,5.94,3.9,5,False,False,none
ORD005080,2025-05-15,Cloud Sweatpants,2,156.0,United States,3PL_East,Carrier_B,none,7.22,2.5,5,False,False,none
ORD005081,2025-02-05,Weighted Tee,4,216.0,United States,3PL_Central,Carrier_C,none,8.11,4.7,5,False,False,none
ORD005082,2025-04-17,Lounge Set,1,142.0,United States,3PL_Central,Carrier_D,none,7.19,2.1,5,False,False,none
ORD005083,2025-03-19,Cloud Sweatpants,1,62.4,United States,3PL_Central,Carrier_B,email_drop,5.65,2.5,5,False,False,none
ORD005084,2025-01-11,Weighted Tee,2,86.4,United States,3PL_East,Carrier_B,email_drop,4.9,3.5,5,False,False,none
ORD005085,2025-06-20,Lounge Set,1,142.0,United Kingdom,3PL_International,Passport_Global,none,18.56,5.4,9,False,False,none
ORD005086,2025-03-19,Signature Hoodie,3,226.95,United States,3PL_East,Carrier_B,product_launch,7.56,5.7,5,True,False,none
ORD005087,2025-05-28,Lounge Set,2,284.0,United States,3PL_East,Carrier_B,none,6.63,2.8,5,False,False,none
ORD005088,2025-03-19,Cloud Sweatpants,2,140.4,United States,3PL_East,Carrier_A,influencer_drop,7.78,5.5,5,True,False,none
ORD005089,2025-06-21,Cloud Sweatpants,1,62.4,United States,3PL_West,Carrier_A,email_drop,4.67,3.9,5,False,False,none
ORD005090,2025-02-28,Cloud Sweatpants,1,78.0,Australia,3PL_International,Passport_Global,none,17.17,4.0,9,False,False,none
ORD005091,2025-03-18,Lounge Set,4,568.0,United States,3PL_West,Carrier_C,none,7.08,1.6,5,False,False,none
ORD005092,2025-05-23,Lounge Set,4,511.2,Canada,3PL_International,Passport_Global,email_drop,21.25,5.7,9,False,False,none
ORD005093,2025-03-08,Signature Hoodie,2,142.4,United States,3PL_Central,Carrier_B,email_drop,7.48,3.7,5,False,False,none
ORD005094,2025-03-11,Zip Hoodie,2,192.0,United States,3PL_East,Carrier_B,none,4.92,5.8,5,True,True,fit_issue
ORD005095,2025-06-30,Zip Hoodie,2,153.6,United States,3PL_Central,Carrier_A,influencer_drop,5.78,4.5,5,False,False,none
ORD005096,2025-04-12,Lounge Set,2,284.0,United States,3PL_West,Carrier_D,none,8.54,5.8,5,True,False,none
ORD005097,2025-05-09,Cloud Sweatpants,2,156.0,United Kingdom,3PL_International,Passport_Global,none,18.63,4.8,9,False,False,none
ORD005098,2025-04-30,Signature Hoodie,2,151.3,United States,3PL_West,Carrier_A,influencer_drop,6.24,4.2,5,False,False,none
ORD005099,2025-06-04,Signature Hoodie,1,89.0,United States,3PL_West,Carrier_B,none,5.58,1.5,5,False,False,none
ORD005100,2025-06-10,Signature Hoodie,1,75.65,United States,3PL_East,Carrier_B,email_drop,6.92,5.5,5,True,False,none
ORD005101,2025-04-13,Signature Hoodie,3,267.0,United States,3PL_East,Carrier_B,none,7.79,4.5,5,False,False,none
ORD005102,2025-03-01,Signature Hoodie,3,267.0,United States,3PL_Central,Carrier_D,none,9.75,3.4,5,False,False,none
ORD005103,2025-01-05,Signature Hoodie,1,89.0,United States,3PL_Central,Carrier_A,none,5.84,3.6,5,False,False,none
ORD005104,2025-04-24,Lounge Set,1,142.0,United States,3PL_West,Carrier_A,none,3.9,4.5,5,False,False,none
ORD005105,2025-06-04,Signature Hoodie,1,89.0,United Kingdom,3PL_International,Passport_Global,none,18.11,3.6,9,False,False,none
ORD005106,2025-03-24,Signature Hoodie,2,160.2,Germany,3PL_International,Passport_Global,email_drop,17.77,5.5,9,False,False,none
ORD005107,2025-02-02,Zip Hoodie,2,192.0,United States,3PL_East,Carrier_C,none,6.63,2.4,5,False,False,none
ORD005108,2025-02-27,Signature Hoodie,1,71.2,United States,3PL_West,Carrier_B,product_launch,6.33,5.6,5,True,False,none
ORD005109,2025-04-03,Zip Hoodie,1,96.0,United States,3PL_East,Carrier_A,none,5.12,4.2,5,False,False,none
ORD005110,2025-06-06,Lounge Set,1,142.0,United States,3PL_East,Carrier_C,none,6.31,5.3,5,True,False,none
ORD005111,2025-02-04,Signature Hoodie,2,151.3,United States,3PL_Central,Carrier_C,holiday_sale,5.22,3.8,5,False,False,none
ORD005112,2025-04-23,Cloud Sweatpants,1,78.0,United Kingdom,3PL_International,Passport_Global,none,18.07,6.1,9,False,False,none
ORD005113,2025-05-22,Signature Hoodie,2,178.0,United States,3PL_East,Carrier_B,none,6.84,4.2,5,False,False,none
ORD005114,2025-06-21,Cloud Sweatpants,1,66.3,United States,3PL_East,Carrier_C,email_drop,3.3,2.3,5,False,False,none
ORD005115,2025-01-24,Cloud Sweatpants,4,280.8,United States,3PL_West,Carrier_A,holiday_sale,9.31,6.4,5,True,False,none
ORD005116,2025-06-20,Signature Hoodie,4,356.0,United States,3PL_East,Carrier_C,none,6.51,3.2,5,False,False,none
ORD005117,2025-04-21,Cloud Sweatpants,1,78.0,Canada,3PL_International,Passport_Global,none,17.99,5.0,9,False,False,none
ORD005118,2025-05-24,Cloud Sweatpants,3,210.6,Canada,3PL_International,Passport_Global,product_launch,20.51,4.1,9,False,False,none
ORD005119,2025-01-11,Signature Hoodie,2,178.0,United States,3PL_East,Carrier_C,none,6.26,4.6,5,False,False,none
ORD005120,2025-04-02,Signature Hoodie,1,80.1,United States,3PL_West,Carrier_C,email_drop,5.58,3.6,5,False,False,none
ORD005121,2025-04-26,Cloud Sweatpants,1,78.0,United Kingdom,3PL_International,Passport_Global,none,19.66,3.8,9,False,False,none
ORD005122,2025-03-02,Signature Hoodie,1,89.0,United States,3PL_West,Carrier_B,none,5.01,5.6,5,True,False,none
ORD005123,2025-03-21,Zip Hoodie,2,163.2,United States,3PL_East,Carrier_C,influencer_drop,5.66,4.1,5,False,False,none
ORD005124,2025-04-12,Lounge Set,3,340.8,United States,3PL_West,Carrier_D,product_launch,11.18,4.5,5,False,False,none
ORD005125,2025-04-11,Zip Hoodie,2,192.0,United States,3PL_West,Carrier_C,none,6.75,5.0,5,False,False,none
ORD005126,2025-01-09,Signature Hoodie,1,89.0,United States,3PL_Central,Carrier_A,none,6.37,1.5,5,False,False,none
ORD005127,2025-03-23,Cloud Sweatpants,1,66.3,United States,3PL_East,Carrier_B,email_drop,4.13,2.4,5,False,False,none
ORD005128,2025-02-13,Zip Hoodie,2,192.0,United States,3PL_West,Carrier_B,none,4.61,5.1,5,True,True,fit_issue
ORD005129,2025-06-18,Zip Hoodie,1,86.4,United States,3PL_Central,Carrier_A,holiday_sale,4.73,5.1,5,True,False,none
ORD005130,2025-06-27,Weighted Tee,1,54.0,United States,3PL_East,Carrier_B,none,5.28,3.3,5,False,True,quality_issue
ORD005131,2025-03-01,Cloud Sweatpants,1,78.0,United States,3PL_East,Carrier_A,none,5.01,3.3,5,False,False,none
ORD005132,2025-02-05,Signature Hoodie,2,142.4,United States,3PL_East,Carrier_B,holiday_sale,6.16,5.1,5,True,False,none
ORD005133,2025-02-14,Signature Hoodie,1,80.1,United States,3PL_Central,Carrier_A,product_launch,3.93,3.9,5,False,False,none
ORD005134,2025-03-28,Weighted Tee,4,216.0,United States,3PL_East,Carrier_B,none,9.05,4.4,5,False,False,none
ORD005135,2025-06-12,Zip Hoodie,2,172.8,United States,3PL_East,Carrier_D,influencer_drop,8.16,3.6,5,False,False,none
ORD005136,2025-04-01,Lounge Set,1,142.0,Canada,3PL_International,Passport_Global,none,16.06,4.8,9,False,False,none
ORD005137,2025-01-12,Zip Hoodie,1,96.0,United States,3PL_East,Carrier_A,none,5.17,3.8,5,False,False,none
ORD005138,2025-01-09,Weighted Tee,4,216.0,United Kingdom,3PL_International,Passport_Global,none,21.16,3.3,9,False,False,none
ORD005139,2025-02-15,Cloud Sweatpants,2,132.6,Australia,3PL_International,Passport_Global,holiday_sale,19.82,5.4,9,False,False,none
ORD005140,2025-06-07,Weighted Tee,4,216.0,United States,3PL_East,Carrier_D,none,10.24,2.6,5,False,False,none
ORD005141,2025-04-25,Lounge Set,3,426.0,United States,3PL_West,Carrier_B,none,8.5,3.8,5,False,False,none
ORD005142,2025-04-13,Lounge Set,4,511.2,United States,3PL_East,Carrier_D,email_drop,11.36,2.2,5,False,True,quality_issue
ORD005143,2025-03-04,Weighted Tee,4,216.0,United States,3PL_West,Carrier_A,none,8.21,3.2,5,False,False,none
ORD005144,2025-06-20,Cloud Sweatpants,3,234.0,United States,3PL_West,Carrier_A,none,8.26,4.4,5,False,False,none
ORD005145,2025-03-06,Zip Hoodie,3,288.0,United States,3PL_East,Carrier_D,none,10.43,3.7,5,False,False,none
ORD005146,2025-06-06,Cloud Sweatpants,3,210.6,United States,3PL_West,Carrier_A,influencer_drop,8.59,3.1,5,False,False,none
ORD005147,2025-06-15,Lounge Set,1,120.7,United States,3PL_Central,Carrier_B,email_drop,5.7,2.3,5,False,True,fit_issue
ORD005148,2025-03-29,Zip Hoodie,2,172.8,United States,3PL_East,Carrier_B,influencer_drop,6.48,4.2,5,False,False,none
ORD005149,2025-06-14,Zip Hoodie,4,384.0,United States,3PL_Central,Carrier_D,none,9.57,3.5,5,False,False,none
ORD005150,2025-02-25,Cloud Sweatpants,4,312.0,United States,3PL_Central,Carrier_B,none,9.81,4.0,5,False,True,quality_issue
ORD005151,2025-05-03,Lounge Set,1,127.8,United States,3PL_East,Carrier_D,influencer_drop,6.04,3.7,5,False,True,changed_mind
ORD005152,2025-01-18,Lounge Set,1,142.0,United States,3PL_West,Carrier_B,none,5.28,4.8,5,False,False,none
ORD005153,2025-03-28,Zip Hoodie,1,96.0,United States,3PL_Central,Carrier_A,none,6.28,4.0,5,False,False,none
ORD005154,2025-02-13,Cloud Sweatpants,3,234.0,United States,3PL_West,Carrier_A,none,6.91,5.1,5,True,False,none
ORD005155,2025-01-13,Lounge Set,1,142.0,United States,3PL_West,Carrier_B,none,5.4,4.0,5,False,False,none
ORD005156,2025-01-01,Lounge Set,2,284.0,United States,3PL_East,Carrier_A,none,5.29,3.8,5,False,False,none
ORD005157,2025-03-05,Cloud Sweatpants,1,70.2,United States,3PL_Central,Carrier_A,product_launch,5.11,4.6,5,False,False,none
ORD005158,2025-04-19,Cloud Sweatpants,1,78.0,Canada,3PL_International,Passport_Global,none,17.01,3.6,9,False,False,none
ORD005159,2025-03-25,Zip Hoodie,3,288.0,United States,3PL_West,Carrier_B,none,7.07,2.6,5,False,False,none
ORD005160,2025-03-02,Zip Hoodie,1,96.0,United States,3PL_Central,Carrier_B,none,5.86,5.0,5,False,False,none
ORD005161,2025-06-29,Signature Hoodie,1,89.0,United States,3PL_East,Carrier_D,none,7.73,3.5,5,False,False,none
ORD005162,2025-06-21,Signature Hoodie,1,89.0,United States,3PL_West,Carrier_A,none,4.95,2.3,5,False,False,none
ORD005163,2025-01-26,Lounge Set,1,113.6,United States,3PL_West,Carrier_D,product_launch,7.42,5.0,5,False,False,none
ORD005164,2025-03-19,Weighted Tee,1,54.0,Canada,3PL_International,Passport_Global,none,17.44,3.8,9,False,False,none
ORD005165,2025-05-01,Cloud Sweatpants,4,249.6,United States,3PL_West,Carrier_C,influencer_drop,8.57,4.7,5,False,False,none
ORD005166,2025-05-18,Lounge Set,1,142.0,United States,3PL_West,Carrier_B,none,4.48,4.0,5,False,False,none
ORD005167,2025-03-12,Cloud Sweatpants,2,156.0,United States,3PL_East,Carrier_A,none,6.14,3.4,5,False,False,none
ORD005168,2025-05-20,Signature Hoodie,1,80.1,United States,3PL_East,Carrier_C,product_launch,3.83,5.8,5,True,False,none
ORD005169,2025-01-25,Zip Hoodie,2,153.6,United States,3PL_East,Carrier_C,email_drop,8.24,3.8,5,False,False,none
ORD005170,2025-03-06,Signature Hoodie,1,75.65,United States,3PL_West,Carrier_C,email_drop,6.37,5.5,5,True,True,late_delivery
ORD005171,2025-05-14,Signature Hoodie,1,75.65,United States,3PL_West,Carrier_D,holiday_sale,9.17,4.8,5,False,False,none
ORD005172,2025-04-26,Weighted Tee,2,86.4,United States,3PL_East,Carrier_A,product_launch,7.46,2.8,5,False,False,none
ORD005173,2025-06-06,Cloud Sweatpants,2,156.0,United States,3PL_East,Carrier_D,none,8.6,2.2,5,False,False,none
ORD005174,2025-01-10,Signature Hoodie,1,89.0,United States,3PL_East,Carrier_D,none,5.46,2.8,5,False,False,none
ORD005175,2025-02-05,Cloud Sweatpants,1,78.0,United States,3PL_Central,Carrier_D,none,8.04,4.4,5,False,False,none
ORD005176,2025-01-10,Cloud Sweatpants,1,62.4,United States,3PL_East,Carrier_B,product_launch,6.49,5.7,5,True,False,none
ORD005177,2025-02-08,Zip Hoodie,4,384.0,Canada,3PL_International,Passport_Global,none,20.35,4.8,9,False,False,none
ORD005178,2025-01-01,Signature Hoodie,1,89.0,United States,3PL_West,Carrier_B,none,5.86,4.0,5,False,False,none
ORD005179,2025-04-02,Cloud Sweatpants,2,156.0,United States,3PL_Central,Carrier_B,none,6.68,4.3,5,False,False,none
ORD005180,2025-04-06,Cloud Sweatpants,2,156.0,United States,3PL_West,Carrier_D,none,8.3,4.3,5,False,False,none
ORD005181,2025-05-03,Zip Hoodie,1,96.0,United States,3PL_East,Carrier_A,none,5.85,3.5,5,False,False,none
ORD005182,2025-03-14,Weighted Tee,1,54.0,Canada,3PL_International,Passport_Global,none,18.18,5.7,9,False,False,none
ORD005183,2025-01-01,Cloud Sweatpants,2,156.0,United States,3PL_East,Carrier_B,none,5.77,2.6,5,False,False,none
ORD005184,2025-05-06,Lounge Set,4,454.4,United States,3PL_West,Carrier_A,email_drop,9.64,6.2,5,True,True,fit_issue
ORD005185,2025-01-11,Weighted Tee,4,216.0,United States,3PL_East,Carrier_B,none,7.69,3.6,5,False,False,none
ORD005186,2025-06-10,Signature Hoodie,1,89.0,United States,3PL_East,Carrier_B,none,5.8,2.8,5,False,False,none
ORD005187,2025-01-05,Signature Hoodie,2,178.0,Germany,3PL_International,Passport_Global,none,19.2,5.7,9,False,False,none
ORD005188,2025-04-07,Zip Hoodie,1,96.0,United States,3PL_West,Carrier_C,none,4.81,5.1,5,True,False,none
ORD005189,2025-06-15,Lounge Set,4,568.0,United States,3PL_East,Carrier_B,none,9.86,3.5,5,False,False,none
ORD005190,2025-04-15,Signature Hoodie,2,178.0,United States,3PL_East,Carrier_C,none,5.05,4.3,5,False,False,none
ORD005191,2025-04-23,Signature Hoodie,4,356.0,United States,3PL_East,Carrier_A,none,9.08,3.3,5,False,False,none
ORD005192,2025-05-07,Zip Hoodie,3,230.4,United States,3PL_West,Carrier_A,email_drop,7.87,3.8,5,False,False,none
ORD005193,2025-01-25,Lounge Set,1,142.0,United States,3PL_East,Carrier_A,none,6.67,3.9,5,False,False,none
ORD005194,2025-05-06,Signature Hoodie,2,178.0,United States,3PL_West,Carrier_A,none,7.09,6.2,5,True,False,none
ORD005195,2025-06-13,Signature Hoodie,2,178.0,Australia,3PL_International,Passport_Global,none,17.18,6.0,9,False,True,changed_mind
ORD005196,2025-06-27,Signature Hoodie,1,89.0,United States,3PL_West,Carrier_B,none,5.04,5.6,5,True,False,none
ORD005197,2025-03-23,Weighted Tee,3,162.0,United States,3PL_East,Carrier_C,none,9.0,3.9,5,False,False,none
ORD005198,2025-03-08,Zip Hoodie,2,192.0,United States,3PL_West,Carrier_C,none,6.43,3.1,5,False,False,none
ORD005199,2025-05-22,Cloud Sweatpants,1,78.0,United States,3PL_East,Carrier_A,none,4.51,3.9,5,False,False,none
ORD005200,2025-04-10,Lounge Set,2,284.0,United States,3PL_East,Carrier_D,none,8.31,3.2,5,False,False,none
ORD005201,2025-02-21,Cloud Sweatpants,3,210.6,United States,3PL_East,Carrier_C,holiday_sale,9.04,4.0,5,False,False,none
ORD005202,2025-02-04,Lounge Set,1,142.0,Canada,3PL_International,Passport_Global,none,17.12,4.8,9,False,True,late_delivery
ORD005203,2025-02-04,Signature Hoodie,2,178.0,United States,3PL_East,Carrier_B,none,5.71,2.9,5,False,False,none
ORD005204,2025-03-26,Signature Hoodie,4,356.0,United States,3PL_West,Carrier_B,none,8.67,2.6,5,False,False,none
ORD005205,2025-02-04,Cloud Sweatpants,1,78.0,United States,3PL_East,Carrier_B,none,4.88,2.9,5,False,False,none
ORD005206,2025-01-04,Signature Hoodie,4,320.4,United States,3PL_West,Carrier_B,influencer_drop,9.44,4.7,5,False,False,none
ORD005207,2025-01-11,Lounge Set,1,142.0,United States,3PL_East,Carrier_B,none,5.12,3.0,5,False,False,none
ORD005208,2025-06-20,Cloud Sweatpants,2,156.0,United States,3PL_West,Carrier_B,none,6.83,3.5,5,False,False,none
ORD005209,2025-01-15,Signature Hoodie,3,240.3,United States,3PL_East,Carrier_B,product_launch,9.0,3.7,5,False,False,none
ORD005210,2025-01-15,Lounge Set,1,142.0,United States,3PL_East,Carrier_B,none,4.64,2.6,5,False,False,none
ORD005211,2025-03-24,Cloud Sweatpants,2,156.0,United States,3PL_West,Carrier_C,none,7.38,3.0,5,False,False,none
ORD005212,2025-02-19,Cloud Sweatpants,2,156.0,Australia,3PL_International,Passport_Global,none,19.67,5.8,9,False,False,none
ORD005213,2025-06-25,Signature Hoodie,2,142.4,Canada,3PL_International,Passport_Global,product_launch,17.96,6.5,9,False,False,none
ORD005214,2025-06-17,Weighted Tee,4,216.0,United States,3PL_West,Carrier_B,none,9.95,6.2,5,True,False,none
ORD005215,2025-03-17,Zip Hoodie,2,153.6,United States,3PL_Central,Carrier_B,email_drop,5.57,2.4,5,False,False,none
ORD005216,2025-03-24,Lounge Set,4,568.0,United States,3PL_East,Carrier_B,none,7.69,4.3,5,False,False,none
ORD005217,2025-03-13,Zip Hoodie,2,153.6,Australia,3PL_International,Passport_Global,email_drop,18.28,3.6,9,False,True,late_delivery
ORD005218,2025-01-08,Cloud Sweatpants,1,78.0,United States,3PL_East,Carrier_A,none,4.76,5.3,5,True,False,none
ORD005219,2025-02-28,Signature Hoodie,2,178.0,United States,3PL_West,Carrier_B,none,6.27,3.6,5,False,False,none
ORD005220,2025-01-25,Zip Hoodie,1,96.0,United States,3PL_West,Carrier_B,none,4.51,3.5,5,False,True,changed_mind
ORD005221,2025-01-21,Signature Hoodie,4,356.0,Australia,3PL_International,Passport_Global,none,21.71,5.8,9,False,False,none
ORD005222,2025-04-13,Weighted Tee,1,54.0,United Kingdom,3PL_International,Passport_Global,none,17.7,6.5,9,False,False,none
ORD005223,2025-01-20,Signature Hoodie,2,142.4,United States,3PL_East,Carrier_B,email_drop,6.7,3.8,5,False,False,none
ORD005224,2025-01-21,Signature Hoodie,3,240.3,United States,3PL_West,Carrier_B,email_drop,8.24,3.9,5,False,False,none
ORD005225,2025-03-29,Cloud Sweatpants,1,70.2,United States,3PL_West,Carrier_C,holiday_sale,6.62,6.5,5,True,False,none
ORD005226,2025-03-23,Cloud Sweatpants,2,132.6,United States,3PL_West,Carrier_B,product_launch,6.2,3.9,5,False,False,none
ORD005227,2025-01-28,Zip Hoodie,2,192.0,United States,3PL_East,Carrier_D,none,7.86,4.6,5,False,False,none
ORD005228,2025-01-01,Lounge Set,1,113.6,United States,3PL_East,Carrier_D,email_drop,7.84,4.0,5,False,False,none
ORD005229,2025-02-08,Zip Hoodie,2,192.0,United States,3PL_West,Carrier_A,none,7.55,4.7,5,False,False,none
ORD005230,2025-02-17,Lounge Set,1,113.6,United States,3PL_East,Carrier_D,holiday_sale,7.26,5.6,5,True,False,none
ORD005231,2025-05-31,Cloud Sweatpants,1,78.0,United States,3PL_Central,Carrier_B,none,5.46,3.4,5,False,False,none
ORD005232,2025-06-18,Cloud Sweatpants,1,78.0,Canada,3PL_International,Passport_Global,none,17.63,3.3,9,False,False,none
ORD005233,2025-03-17,Lounge Set,2,284.0,Australia,3PL_International,Passport_Global,none,18.46,5.7,9,False,False,none
ORD005234,2025-03-17,Signature Hoodie,4,320.4,United States,3PL_East,Carrier_B,influencer_drop,8.53,3.2,5,False,False,none
ORD005235,2025-05-14,Signature Hoodie,1,75.65,United Kingdom,3PL_International,Passport_Global,influencer_drop,17.74,6.5,9,False,False,none
ORD005236,2025-04-26,Signature Hoodie,1,80.1,United States,3PL_Central,Carrier_C,influencer_drop,5.93,3.8,5,False,False,none
ORD005237,2025-02-07,Zip Hoodie,1,96.0,United States,3PL_West,Carrier_B,none,6.07,3.9,5,False,True,late_delivery
ORD005238,2025-01-22,Zip Hoodie,1,96.0,United States,3PL_East,Carrier_C,none,4.67,2.4,5,False,False,none
ORD005239,2025-03-22,Signature Hoodie,4,320.4,United States,3PL_Central,Carrier_B,product_launch,8.9,3.9,5,False,False,none
ORD005240,2025-04-14,Signature Hoodie,2,142.4,Germany,3PL_International,Passport_Global,email_drop,18.38,4.0,9,False,False,none
ORD005241,2025-01-28,Signature Hoodie,4,356.0,United States,3PL_West,Carrier_B,none,8.64,4.5,5,False,False,none
ORD005242,2025-02-28,Cloud Sweatpants,2,156.0,United States,3PL_East,Carrier_C,none,6.65,2.2,5,False,False,none
ORD005243,2025-03-02,Signature Hoodie,2,151.3,United States,3PL_Central,Carrier_B,email_drop,7.32,1.0,5,False,False,none
ORD005244,2025-02-22,Lounge Set,3,340.8,United States,3PL_Central,Carrier_C,email_drop,7.59,2.9,5,False,False,none
ORD005245,2025-03-26,Weighted Tee,2,108.0,United States,3PL_East,Carrier_C,none,6.91,1.0,5,False,False,none
ORD005246,2025-05-02,Lounge Set,3,383.4,United States,3PL_East,Carrier_C,holiday_sale,6.85,2.7,5,False,True,fit_issue
ORD005247,2025-04-03,Lounge Set,1,113.6,Canada,3PL_International,Passport_Global,holiday_sale,16.89,5.7,9,False,False,none
ORD005248,2025-02-10,Weighted Tee,1,54.0,United States,3PL_East,Carrier_A,none,5.19,4.7,5,False,False,none
ORD005249,2025-01-21,Zip Hoodie,2,192.0,United States,3PL_West,Carrier_B,none,9.22,1.4,5,False,False,none
ORD005250,2025-06-04,Cloud Sweatpants,1,78.0,United States,3PL_West,Carrier_B,none,4.77,2.4,5,False,False,none
ORD005251,2025-03-29,Lounge Set,1,120.7,United States,3PL_East,Carrier_A,email_drop,5.52,3.4,5,False,False,none
ORD005252,2025-01-13,Cloud Sweatpants,1,78.0,United States,3PL_Central,Carrier_C,none,5.73,2.4,5,False,False,none
ORD005253,2025-02-21,Cloud Sweatpants,1,62.4,United States,3PL_West,Carrier_A,holiday_sale,5.43,4.8,5,False,False,none
ORD005254,2025-06-01,Signature Hoodie,2,178.0,United States,3PL_East,Carrier_A,none,6.07,4.5,5,False,False,none
ORD005255,2025-05-21,Zip Hoodie,2,192.0,United States,3PL_East,Carrier_B,none,6.99,3.7,5,False,False,none
ORD005256,2025-06-12,Lounge Set,4,511.2,Canada,3PL_International,Passport_Global,holiday_sale,20.52,6.6,9,False,False,none
ORD005257,2025-04-21,Zip Hoodie,1,86.4,Australia,3PL_International,Passport_Global,product_launch,18.1,8.4,9,False,False,none
ORD005258,2025-03-20,Cloud Sweatpants,1,78.0,United States,3PL_Central,Carrier_C,none,4.93,2.3,5,False,False,none
ORD005259,2025-03-21,Zip Hoodie,2,192.0,United States,3PL_East,Carrier_D,none,9.15,4.9,5,False,False,none
ORD005260,2025-02-08,Lounge Set,3,426.0,United States,3PL_East,Carrier_A,none,6.27,5.5,5,True,False,none
ORD005261,2025-05-01,Zip Hoodie,4,384.0,United States,3PL_West,Carrier_D,none,10.56,5.0,5,False,False,none
ORD005262,2025-04-18,Cloud Sweatpants,3,234.0,United States,3PL_East,Carrier_B,none,6.81,3.3,5,False,False,none
ORD005263,2025-02-01,Signature Hoodie,2,178.0,United States,3PL_East,Carrier_B,none,7.21,3.5,5,False,False,none
ORD005264,2025-06-13,Cloud Sweatpants,4,312.0,United States,3PL_West,Carrier_C,none,9.52,2.4,5,False,False,none
ORD005265,2025-03-12,Lounge Set,1,113.6,United States,3PL_East,Carrier_C,email_drop,3.3,2.4,5,False,False,none
ORD005266,2025-01-11,Signature Hoodie,2,142.4,United States,3PL_East,Carrier_C,email_drop,5.56,3.6,5,False,False,none
ORD005267,2025-03-06,Lounge Set,1,120.7,United States,3PL_East,Carrier_B,email_drop,6.15,4.4,5,False,False,none
ORD005268,2025-06-11,Signature Hoodie,1,89.0,Canada,3PL_International,Passport_Global,none,17.69,3.3,9,False,False,none
ORD005269,2025-06-18,Weighted Tee,1,54.0,United States,3PL_East,Carrier_B,none,5.89,4.0,5,False,False,none
ORD005270,2025-03-30,Cloud Sweatpants,3,234.0,United Kingdom,3PL_International,Passport_Global,none,20.09,5.3,9,False,False,none
ORD005271,2025-06-24,Zip Hoodie,1,86.4,United States,3PL_Central,Carrier_B,product_launch,5.53,3.6,5,False,False,none
ORD005272,2025-06-12,Zip Hoodie,3,288.0,United States,3PL_East,Carrier_D,none,10.29,4.2,5,False,True,fit_issue
ORD005273,2025-06-04,Lounge Set,2,284.0,United States,3PL_East,Carrier_B,none,5.6,3.1,5,False,False,none
ORD005274,2025-06-09,Lounge Set,2,284.0,United States,3PL_Central,Carrier_C,none,6.2,2.9,5,False,False,none
ORD005275,2025-03-14,Signature Hoodie,1,80.1,United States,3PL_West,Carrier_C,holiday_sale,4.57,3.4,5,False,False,none
ORD005276,2025-05-23,Signature Hoodie,4,356.0,Canada,3PL_International,Passport_Global,none,21.47,4.2,9,False,False,none
ORD005277,2025-04-16,Signature Hoodie,1,89.0,United Kingdom,3PL_International,Passport_Global,none,16.75,5.8,9,False,False,none
ORD005278,2025-05-15,Zip Hoodie,1,81.6,Germany,3PL_International,Passport_Global,holiday_sale,18.54,3.9,9,False,False,none
ORD005279,2025-02-05,Zip Hoodie,3,288.0,United States,3PL_West,Carrier_A,none,7.27,5.1,5,True,False,none
ORD005280,2025-05-17,Signature Hoodie,2,178.0,United States,3PL_West,Carrier_C,none,6.96,3.5,5,False,False,none
ORD005281,2025-06-24,Lounge Set,1,142.0,United States,3PL_West,Carrier_D,none,6.61,1.1,5,False,False,none
ORD005282,2025-03-02,Signature Hoodie,1,71.2,Canada,3PL_International,Passport_Global,product_launch,18.45,5.0,9,False,False,none
ORD005283,2025-06-28,Signature Hoodie,2,151.3,United States,3PL_West,Carrier_B,email_drop,7.5,5.2,5,True,False,none
ORD005284,2025-03-13,Cloud Sweatpants,2,156.0,United States,3PL_Central,Carrier_B,none,7.16,6.1,5,True,False,none
ORD005285,2025-02-09,Zip Hoodie,1,76.8,United Kingdom,3PL_International,Passport_Global,influencer_drop,17.09,6.3,9,False,False,none
ORD005286,2025-01-23,Signature Hoodie,1,80.1,United States,3PL_West,Carrier_D,email_drop,8.37,3.3,5,False,False,none
ORD005287,2025-05-28,Lounge Set,1,142.0,United States,3PL_Central,Carrier_C,none,5.95,4.6,5,False,False,none
ORD005288,2025-04-12,Zip Hoodie,1,96.0,Canada,3PL_International,Passport_Global,none,17.29,4.1,9,False,False,none
ORD005289,2025-03-02,Cloud Sweatpants,1,78.0,United States,3PL_East,Carrier_A,none,5.62,3.1,5,False,False,none
ORD005290,2025-04-23,Signature Hoodie,1,75.65,United States,3PL_West,Carrier_A,email_drop,6.63,4.7,5,False,False,none
ORD005291,2025-03-06,Lounge Set,2,284.0,United States,3PL_West,Carrier_D,none,7.63,4.4,5,False,False,none
ORD005292,2025-03-24,Lounge Set,2,241.4,United States,3PL_West,Carrier_A,holiday_sale,5.81,4.4,5,False,False,none
ORD005293,2025-06-10,Cloud Sweatpants,1,78.0,Germany,3PL_International,Passport_Global,none,17.7,3.1,9,False,False,none
ORD005294,2025-05-04,Signature Hoodie,4,284.8,United States,3PL_East,Carrier_C,email_drop,7.73,3.1,5,False,False,none
ORD005295,2025-05-24,Cloud Sweatpants,2,156.0,United States,3PL_West,Carrier_A,none,6.64,3.1,5,False,False,none
ORD005296,2025-04-18,Cloud Sweatpants,1,62.4,Australia,3PL_International,Passport_Global,email_drop,18.38,5.2,9,False,False,none
ORD005297,2025-06-29,Signature Hoodie,1,89.0,United States,3PL_East,Carrier_C,none,5.54,4.4,5,False,False,none
ORD005298,2025-02-18,Zip Hoodie,2,192.0,United States,3PL_East,Carrier_B,none,5.97,5.6,5,True,False,none
ORD005299,2025-02-22,Signature Hoodie,4,356.0,Australia,3PL_International,Passport_Global,none,21.98,3.5,9,False,False,none
ORD005300,2025-01-19,Lounge Set,1,142.0,United States,3PL_West,Carrier_B,none,5.26,5.6,5,True,False,none
ORD005301,2025-04-12,Cloud Sweatpants,1,78.0,United States,3PL_West,Carrier_A,none,4.77,3.2,5,False,False,none
ORD005302,2025-04-24,Zip Hoodie,1,81.6,United States,3PL_West,Carrier_B,influencer_drop,5.61,3.8,5,False,True,quality_issue
ORD005303,2025-05-16,Weighted Tee,4,216.0,United States,3PL_West,Carrier_A,none,9.81,2.8,5,False,False,none
ORD005304,2025-03-07,Cloud Sweatpants,1,78.0,United States,3PL_East,Carrier_A,none,4.94,3.9,5,False,False,none
ORD005305,2025-01-03,Signature Hoodie,3,267.0,United States,3PL_East,Carrier_A,none,8.98,4.6,5,False,False,none
ORD005306,2025-04-27,Cloud Sweatpants,2,156.0,United States,3PL_West,Carrier_B,none,6.61,4.9,5,False,False,none
ORD005307,2025-06-30,Cloud Sweatpants,1,78.0,United States,3PL_West,Carrier_A,none,5.5,4.0,5,False,False,none
ORD005308,2025-03-01,Lounge Set,4,568.0,United States,3PL_Central,Carrier_A,none,8.94,4.3,5,False,False,none
ORD005309,2025-02-07,Lounge Set,1,142.0,United States,3PL_East,Carrier_C,none,4.96,2.7,5,False,False,none
ORD005310,2025-02-26,Zip Hoodie,2,163.2,United States,3PL_West,Carrier_B,product_launch,5.54,4.8,5,False,False,none
ORD005311,2025-03-21,Weighted Tee,2,108.0,United States,3PL_Central,Carrier_C,none,8.11,4.4,5,False,False,none
ORD005312,2025-02-20,Signature Hoodie,2,142.4,United States,3PL_West,Carrier_C,email_drop,5.61,3.5,5,False,False,none
ORD005313,2025-03-09,Signature Hoodie,3,226.95,United States,3PL_West,Carrier_B,email_drop,8.69,2.8,5,False,False,none
ORD005314,2025-04-29,Signature Hoodie,2,142.4,Australia,3PL_International,Passport_Global,email_drop,20.33,4.5,9,False,False,none
ORD005315,2025-03-08,Zip Hoodie,2,192.0,United States,3PL_East,Carrier_D,none,7.78,5.1,5,True,False,none
ORD005316,2025-03-16,Signature Hoodie,1,75.65,United States,3PL_West,Carrier_B,product_launch,5.89,6.0,5,True,False,none
ORD005317,2025-01-09,Signature Hoodie,1,89.0,United States,3PL_West,Carrier_A,none,5.95,2.2,5,False,False,none
ORD005318,2025-06-18,Weighted Tee,1,45.9,United States,3PL_East,Carrier_A,influencer_drop,5.95,4.7,5,False,False,none
ORD005319,2025-03-18,Signature Hoodie,1,89.0,United States,3PL_Central,Carrier_D,none,6.7,4.0,5,False,False,none
ORD005320,2025-03-06,Signature Hoodie,1,75.65,United States,3PL_East,Carrier_A,influencer_drop,5.09,5.4,5,True,False,none
ORD005321,2025-01-18,Signature Hoodie,1,71.2,Canada,3PL_International,Passport_Global,product_launch,18.44,6.0,9,False,False,none
ORD005322,2025-04-28,Signature Hoodie,2,142.4,Australia,3PL_International,Passport_Global,holiday_sale,17.64,5.0,9,False,False,none
ORD005323,2025-06-10,Signature Hoodie,3,267.0,United States,3PL_Central,Carrier_B,none,6.1,4.4,5,False,False,none
ORD005324,2025-01-09,Signature Hoodie,4,320.4,United States,3PL_East,Carrier_B,holiday_sale,8.93,1.3,5,False,False,none
ORD005325,2025-01-30,Signature Hoodie,4,356.0,United States,3PL_West,Carrier_B,none,8.75,2.4,5,False,False,none
ORD005326,2025-01-30,Lounge Set,2,227.2,United States,3PL_East,Carrier_A,email_drop,6.68,3.6,5,False,False,none
ORD005327,2025-04-21,Cloud Sweatpants,4,312.0,United States,3PL_West,Carrier_C,none,8.27,3.1,5,False,False,none
ORD005328,2025-06-19,Zip Hoodie,2,172.8,United States,3PL_West,Carrier_C,email_drop,7.18,1.7,5,False,False,none
ORD005329,2025-03-22,Zip Hoodie,2,192.0,United States,3PL_East,Carrier_B,none,7.23,3.5,5,False,False,none
ORD005330,2025-03-08,Lounge Set,1,142.0,United States,3PL_East,Carrier_B,none,5.53,2.6,5,False,False,none
ORD005331,2025-05-24,Lounge Set,2,284.0,United States,3PL_East,Carrier_B,none,5.49,3.6,5,False,False,none
ORD005332,2025-05-19,Cloud Sweatpants,1,78.0,United States,3PL_East,Carrier_B,none,6.23,4.6,5,False,False,none
ORD005333,2025-02-19,Signature Hoodie,2,178.0,United States,3PL_West,Carrier_C,none,5.14,2.5,5,False,False,none
ORD005334,2025-02-02,Signature Hoodie,4,320.4,United States,3PL_West,Carrier_A,holiday_sale,7.84,4.7,5,False,False,none
ORD005335,2025-03-10,Signature Hoodie,2,151.3,United States,3PL_East,Carrier_D,email_drop,8.96,3.9,5,False,False,none
ORD005336,2025-05-26,Lounge Set,1,127.8,United States,3PL_East,Carrier_B,influencer_drop,4.5,2.5,5,False,False,none
ORD005337,2025-05-10,Cloud Sweatpants,2,124.8,United States,3PL_West,Carrier_B,influencer_drop,5.96,4.0,5,False,False,none
ORD005338,2025-05-04,Signature Hoodie,3,267.0,Canada,3PL_International,Passport_Global,none,20.21,4.6,9,False,False,none
ORD005339,2025-06-05,Signature Hoodie,2,178.0,United States,3PL_West,Carrier_B,none,7.29,3.7,5,False,False,none
ORD005340,2025-02-25,Lounge Set,1,142.0,Canada,3PL_International,Passport_Global,none,18.26,2.9,9,False,False,none
ORD005341,2025-03-07,Cloud Sweatpants,1,78.0,United States,3PL_West,Carrier_B,none,6.46,3.5,5,False,False,none
ORD005342,2025-01-09,Signature Hoodie,1,89.0,United States,3PL_Central,Carrier_B,none,5.04,5.3,5,True,False,none
ORD005343,2025-06-11,Lounge Set,4,454.4,United States,3PL_East,Carrier_A,email_drop,8.16,2.5,5,False,False,none
ORD005344,2025-04-18,Zip Hoodie,1,96.0,United States,3PL_West,Carrier_A,none,4.37,3.4,5,False,False,none
ORD005345,2025-03-01,Cloud Sweatpants,2,124.8,United States,3PL_East,Carrier_C,email_drop,6.64,2.7,5,False,False,none
ORD005346,2025-01-14,Cloud Sweatpants,4,312.0,United States,3PL_West,Carrier_C,none,9.07,3.1,5,False,False,none
ORD005347,2025-05-16,Zip Hoodie,4,326.4,United States,3PL_Central,Carrier_B,influencer_drop,10.81,2.4,5,False,False,none
ORD005348,2025-05-21,Signature Hoodie,1,89.0,United States,3PL_West,Carrier_A,none,5.89,3.6,5,False,False,none
ORD005349,2025-05-04,Weighted Tee,4,172.8,United States,3PL_East,Carrier_B,holiday_sale,7.48,4.3,5,False,False,none
ORD005350,2025-02-10,Lounge Set,3,426.0,United States,3PL_West,Carrier_D,none,10.42,2.3,5,False,False,none
ORD005351,2025-06-17,Zip Hoodie,2,192.0,Canada,3PL_International,Passport_Global,none,18.27,6.7,9,False,False,none
ORD005352,2025-05-22,Zip Hoodie,1,96.0,United States,3PL_East,Carrier_C,none,4.35,3.4,5,False,False,none
ORD005353,2025-05-03,Weighted Tee,2,108.0,United States,3PL_East,Carrier_C,none,7.38,5.0,5,False,False,none
ORD005354,2025-05-01,Signature Hoodie,2,178.0,United Kingdom,3PL_International,Passport_Global,none,19.62,3.0,9,False,False,none
ORD005355,2025-06-16,Signature Hoodie,2,178.0,United States,3PL_East,Carrier_A,none,7.42,3.7,5,False,False,none
ORD005356,2025-06-20,Lounge Set,2,284.0,United States,3PL_East,Carrier_B,none,6.05,4.7,5,False,False,none
ORD005357,2025-04-20,Signature Hoodie,1,80.1,United States,3PL_Central,Carrier_C,holiday_sale,7.18,3.7,5,False,False,none
ORD005358,2025-03-19,Zip Hoodie,2,192.0,United States,3PL_Central,Carrier_A,none,7.28,3.4,5,False,False,none
ORD005359,2025-03-11,Cloud Sweatpants,1,78.0,Canada,3PL_International,Passport_Global,none,17.04,4.3,9,False,False,none
ORD005360,2025-06-03,Signature Hoodie,1,75.65,United States,3PL_Central,Carrier_C,holiday_sale,7.17,2.2,5,False,False,none
ORD005361,2025-04-30,Signature Hoodie,2,178.0,United States,3PL_Central,Carrier_C,none,7.01,4.3,5,False,False,none
ORD005362,2025-01-16,Lounge Set,1,127.8,United States,3PL_West,Carrier_A,influencer_drop,5.39,3.0,5,False,False,none
ORD005363,2025-01-29,Signature Hoodie,4,356.0,United States,3PL_West,Carrier_B,none,8.4,3.5,5,False,False,none
ORD005364,2025-06-15,Signature Hoodie,4,356.0,United States,3PL_Central,Carrier_A,none,6.28,2.6,5,False,False,none
ORD005365,2025-06-13,Cloud Sweatpants,2,156.0,United States,3PL_West,Carrier_A,none,7.16,1.9,5,False,False,none
ORD005366,2025-06-23,Signature Hoodie,2,178.0,Germany,3PL_International,Passport_Global,none,18.45,3.1,9,False,False,none
ORD005367,2025-03-21,Zip Hoodie,1,96.0,United States,3PL_East,Carrier_C,none,5.21,2.8,5,False,False,none
ORD005368,2025-05-28,Weighted Tee,1,48.6,United States,3PL_West,Carrier_A,influencer_drop,5.32,4.3,5,False,False,none
ORD005369,2025-06-05,Zip Hoodie,4,384.0,Canada,3PL_International,Passport_Global,none,20.56,4.7,9,False,False,none
ORD005370,2025-03-04,Zip Hoodie,1,81.6,United States,3PL_East,Carrier_A,holiday_sale,5.81,5.0,5,False,True,fit_issue
ORD005371,2025-01-30,Cloud Sweatpants,4,312.0,United States,3PL_West,Carrier_A,none,8.18,3.7,5,False,False,none
ORD005372,2025-06-30,Weighted Tee,1,54.0,Australia,3PL_International,Passport_Global,none,16.52,4.4,9,False,False,none
ORD005373,2025-01-06,Lounge Set,1,120.7,Canada,3PL_International,Passport_Global,holiday_sale,17.85,6.0,9,False,False,none
ORD005374,2025-04-20,Lounge Set,2,241.4,United States,3PL_Central,Carrier_D,holiday_sale,7.89,3.9,5,False,False,none
ORD005375,2025-05-01,Signature Hoodie,3,267.0,United States,3PL_East,Carrier_A,none,6.13,3.2,5,False,True,late_delivery
ORD005376,2025-05-07,Signature Hoodie,1,89.0,United States,3PL_West,Carrier_B,none,4.42,5.9,5,True,False,none
ORD005377,2025-02-21,Signature Hoodie,3,267.0,United States,3PL_West,Carrier_A,none,7.83,4.1,5,False,False,none
ORD005378,2025-05-16,Signature Hoodie,1,89.0,United States,3PL_Central,Carrier_A,none,5.51,1.0,5,False,False,none
ORD005379,2025-02-13,Signature Hoodie,3,226.95,United States,3PL_East,Carrier_A,influencer_drop,8.81,1.3,5,False,False,none
ORD005380,2025-06-05,Lounge Set,2,284.0,Canada,3PL_International,Passport_Global,none,19.89,6.7,9,False,False,none
ORD005381,2025-02-14,Signature Hoodie,1,80.1,United States,3PL_West,Carrier_D,email_drop,7.55,4.3,5,False,False,none
ORD005382,2025-05-10,Signature Hoodie,2,178.0,Canada,3PL_International,Passport_Global,none,18.39,4.0,9,False,True,changed_mind
ORD005383,2025-05-28,Lounge Set,3,426.0,United States,3PL_Central,Carrier_D,none,9.06,1.4,5,False,False,none
ORD005384,2025-02-07,Weighted Tee,4,216.0,United States,3PL_East,Carrier_C,none,9.2,3.5,5,False,False,none
ORD005385,2025-02-17,Signature Hoodie,1,89.0,United States,3PL_East,Carrier_C,none,6.19,3.4,5,False,False,none
ORD005386,2025-05-27,Signature Hoodie,2,178.0,United States,3PL_East,Carrier_B,none,6.99,3.6,5,False,False,none
ORD005387,2025-01-18,Lounge Set,1,127.8,United States,3PL_West,Carrier_A,product_launch,5.02,4.6,5,False,False,none
ORD005388,2025-02-08,Weighted Tee,2,91.8,United States,3PL_East,Carrier_A,holiday_sale,6.72,3.8,5,False,True,fit_issue
ORD005389,2025-03-25,Zip Hoodie,2,163.2,Canada,3PL_International,Passport_Global,email_drop,18.74,4.7,9,False,False,none
ORD005390,2025-06-20,Cloud Sweatpants,3,234.0,United States,3PL_West,Carrier_A,none,6.01,4.0,5,False,False,none
ORD005391,2025-04-13,Zip Hoodie,1,81.6,United States,3PL_East,Carrier_A,holiday_sale,5.23,4.8,5,False,False,none
ORD005392,2025-03-15,Lounge Set,1,113.6,United States,3PL_East,Carrier_C,holiday_sale,5.07,5.0,5,False,False,none
ORD005393,2025-06-27,Signature Hoodie,2,160.2,United Kingdom,3PL_International,Passport_Global,holiday_sale,19.59,3.7,9,False,False,none
ORD005394,2025-03-26,Cloud Sweatpants,2,156.0,United States,3PL_Central,Carrier_B,none,5.67,3.6,5,False,False,none
ORD005395,2025-03-22,Lounge Set,3,426.0,United States,3PL_West,Carrier_B,none,6.91,4.2,5,False,False,none
ORD005396,2025-03-18,Zip Hoodie,1,81.6,Canada,3PL_International,Passport_Global,influencer_drop,18.65,3.9,9,False,False,none
ORD005397,2025-03-03,Signature Hoodie,2,178.0,United States,3PL_West,Carrier_A,none,5.81,5.2,5,True,False,none
ORD005398,2025-03-05,Zip Hoodie,1,96.0,United States,3PL_Central,Carrier_B,none,4.85,3.2,5,False,False,none
ORD005399,2025-05-09,Zip Hoodie,2,192.0,United States,3PL_East,Carrier_C,none,6.95,2.3,5,False,False,none
ORD005400,2025-01-09,Signature Hoodie,2,178.0,United States,3PL_East,Carrier_C,none,7.12,3.4,5,False,False,none
ORD005401,2025-05-07,Signature Hoodie,3,267.0,United States,3PL_Central,Carrier_D,none,10.62,2.6,5,False,False,none
ORD005402,2025-02-10,Signature Hoodie,1,71.2,United States,3PL_West,Carrier_B,email_drop,5.12,1.4,5,False,True,quality_issue
ORD005403,2025-03-14,Weighted Tee,3,137.7,United Kingdom,3PL_International,Passport_Global,email_drop,19.86,4.5,9,False,False,none
ORD005404,2025-01-30,Signature Hoodie,2,178.0,United States,3PL_West,Carrier_C,none,6.42,4.7,5,False,False,none
ORD005405,2025-04-12,Lounge Set,2,284.0,United States,3PL_West,Carrier_D,none,7.87,3.9,5,False,False,none
ORD005406,2025-05-17,Cloud Sweatpants,2,124.8,United States,3PL_West,Carrier_A,product_launch,6.9,5.8,5,True,False,none
ORD005407,2025-03-10,Lounge Set,2,284.0,United States,3PL_East,Carrier_C,none,6.29,4.8,5,False,True,changed_mind
ORD005408,2025-02-02,Weighted Tee,1,54.0,United States,3PL_Central,Carrier_B,none,4.42,5.6,5,True,False,none
ORD005409,2025-02-15,Weighted Tee,3,162.0,United States,3PL_West,Carrier_B,none,6.29,5.1,5,True,False,none
ORD005410,2025-06-03,Lounge Set,1,142.0,Australia,3PL_International,Passport_Global,none,17.7,5.7,9,False,True,fit_issue
ORD005411,2025-02-23,Cloud Sweatpants,1,62.4,United States,3PL_East,Carrier_B,email_drop,5.9,3.8,5,False,True,fit_issue
ORD005412,2025-05-26,Signature Hoodie,2,178.0,United Kingdom,3PL_International,Passport_Global,none,18.4,5.1,9,False,False,none
ORD005413,2025-03-06,Signature Hoodie,4,284.8,United States,3PL_East,Carrier_D,holiday_sale,9.61,4.1,5,False,False,none
ORD005414,2025-02-07,Zip Hoodie,2,192.0,United States,3PL_East,Carrier_C,none,7.78,3.6,5,False,False,none
ORD005415,2025-05-17,Signature Hoodie,1,80.1,United States,3PL_East,Carrier_A,product_launch,5.12,5.2,5,True,False,none
ORD005416,2025-03-27,Cloud Sweatpants,3,187.2,United States,3PL_Central,Carrier_B,email_drop,8.42,2.2,5,False,False,none
ORD005417,2025-01-07,Signature Hoodie,3,267.0,Canada,3PL_International,Passport_Global,none,20.94,2.4,9,False,False,none
ORD005418,2025-06-24,Lounge Set,1,142.0,United States,3PL_East,Carrier_C,none,6.61,2.5,5,False,False,none
ORD005419,2025-01-30,Signature Hoodie,2,178.0,United States,3PL_East,Carrier_A,none,6.5,5.6,5,True,False,none
ORD005420,2025-03-09,Signature Hoodie,3,213.6,United States,3PL_West,Carrier_C,product_launch,6.56,4.3,5,False,False,none
ORD005421,2025-03-14,Cloud Sweatpants,1,66.3,United States,3PL_West,Carrier_B,influencer_drop,3.87,3.9,5,False,False,none
ORD005422,2025-03-30,Cloud Sweatpants,1,78.0,United States,3PL_East,Carrier_A,none,5.19,3.2,5,False,False,none
ORD005423,2025-05-28,Lounge Set,2,284.0,Australia,3PL_International,Passport_Global,none,20.31,6.3,9,False,False,none
ORD005424,2025-01-02,Zip Hoodie,1,76.8,Canada,3PL_International,Passport_Global,product_launch,17.86,4.8,9,False,False,none
ORD005425,2025-06-20,Lounge Set,1,113.6,Canada,3PL_International,Passport_Global,email_drop,18.89,7.0,9,False,False,none
ORD005426,2025-04-30,Signature Hoodie,2,178.0,United States,3PL_East,Carrier_B,none,5.77,5.8,5,True,False,none
ORD005427,2025-06-23,Signature Hoodie,1,89.0,United States,3PL_Central,Carrier_B,none,6.56,4.8,5,False,False,none
ORD005428,2025-06-03,Zip Hoodie,1,96.0,United States,3PL_Central,Carrier_A,none,5.94,3.0,5,False,False,none
ORD005429,2025-06-20,Signature Hoodie,1,80.1,United States,3PL_West,Carrier_C,email_drop,5.5,3.1,5,False,False,none
ORD005430,2025-04-21,Lounge Set,1,142.0,United States,3PL_West,Carrier_A,none,6.15,3.7,5,False,False,none
ORD005431,2025-03-10,Weighted Tee,2,91.8,United States,3PL_East,Carrier_B,holiday_sale,6.09,4.7,5,False,False,none
ORD005432,2025-03-23,Signature Hoodie,1,89.0,Australia,3PL_International,Passport_Global,none,18.17,4.2,9,False,False,none
ORD005433,2025-05-03,Zip Hoodie,2,192.0,United States,3PL_East,Carrier_A,none,5.87,4.4,5,False,False,none
ORD005434,2025-03-21,Cloud Sweatpants,3,234.0,United States,3PL_Central,Carrier_C,none,7.21,3.3,5,False,False,none
ORD005435,2025-05-17,Signature Hoodie,2,160.2,United Kingdom,3PL_International,Passport_Global,influencer_drop,18.22,4.4,9,False,False,none
ORD005436,2025-01-19,Cloud Sweatpants,4,312.0,Canada,3PL_International,Passport_Global,none,20.54,6.9,9,False,False,none
ORD005437,2025-06-05,Zip Hoodie,1,81.6,United States,3PL_Central,Carrier_B,holiday_sale,4.01,4.2,5,False,False,none
ORD005438,2025-02-10,Weighted Tee,4,216.0,United States,3PL_East,Carrier_A,none,10.67,1.4,5,False,False,none
ORD005439,2025-06-22,Signature Hoodie,1,80.1,United States,3PL_East,Carrier_C,email_drop,4.44,6.3,5,True,False,none
ORD005440,2025-02-01,Zip Hoodie,1,86.4,United States,3PL_East,Carrier_B,holiday_sale,6.23,4.4,5,False,False,none
ORD005441,2025-01-26,Signature Hoodie,4,320.4,United States,3PL_Central,Carrier_C,influencer_drop,7.5,3.2,5,False,False,none
ORD005442,2025-06-02,Signature Hoodie,2,178.0,United States,3PL_East,Carrier_C,none,6.09,2.5,5,False,False,none
ORD005443,2025-06-03,Zip Hoodie,3,244.8,United States,3PL_East,Carrier_B,email_drop,7.41,4.9,5,False,False,none
ORD005444,2025-05-19,Zip Hoodie,3,288.0,United States,3PL_East,Carrier_A,none,8.84,5.0,5,False,False,none
ORD005445,2025-06-25,Zip Hoodie,2,192.0,United States,3PL_Central,Carrier_B,none,6.81,3.6,5,False,False,none
ORD005446,2025-02-24,Weighted Tee,1,45.9,Canada,3PL_International,Passport_Global,influencer_drop,16.94,4.8,9,False,False,none
ORD005447,2025-06-04,Signature Hoodie,2,160.2,United States,3PL_West,Carrier_D,influencer_drop,8.15,3.8,5,False,False,none
ORD005448,2025-03-09,Cloud Sweatpants,1,78.0,United States,3PL_Central,Carrier_B,none,6.35,1.0,5,False,False,none
ORD005449,2025-04-08,Signature Hoodie,1,80.1,Germany,3PL_International,Passport_Global,product_launch,18.64,5.8,9,False,True,changed_mind
ORD005450,2025-03-23,Lounge Set,1,142.0,United States,3PL_East,Carrier_A,none,4.87,1.7,5,False,False,none
ORD005451,2025-01-02,Signature Hoodie,4,284.8,United States,3PL_East,Carrier_B,holiday_sale,7.67,4.6,5,False,False,none
ORD005452,2025-04-16,Signature Hoodie,2,142.4,United States,3PL_East,Carrier_B,influencer_drop,6.04,5.5,5,True,False,none
ORD005453,2025-05-21,Lounge Set,3,362.1,United Kingdom,3PL_International,Passport_Global,holiday_sale,20.64,3.9,9,False,False,none
ORD005454,2025-02-05,Signature Hoodie,2,151.3,United States,3PL_Central,Carrier_C,influencer_drop,5.15,5.5,5,True,False,none
ORD005455,2025-06-20,Zip Hoodie,1,76.8,United States,3PL_East,Carrier_A,product_launch,5.26,6.6,5,True,False,none
ORD005456,2025-04-07,Weighted Tee,1,45.9,United States,3PL_East,Carrier_D,email_drop,6.22,3.7,5,False,False,none
ORD005457,2025-02-05,Cloud Sweatpants,4,312.0,United States,3PL_East,Carrier_A,none,8.46,3.7,5,False,False,none
ORD005458,2025-04-30,Cloud Sweatpants,1,78.0,United States,3PL_West,Carrier_B,none,5.81,4.6,5,False,False,none
ORD005459,2025-02-08,Weighted Tee,1,48.6,United States,3PL_East,Carrier_D,influencer_drop,7.15,3.4,5,False,False,none
ORD005460,2025-01-13,Zip Hoodie,3,288.0,United States,3PL_Central,Carrier_B,none,8.26,3.4,5,False,False,none
ORD005461,2025-05-08,Signature Hoodie,2,160.2,United States,3PL_East,Carrier_D,product_launch,9.33,3.7,5,False,False,none
ORD005462,2025-01-23,Lounge Set,2,284.0,United States,3PL_East,Carrier_C,none,9.53,4.3,5,False,False,none
ORD005463,2025-01-22,Cloud Sweatpants,1,66.3,United States,3PL_West,Carrier_A,holiday_sale,6.13,4.9,5,False,False,none
ORD005464,2025-05-19,Lounge Set,1,142.0,United States,3PL_Central,Carrier_C,none,5.88,2.7,5,False,False,none
ORD005465,2025-01-12,Cloud Sweatpants,2,124.8,United States,3PL_East,Carrier_C,holiday_sale,6.03,5.2,5,True,False,none
ORD005466,2025-06-02,Signature Hoodie,1,71.2,United States,3PL_Central,Carrier_B,product_launch,6.12,5.5,5,True,False,none
ORD005467,2025-05-30,Lounge Set,2,284.0,United Kingdom,3PL_International,Passport_Global,none,20.2,6.1,9,False,False,none
ORD005468,2025-01-29,Signature Hoodie,4,320.4,United States,3PL_West,Carrier_C,email_drop,8.31,3.7,5,False,False,none
ORD005469,2025-04-05,Lounge Set,2,284.0,United States,3PL_West,Carrier_B,none,6.1,4.1,5,False,True,late_delivery
ORD005470,2025-01-20,Lounge Set,2,255.6,United States,3PL_Central,Carrier_A,influencer_drop,6.03,5.0,5,False,False,none
ORD005471,2025-04-27,Weighted Tee,1,43.2,United States,3PL_West,Carrier_A,influencer_drop,4.34,3.5,5,False,False,none
ORD005472,2025-01-13,Signature Hoodie,2,178.0,United States,3PL_East,Carrier_A,none,6.54,3.7,5,False,False,none
ORD005473,2025-06-22,Cloud Sweatpants,4,312.0,Germany,3PL_International,Passport_Global,none,20.17,4.9,9,False,False,none
ORD005474,2025-02-11,Signature Hoodie,2,178.0,United States,3PL_East,Carrier_B,none,6.47,1.0,5,False,False,none
ORD005475,2025-05-08,Signature Hoodie,3,267.0,United States,3PL_East,Carrier_A,none,7.96,2.4,5,False,False,none
ORD005476,2025-01-26,Signature Hoodie,4,320.4,United States,3PL_East,Carrier_B,influencer_drop,9.08,2.7,5,False,False,none
ORD005477,2025-02-12,Cloud Sweatpants,4,312.0,United States,3PL_West,Carrier_A,none,8.45,2.5,5,False,False,none
ORD005478,2025-03-24,Cloud Sweatpants,1,70.2,United States,3PL_Central,Carrier_D,product_launch,5.96,3.9,5,False,False,none
ORD005479,2025-04-16,Weighted Tee,1,43.2,United Kingdom,3PL_International,Passport_Global,product_launch,18.77,5.3,9,False,False,none
ORD005480,2025-06-30,Signature Hoodie,1,71.2,United States,3PL_West,Carrier_A,holiday_sale,3.99,3.1,5,False,False,none
ORD005481,2025-01-06,Cloud Sweatpants,3,234.0,United States,3PL_East,Carrier_A,none,7.79,5.2,5,True,False,none
ORD005482,2025-01-01,Zip Hoodie,1,96.0,Australia,3PL_International,Passport_Global,none,18.99,5.1,9,False,False,none
ORD005483,2025-03-09,Signature Hoodie,3,226.95,United States,3PL_East,Carrier_A,influencer_drop,7.77,2.8,5,False,False,none
ORD005484,2025-03-11,Zip Hoodie,3,259.2,United States,3PL_East,Carrier_C,email_drop,8.72,4.8,5,False,False,none
ORD005485,2025-06-13,Zip Hoodie,2,163.2,United States,3PL_Central,Carrier_A,product_launch,6.96,3.6,5,False,False,none
ORD005486,2025-06-17,Zip Hoodie,1,96.0,United States,3PL_Central,Carrier_B,none,4.29,3.4,5,False,False,none
ORD005487,2025-06-13,Zip Hoodie,2,192.0,United States,3PL_East,Carrier_B,none,7.6,2.6,5,False,False,none
ORD005488,2025-01-29,Lounge Set,1,113.6,Canada,3PL_International,Passport_Global,product_launch,17.33,2.8,9,False,False,none
ORD005489,2025-03-18,Weighted Tee,2,91.8,Germany,3PL_International,Passport_Global,influencer_drop,18.61,4.6,9,False,False,none
ORD005490,2025-05-20,Signature Hoodie,1,89.0,United States,3PL_East,Carrier_D,none,7.75,4.5,5,False,False,none
ORD005491,2025-03-03,Cloud Sweatpants,1,66.3,Australia,3PL_International,Passport_Global,email_drop,17.04,4.6,9,False,False,none
ORD005492,2025-05-04,Lounge Set,2,284.0,United States,3PL_East,Carrier_B,none,7.3,2.2,5,False,False,none
ORD005493,2025-02-17,Signature Hoodie,2,178.0,United States,3PL_West,Carrier_C,none,6.89,4.6,5,False,False,none
ORD005494,2025-03-05,Cloud Sweatpants,2,156.0,United States,3PL_East,Carrier_C,none,7.87,3.4,5,False,False,none
ORD005495,2025-06-09,Zip Hoodie,2,192.0,United States,3PL_East,Carrier_A,none,7.47,3.9,5,False,False,none
ORD005496,2025-02-20,Signature Hoodie,1,89.0,United States,3PL_East,Carrier_B,none,5.24,4.9,5,False,False,none
ORD005497,2025-06-25,Cloud Sweatpants,1,78.0,United States,3PL_East,Carrier_B,none,5.07,2.8,5,False,False,none
ORD005498,2025-03-02,Lounge Set,1,142.0,Australia,3PL_International,Passport_Global,none,17.21,4.6,9,False,False,none
ORD005499,2025-01-05,Signature Hoodie,4,356.0,United States,3PL_West,Carrier_C,none,8.65,3.9,5,False,False,none
ORD005500,2025-02-21,Signature Hoodie,3,267.0,United States,3PL_East,Carrier_D,none,8.78,1.1,5,False,False,none
ORD005501,2025-02-04,Lounge Set,2,284.0,United States,3PL_West,Carrier_C,none,6.3,3.1,5,False,False,none
ORD005502,2025-04-02,Lounge Set,1,120.7,United States,3PL_East,Carrier_B,email_drop,4.39,2.9,5,False,False,none
ORD005503,2025-01-23,Cloud Sweatpants,4,280.8,United States,3PL_West,Carrier_C,email_drop,8.07,2.7,5,False,False,none
ORD005504,2025-04-26,Cloud Sweatpants,3,234.0,United States,3PL_West,Carrier_A,none,8.79,3.0,5,False,False,none
ORD005505,2025-06-12,Signature Hoodie,1,89.0,United States,3PL_East,Carrier_A,none,4.33,3.9,5,False,False,none
ORD005506,2025-03-11,Lounge Set,1,127.8,United States,3PL_West,Carrier_B,influencer_drop,4.26,3.7,5,False,False,none
ORD005507,2025-02-03,Signature Hoodie,1,80.1,United States,3PL_East,Carrier_B,holiday_sale,4.82,2.2,5,False,False,none
ORD005508,2025-03-16,Lounge Set,4,511.2,United States,3PL_Central,Carrier_D,product_launch,11.74,3.2,5,False,False,none
ORD005509,2025-05-28,Lounge Set,4,511.2,United States,3PL_West,Carrier_C,product_launch,8.1,4.3,5,False,False,none
ORD005510,2025-04-19,Signature Hoodie,1,71.2,United States,3PL_East,Carrier_B,email_drop,5.15,3.2,5,False,False,none
ORD005511,2025-01-21,Zip Hoodie,1,76.8,United States,3PL_East,Carrier_A,holiday_sale,5.62,3.6,5,False,False,none
ORD005512,2025-04-08,Weighted Tee,2,108.0,United Kingdom,3PL_International,Passport_Global,none,19.37,4.5,9,False,True,quality_issue
ORD005513,2025-03-27,Lounge Set,1,120.7,United States,3PL_Central,Carrier_B,influencer_drop,5.31,4.5,5,False,False,none
ORD005514,2025-03-06,Zip Hoodie,1,86.4,United States,3PL_Central,Carrier_C,product_launch,5.71,4.1,5,False,False,none
ORD005515,2025-01-23,Signature Hoodie,1,75.65,United States,3PL_Central,Carrier_D,influencer_drop,7.97,2.4,5,False,False,none
ORD005516,2025-06-28,Zip Hoodie,1,96.0,Canada,3PL_International,Passport_Global,none,16.77,4.7,9,False,False,none
ORD005517,2025-02-05,Zip Hoodie,1,96.0,United States,3PL_Central,Carrier_C,none,4.85,1.5,5,False,False,none
ORD005518,2025-02-08,Cloud Sweatpants,2,156.0,United States,3PL_East,Carrier_C,none,5.88,3.4,5,False,False,none
ORD005519,2025-01-30,Signature Hoodie,1,89.0,United States,3PL_West,Carrier_B,none,5.1,2.1,5,False,False,none
ORD005520,2025-04-15,Lounge Set,2,255.6,United States,3PL_East,Carrier_A,influencer_drop,7.54,4.8,5,False,False,none
ORD005521,2025-03-23,Cloud Sweatpants,2,124.8,United States,3PL_Central,Carrier_A,email_drop,7.33,2.2,5,False,False,none
ORD005522,2025-02-20,Signature Hoodie,3,267.0,Canada,3PL_International,Passport_Global,none,20.03,5.2,9,False,False,none
ORD005523,2025-03-21,Signature Hoodie,3,226.95,United States,3PL_West,Carrier_C,email_drop,8.34,1.6,5,False,False,none
ORD005524,2025-05-06,Signature Hoodie,2,178.0,United States,3PL_West,Carrier_B,none,8.24,3.4,5,False,True,late_delivery
ORD005525,2025-02-26,Cloud Sweatpants,3,234.0,United States,3PL_Central,Carrier_C,none,6.7,3.9,5,False,False,none
ORD005526,2025-06-18,Signature Hoodie,2,178.0,United States,3PL_East,Carrier_B,none,6.02,4.2,5,False,False,none
ORD005527,2025-03-02,Cloud Sweatpants,1,78.0,United States,3PL_West,Carrier_A,none,5.18,5.1,5,True,False,none
ORD005528,2025-02-09,Signature Hoodie,4,302.6,United States,3PL_West,Carrier_A,email_drop,9.15,4.6,5,False,False,none
ORD005529,2025-06-24,Signature Hoodie,3,213.6,United States,3PL_West,Carrier_C,email_drop,8.11,4.9,5,False,False,none
ORD005530,2025-06-02,Signature Hoodie,1,71.2,United States,3PL_West,Carrier_B,influencer_drop,4.55,4.2,5,False,False,none
ORD005531,2025-03-08,Signature Hoodie,1,89.0,United States,3PL_East,Carrier_D,none,7.34,2.9,5,False,False,none
ORD005532,2025-06-07,Cloud Sweatpants,4,249.6,United States,3PL_East,Carrier_B,email_drop,9.53,3.6,5,False,False,none
ORD005533,2025-04-05,Cloud Sweatpants,1,78.0,United States,3PL_Central,Carrier_A,none,4.42,4.1,5,False,False,none
ORD005534,2025-03-08,Zip Hoodie,1,96.0,United States,3PL_West,Carrier_C,none,5.52,4.8,5,False,True,duplicate_order
ORD005535,2025-06-06,Cloud Sweatpants,3,234.0,United States,3PL_West,Carrier_B,none,7.21,3.2,5,False,False,none
ORD005536,2025-05-22,Zip Hoodie,1,86.4,United States,3PL_East,Carrier_C,email_drop,4.25,3.2,5,False,False,none
ORD005537,2025-03-01,Signature Hoodie,1,80.1,United States,3PL_East,Carrier_A,holiday_sale,6.19,3.3,5,False,False,none
ORD005538,2025-04-22,Cloud Sweatpants,3,234.0,Australia,3PL_International,Passport_Global,none,20.47,3.9,9,False,False,none
ORD005539,2025-03-12,Signature Hoodie,1,75.65,United States,3PL_East,Carrier_B,holiday_sale,4.68,4.4,5,False,False,none
ORD005540,2025-01-01,Cloud Sweatpants,1,78.0,United States,3PL_East,Carrier_B,none,6.13,4.7,5,False,False,none
ORD005541,2025-06-25,Zip Hoodie,1,96.0,United States,3PL_East,Carrier_A,none,7.1,4.8,5,False,False,none
ORD005542,2025-04-11,Lounge Set,1,127.8,Canada,3PL_International,Passport_Global,influencer_drop,17.88,4.7,9,False,False,none
ORD005543,2025-04-20,Cloud Sweatpants,1,66.3,United Kingdom,3PL_International,Passport_Global,email_drop,16.69,6.3,9,False,False,none
ORD005544,2025-04-21,Signature Hoodie,1,80.1,United States,3PL_West,Carrier_B,holiday_sale,5.16,5.0,5,False,False,none
ORD005545,2025-04-11,Signature Hoodie,2,142.4,Germany,3PL_International,Passport_Global,influencer_drop,17.4,5.6,9,False,False,none
ORD005546,2025-02-28,Weighted Tee,2,108.0,United States,3PL_West,Carrier_D,none,8.25,2.3,5,False,False,none
ORD005547,2025-06-26,Signature Hoodie,1,75.65,Canada,3PL_International,Passport_Global,product_launch,17.49,5.4,9,False,False,none
ORD005548,2025-04-25,Signature Hoodie,2,151.3,United States,3PL_West,Carrier_A,product_launch,7.18,4.1,5,False,False,none
ORD005549,2025-05-05,Signature Hoodie,1,89.0,Australia,3PL_International,Passport_Global,none,17.32,4.1,9,False,False,none
ORD005550,2025-03-25,Weighted Tee,1,54.0,United Kingdom,3PL_International,Passport_Global,none,18.52,3.6,9,False,False,none
ORD005551,2025-02-27,Lounge Set,2,284.0,United States,3PL_East,Carrier_C,none,5.91,3.6,5,False,False,none
ORD005552,2025-01-13,Signature Hoodie,1,80.1,United States,3PL_East,Carrier_A,influencer_drop,5.3,3.4,5,False,False,none
ORD005553,2025-03-09,Signature Hoodie,3,226.95,United States,3PL_Central,Carrier_A,product_launch,6.57,3.4,5,False,False,none
ORD005554,2025-02-05,Zip Hoodie,1,81.6,United States,3PL_Central,Carrier_A,influencer_drop,4.55,3.1,5,False,False,none
ORD005555,2025-05-03,Signature Hoodie,2,178.0,United States,3PL_West,Carrier_A,none,7.18,3.8,5,False,False,none
ORD005556,2025-06-12,Signature Hoodie,1,89.0,United States,3PL_Central,Carrier_B,none,6.26,2.0,5,False,False,none
ORD005557,2025-03-02,Cloud Sweatpants,2,156.0,United States,3PL_East,Carrier_A,none,6.03,4.5,5,False,False,none
ORD005558,2025-03-07,Cloud Sweatpants,1,78.0,United States,3PL_West,Carrier_A,none,5.82,5.0,5,False,False,none
ORD005559,2025-05-05,Signature Hoodie,4,356.0,United States,3PL_East,Carrier_C,none,9.47,4.3,5,False,False,none
ORD005560,2025-01-31,Zip Hoodie,1,96.0,Canada,3PL_International,Passport_Global,none,16.95,6.3,9,False,False,none
ORD005561,2025-06-20,Zip Hoodie,1,96.0,United States,3PL_East,Carrier_A,none,5.76,2.4,5,False,False,none
ORD005562,2025-03-11,Cloud Sweatpants,3,234.0,United States,3PL_West,Carrier_B,none,7.71,2.9,5,False,False,none
ORD005563,2025-01-21,Signature Hoodie,1,80.1,United States,3PL_West,Carrier_A,influencer_drop,5.68,4.4,5,False,False,none
ORD005564,2025-02-05,Signature Hoodie,2,178.0,United States,3PL_West,Carrier_A,none,6.45,4.3,5,False,False,none
ORD005565,2025-06-20,Lounge Set,1,142.0,United States,3PL_East,Carrier_A,none,3.7,4.3,5,False,False,none
ORD005566,2025-02-19,Signature Hoodie,1,89.0,United States,3PL_West,Carrier_A,none,5.53,4.5,5,False,False,none
ORD005567,2025-05-03,Cloud Sweatpants,3,210.6,United States,3PL_East,Carrier_A,product_launch,7.57,3.9,5,False,False,none
ORD005568,2025-02-01,Signature Hoodie,1,71.2,United States,3PL_East,Carrier_A,influencer_drop,5.13,4.3,5,False,False,none
ORD005569,2025-02-08,Signature Hoodie,1,71.2,Germany,3PL_International,Passport_Global,email_drop,16.49,3.9,9,False,False,none
ORD005570,2025-06-12,Cloud Sweatpants,1,62.4,United States,3PL_East,Carrier_A,email_drop,6.2,3.6,5,False,False,none
ORD005571,2025-01-30,Signature Hoodie,2,142.4,United States,3PL_West,Carrier_A,email_drop,6.58,2.5,5,False,False,none
ORD005572,2025-01-04,Zip Hoodie,1,86.4,Australia,3PL_International,Passport_Global,email_drop,16.18,1.1,9,False,False,none
ORD005573,2025-04-01,Signature Hoodie,4,356.0,United Kingdom,3PL_International,Passport_Global,none,22.34,3.1,9,False,False,none
ORD005574,2025-06-10,Lounge Set,1,142.0,United States,3PL_West,Carrier_C,none,5.74,4.6,5,False,False,none
ORD005575,2025-03-05,Zip Hoodie,3,288.0,United States,3PL_East,Carrier_B,none,8.44,4.7,5,False,False,none
ORD005576,2025-01-26,Signature Hoodie,4,356.0,United States,3PL_East,Carrier_B,none,8.61,2.9,5,False,False,none
ORD005577,2025-06-28,Lounge Set,3,426.0,United States,3PL_West,Carrier_C,none,7.69,4.8,5,False,False,none
ORD005578,2025-05-06,Weighted Tee,3,162.0,United States,3PL_Central,Carrier_B,none,8.55,1.0,5,False,False,none
ORD005579,2025-06-08,Signature Hoodie,2,178.0,United States,3PL_East,Carrier_C,none,6.9,2.7,5,False,False,none
ORD005580,2025-05-22,Zip Hoodie,2,192.0,United States,3PL_East,Carrier_C,none,6.44,3.4,5,False,False,none
ORD005581,2025-05-11,Zip Hoodie,1,96.0,United States,3PL_West,Carrier_A,none,4.89,6.0,5,True,False,none
ORD005582,2025-03-14,Zip Hoodie,1,96.0,United Kingdom,3PL_International,Passport_Global,none,15.75,7.1,9,False,False,none
ORD005583,2025-03-05,Signature Hoodie,1,89.0,United States,3PL_East,Carrier_A,none,6.13,4.6,5,False,False,none
ORD005584,2025-05-15,Signature Hoodie,2,178.0,Germany,3PL_International,Passport_Global,none,19.71,4.1,9,False,False,none
ORD005585,2025-05-14,Signature Hoodie,1,80.1,United States,3PL_Central,Carrier_C,email_drop,6.0,5.3,5,True,False,none
ORD005586,2025-06-23,Signature Hoodie,4,356.0,Germany,3PL_International,Passport_Global,none,22.16,7.5,9,False,False,none
ORD005587,2025-04-15,Signature Hoodie,4,356.0,United States,3PL_East,Carrier_B,none,8.11,4.9,5,False,False,none
ORD005588,2025-03-01,Lounge Set,1,142.0,United States,3PL_East,Carrier_B,none,5.12,2.3,5,False,False,none
ORD005589,2025-03-30,Signature Hoodie,1,89.0,United States,3PL_East,Carrier_C,none,5.02,4.9,5,False,False,none
ORD005590,2025-04-24,Cloud Sweatpants,3,234.0,United States,3PL_East,Carrier_B,none,6.13,2.9,5,False,False,none
ORD005591,2025-03-21,Signature Hoodie,1,89.0,United States,3PL_Central,Carrier_B,none,4.92,4.5,5,False,False,none
ORD005592,2025-05-29,Cloud Sweatpants,1,78.0,United States,3PL_West,Carrier_B,none,5.54,3.8,5,False,False,none
ORD005593,2025-04-18,Lounge Set,1,127.8,United States,3PL_West,Carrier_C,product_launch,6.24,2.9,5,False,True,late_delivery
ORD005594,2025-01-03,Lounge Set,2,241.4,Canada,3PL_International,Passport_Global,email_drop,19.37,5.8,9,False,False,none
ORD005595,2025-04-15,Cloud Sweatpants,1,78.0,United States,3PL_East,Carrier_C,none,4.9,4.5,5,False,False,none
ORD005596,2025-04-28,Cloud Sweatpants,1,78.0,United States,3PL_East,Carrier_C,none,6.17,3.6,5,False,False,none
ORD005597,2025-06-18,Signature Hoodie,1,71.2,United Kingdom,3PL_International,Passport_Global,influencer_drop,18.05,4.8,9,False,False,none
ORD005598,2025-03-19,Weighted Tee,2,108.0,United States,3PL_West,Carrier_C,none,5.24,3.5,5,False,False,none
ORD005599,2025-04-16,Signature Hoodie,4,320.4,United States,3PL_East,Carrier_B,product_launch,9.02,5.2,5,True,False,none
ORD005600,2025-03-28,Signature Hoodie,1,89.0,United States,3PL_West,Carrier_D,none,7.85,6.4,5,True,False,none
ORD005601,2025-04-07,Cloud Sweatpants,1,78.0,United States,3PL_East,Carrier_D,none,7.65,5.7,5,True,False,none
ORD005602,2025-01-14,Signature Hoodie,2,178.0,United States,3PL_East,Carrier_B,none,5.64,4.1,5,False,False,none
ORD005603,2025-06-15,Signature Hoodie,1,80.1,United States,3PL_East,Carrier_C,holiday_sale,4.67,2.6,5,False,False,none
ORD005604,2025-06-17,Weighted Tee,2,86.4,Australia,3PL_International,Passport_Global,product_launch,20.63,4.2,9,False,False,none
ORD005605,2025-04-11,Signature Hoodie,1,80.1,United States,3PL_West,Carrier_A,holiday_sale,4.7,5.6,5,True,False,none
ORD005606,2025-04-12,Signature Hoodie,2,178.0,United States,3PL_Central,Carrier_B,none,6.62,3.5,5,False,False,none
ORD005607,2025-01-12,Signature Hoodie,4,302.6,United States,3PL_Central,Carrier_B,influencer_drop,6.86,4.5,5,False,False,none
ORD005608,2025-04-20,Signature Hoodie,2,178.0,United Kingdom,3PL_International,Passport_Global,none,20.03,6.5,9,False,False,none
ORD005609,2025-03-21,Weighted Tee,3,162.0,United States,3PL_East,Carrier_D,none,10.16,4.6,5,False,False,none
ORD005610,2025-05-13,Zip Hoodie,1,81.6,United States,3PL_West,Carrier_A,email_drop,6.81,2.8,5,False,False,none
ORD005611,2025-01-10,Lounge Set,4,511.2,United States,3PL_East,Carrier_C,product_launch,8.04,4.0,5,False,False,none
ORD005612,2025-05-13,Lounge Set,2,284.0,United States,3PL_Central,Carrier_C,none,7.56,2.8,5,False,False,none
ORD005613,2025-02-27,Zip Hoodie,2,192.0,United States,3PL_West,Carrier_C,none,5.75,4.2,5,False,False,none
ORD005614,2025-05-01,Cloud Sweatpants,1,78.0,United States,3PL_East,Carrier_B,none,6.67,4.3,5,False,False,none
ORD005615,2025-04-26,Cloud Sweatpants,2,156.0,United States,3PL_West,Carrier_B,none,4.65,4.3,5,False,False,none
ORD005616,2025-02-15,Zip Hoodie,2,192.0,United States,3PL_East,Carrier_A,none,7.41,1.0,5,False,False,none
ORD005617,2025-03-23,Zip Hoodie,2,153.6,United States,3PL_West,Carrier_A,holiday_sale,6.61,4.7,5,False,False,none
ORD005618,2025-06-06,Cloud Sweatpants,1,78.0,United States,3PL_East,Carrier_A,none,5.98,3.2,5,False,False,none
ORD005619,2025-04-22,Cloud Sweatpants,1,66.3,United States,3PL_Central,Carrier_A,email_drop,5.88,3.6,5,False,False,none
ORD005620,2025-01-14,Zip Hoodie,2,192.0,Germany,3PL_International,Passport_Global,none,19.35,3.6,9,False,False,none
ORD005621,2025-03-23,Signature Hoodie,3,267.0,United States,3PL_East,Carrier_C,none,9.68,5.0,5,False,False,none
ORD005622,2025-03-03,Cloud Sweatpants,1,78.0,United States,3PL_West,Carrier_A,none,6.9,3.5,5,False,False,none
ORD005623,2025-04-29,Cloud Sweatpants,2,156.0,United States,3PL_East,Carrier_C,none,7.05,3.7,5,False,True,late_delivery
ORD005624,2025-04-24,Cloud Sweatpants,4,312.0,United States,3PL_Central,Carrier_A,none,9.06,4.1,5,False,False,none
ORD005625,2025-01-03,Cloud Sweatpants,4,249.6,United States,3PL_West,Carrier_B,email_drop,10.08,3.6,5,False,False,none
ORD005626,2025-04-22,Zip Hoodie,2,163.2,United States,3PL_Central,Carrier_A,product_launch,7.83,5.8,5,True,False,none
ORD005627,2025-05-18,Zip Hoodie,3,288.0,Australia,3PL_International,Passport_Global,none,20.23,5.8,9,False,False,none
ORD005628,2025-05-25,Signature Hoodie,1,89.0,United States,3PL_East,Carrier_C,none,5.49,3.9,5,False,False,none
ORD005629,2025-01-12,Signature Hoodie,1,75.65,United States,3PL_East,Carrier_B,holiday_sale,4.68,3.4,5,False,False,none
ORD005630,2025-03-02,Signature Hoodie,2,178.0,United States,3PL_West,Carrier_A,none,6.85,5.4,5,True,True,duplicate_order
ORD005631,2025-03-20,Signature Hoodie,3,226.95,United States,3PL_East,Carrier_A,holiday_sale,7.92,5.4,5,True,False,none
ORD005632,2025-02-06,Signature Hoodie,1,75.65,United States,3PL_East,Carrier_C,product_launch,6.23,6.0,5,True,False,none
ORD005633,2025-03-20,Zip Hoodie,2,153.6,Canada,3PL_International,Passport_Global,holiday_sale,20.45,3.3,9,False,False,none
ORD005634,2025-01-15,Lounge Set,1,142.0,Australia,3PL_International,Passport_Global,none,18.84,4.5,9,False,True,changed_mind
ORD005635,2025-01-23,Signature Hoodie,1,71.2,Australia,3PL_International,Passport_Global,email_drop,18.69,3.7,9,False,False,none
ORD005636,2025-05-05,Lounge Set,1,142.0,United States,3PL_East,Carrier_B,none,5.27,4.0,5,False,False,none
ORD005637,2025-02-22,Signature Hoodie,2,178.0,United States,3PL_East,Carrier_B,none,6.27,3.1,5,False,False,none
ORD005638,2025-05-13,Lounge Set,3,340.8,United States,3PL_East,Carrier_C,product_launch,8.35,4.1,5,False,False,none
ORD005639,2025-01-10,Cloud Sweatpants,4,312.0,United States,3PL_West,Carrier_C,none,9.36,4.1,5,False,False,none
ORD005640,2025-04-13,Zip Hoodie,4,326.4,United States,3PL_West,Carrier_A,influencer_drop,9.46,1.8,5,False,False,none
ORD005641,2025-03-15,Signature Hoodie,1,89.0,United States,3PL_West,Carrier_B,none,4.66,1.3,5,False,False,none
ORD005642,2025-05-31,Signature Hoodie,4,356.0,United States,3PL_Central,Carrier_A,none,8.11,3.1,5,False,False,none
ORD005643,2025-05-28,Signature Hoodie,2,160.2,Canada,3PL_International,Passport_Global,email_drop,18.58,7.8,9,False,False,none
ORD005644,2025-03-13,Zip Hoodie,1,86.4,Canada,3PL_International,Passport_Global,influencer_drop,18.41,4.8,9,False,False,none
ORD005645,2025-04-26,Lounge Set,2,284.0,Australia,3PL_International,Passport_Global,none,18.99,4.2,9,False,False,none
ORD005646,2025-02-15,Zip Hoodie,1,81.6,United States,3PL_East,Carrier_B,influencer_drop,6.66,4.2,5,False,False,none
ORD005647,2025-04-17,Zip Hoodie,2,192.0,United Kingdom,3PL_International,Passport_Global,none,18.17,5.5,9,False,False,none
ORD005648,2025-01-17,Signature Hoodie,3,213.6,United States,3PL_East,Carrier_D,holiday_sale,8.73,3.8,5,False,False,none
ORD005649,2025-03-22,Zip Hoodie,4,326.4,United States,3PL_East,Carrier_B,email_drop,8.7,2.8,5,False,False,none
ORD005650,2025-02-06,Lounge Set,1,127.8,United States,3PL_Central,Carrier_A,influencer_drop,4.99,2.3,5,False,False,none
ORD005651,2025-06-13,Cloud Sweatpants,1,78.0,United States,3PL_West,Carrier_C,none,4.77,4.9,5,False,False,none
ORD005652,2025-03-23,Cloud Sweatpants,2,156.0,United States,3PL_East,Carrier_A,none,6.63,3.7,5,False,False,none
ORD005653,2025-04-19,Signature Hoodie,1,80.1,Canada,3PL_International,Passport_Global,holiday_sale,17.91,6.2,9,False,False,none
ORD005654,2025-03-11,Signature Hoodie,4,356.0,United States,3PL_East,Carrier_B,none,7.85,4.4,5,False,False,none
ORD005655,2025-02-28,Signature Hoodie,1,89.0,Australia,3PL_International,Passport_Global,none,17.34,3.3,9,False,False,none
ORD005656,2025-02-10,Zip Hoodie,1,81.6,United States,3PL_East,Carrier_B,influencer_drop,5.98,2.3,5,False,True,fit_issue
ORD005657,2025-06-17,Lounge Set,1,113.6,United States,3PL_West,Carrier_A,email_drop,5.19,3.2,5,False,False,none
ORD005658,2025-05-31,Signature Hoodie,1,75.65,Australia,3PL_International,Passport_Global,holiday_sale,17.15,5.4,9,False,True,changed_mind
ORD005659,2025-01-27,Weighted Tee,3,145.8,United States,3PL_West,Carrier_D,email_drop,9.22,5.1,5,True,False,none
ORD005660,2025-05-20,Lounge Set,4,454.4,United Kingdom,3PL_International,Passport_Global,product_launch,20.28,4.3,9,False,False,none
ORD005661,2025-03-19,Cloud Sweatpants,3,234.0,United States,3PL_West,Carrier_B,none,9.13,3.5,5,False,False,none
ORD005662,2025-01-04,Weighted Tee,2,86.4,United States,3PL_East,Carrier_B,email_drop,7.26,3.7,5,False,False,none
ORD005663,2025-04-06,Lounge Set,1,120.7,United States,3PL_East,Carrier_B,holiday_sale,7.37,4.9,5,False,True,quality_issue
ORD005664,2025-01-26,Signature Hoodie,4,302.6,United States,3PL_East,Carrier_A,email_drop,8.93,4.7,5,False,False,none
ORD005665,2025-02-12,Weighted Tee,4,216.0,United States,3PL_West,Carrier_B,none,8.57,5.2,5,True,False,none
ORD005666,2025-05-10,Cloud Sweatpants,2,156.0,United States,3PL_Central,Carrier_A,none,5.86,5.6,5,True,False,none
ORD005667,2025-02-21,Signature Hoodie,3,267.0,United States,3PL_East,Carrier_C,none,8.07,3.5,5,False,False,none
ORD005668,2025-06-14,Signature Hoodie,1,71.2,United States,3PL_East,Carrier_C,influencer_drop,5.04,3.4,5,False,False,none
ORD005669,2025-05-02,Zip Hoodie,2,192.0,Germany,3PL_International,Passport_Global,none,18.18,4.4,9,False,False,none
ORD005670,2025-06-05,Weighted Tee,3,137.7,Australia,3PL_International,Passport_Global,influencer_drop,21.16,3.1,9,False,False,none
ORD005671,2025-04-24,Cloud Sweatpants,1,66.3,United States,3PL_West,Carrier_A,influencer_drop,5.43,3.1,5,False,False,none
ORD005672,2025-06-11,Cloud Sweatpants,3,234.0,United States,3PL_West,Carrier_A,none,7.91,2.1,5,False,False,none
ORD005673,2025-03-11,Signature Hoodie,4,356.0,United States,3PL_West,Carrier_A,none,9.03,3.4,5,False,False,none
ORD005674,2025-04-11,Lounge Set,4,568.0,United States,3PL_East,Carrier_B,none,9.18,2.6,5,False,False,none
ORD005675,2025-04-04,Signature Hoodie,1,89.0,United States,3PL_Central,Carrier_C,none,4.0,3.8,5,False,False,none
ORD005676,2025-06-16,Cloud Sweatpants,2,156.0,Canada,3PL_International,Passport_Global,none,18.03,3.9,9,False,False,none
ORD005677,2025-02-02,Cloud Sweatpants,1,78.0,United States,3PL_East,Carrier_D,none,8.67,2.4,5,False,False,none
ORD005678,2025-04-17,Signature Hoodie,2,151.3,United States,3PL_East,Carrier_B,influencer_drop,6.51,4.6,5,False,False,none
ORD005679,2025-05-22,Weighted Tee,3,162.0,United States,3PL_West,Carrier_A,none,8.03,5.8,5,True,False,none
ORD005680,2025-03-12,Weighted Tee,1,54.0,United Kingdom,3PL_International,Passport_Global,none,18.44,4.1,9,False,False,none
ORD005681,2025-06-10,Cloud Sweatpants,1,78.0,United States,3PL_West,Carrier_B,none,5.1,3.2,5,False,False,none
ORD005682,2025-03-13,Zip Hoodie,1,76.8,United States,3PL_West,Carrier_B,influencer_drop,4.54,3.0,5,False,False,none
ORD005683,2025-02-04,Lounge Set,3,426.0,United States,3PL_West,Carrier_B,none,6.61,4.5,5,False,False,none
ORD005684,2025-04-18,Signature Hoodie,4,356.0,United States,3PL_East,Carrier_A,none,8.04,5.4,5,True,False,none
ORD005685,2025-03-20,Signature Hoodie,1,71.2,United States,3PL_East,Carrier_C,product_launch,4.85,5.0,5,False,False,none
ORD005686,2025-01-04,Zip Hoodie,4,384.0,United States,3PL_East,Carrier_B,none,8.24,3.2,5,False,False,none
ORD005687,2025-01-15,Cloud Sweatpants,1,78.0,United States,3PL_West,Carrier_D,none,6.17,5.2,5,True,False,none
ORD005688,2025-02-09,Zip Hoodie,2,192.0,United States,3PL_West,Carrier_B,none,7.29,3.1,5,False,False,none
ORD005689,2025-05-25,Cloud Sweatpants,1,66.3,Australia,3PL_International,Passport_Global,email_drop,18.98,4.0,9,False,False,none
ORD005690,2025-06-14,Zip Hoodie,4,345.6,United States,3PL_West,Carrier_C,influencer_drop,8.1,4.7,5,False,False,none
ORD005691,2025-04-10,Signature Hoodie,3,267.0,United Kingdom,3PL_International,Passport_Global,none,18.73,5.5,9,False,False,none
ORD005692,2025-01-22,Signature Hoodie,1,75.65,United States,3PL_Central,Carrier_A,influencer_drop,5.45,2.5,5,False,False,none
ORD005693,2025-04-08,Signature Hoodie,2,151.3,Australia,3PL_International,Passport_Global,email_drop,20.16,2.9,9,False,False,none
ORD005694,2025-06-09,Cloud Sweatpants,3,198.9,United States,3PL_West,Carrier_A,holiday_sale,6.64,5.2,5,True,False,none
ORD005695,2025-05-21,Zip Hoodie,1,81.6,United States,3PL_West,Carrier_B,holiday_sale,4.36,5.3,5,True,True,changed_mind
ORD005696,2025-02-28,Lounge Set,2,227.2,United States,3PL_West,Carrier_B,influencer_drop,4.66,4.6,5,False,False,none
ORD005697,2025-01-25,Cloud Sweatpants,1,78.0,United States,3PL_Central,Carrier_C,none,5.61,4.8,5,False,False,none
ORD005698,2025-06-15,Zip Hoodie,3,288.0,Canada,3PL_International,Passport_Global,none,19.3,4.7,9,False,False,none
ORD005699,2025-06-08,Signature Hoodie,2,142.4,United States,3PL_Central,Carrier_C,product_launch,7.25,5.1,5,True,False,none
ORD005700,2025-01-11,Cloud Sweatpants,3,234.0,United States,3PL_East,Carrier_D,none,10.08,3.4,5,False,False,none
ORD005701,2025-06-04,Weighted Tee,2,108.0,United States,3PL_Central,Carrier_C,none,7.75,4.5,5,False,False,none
ORD005702,2025-01-20,Signature Hoodie,2,142.4,United States,3PL_East,Carrier_A,holiday_sale,7.43,3.0,5,False,True,quality_issue
ORD005703,2025-01-13,Lounge Set,1,113.6,United States,3PL_East,Carrier_C,holiday_sale,4.13,5.0,5,False,False,none
ORD005704,2025-05-23,Signature Hoodie,3,240.3,United Kingdom,3PL_International,Passport_Global,email_drop,19.88,3.4,9,False,False,none
ORD005705,2025-04-08,Signature Hoodie,1,71.2,United States,3PL_West,Carrier_B,holiday_sale,6.31,4.8,5,False,False,none
ORD005706,2025-03-19,Zip Hoodie,1,96.0,Canada,3PL_International,Passport_Global,none,16.71,2.4,9,False,False,none
ORD005707,2025-06-16,Lounge Set,2,241.4,United States,3PL_East,Carrier_B,influencer_drop,6.25,3.4,5,False,False,none
ORD005708,2025-06-06,Cloud Sweatpants,3,210.6,United States,3PL_West,Carrier_A,product_launch,7.76,3.4,5,False,False,none
ORD005709,2025-01-12,Lounge Set,2,284.0,United States,3PL_West,Carrier_C,none,6.51,5.7,5,True,False,none
ORD005710,2025-04-24,Lounge Set,1,142.0,Canada,3PL_International,Passport_Global,none,18.04,3.9,9,False,True,fit_issue
ORD005711,2025-05-25,Zip Hoodie,1,86.4,United States,3PL_West,Carrier_B,influencer_drop,4.86,2.4,5,False,False,none
ORD005712,2025-04-11,Signature Hoodie,1,89.0,United States,3PL_Central,Carrier_B,none,4.65,5.7,5,True,False,none
ORD005713,2025-06-28,Signature Hoodie,2,178.0,United States,3PL_West,Carrier_B,none,6.91,5.6,5,True,False,none
ORD005714,2025-05-08,Zip Hoodie,3,288.0,United States,3PL_West,Carrier_C,none,7.56,4.2,5,False,False,none
ORD005715,2025-01-21,Zip Hoodie,2,192.0,United States,3PL_Central,Carrier_D,none,10.04,3.4,5,False,False,none
ORD005716,2025-02-09,Cloud Sweatpants,3,234.0,United States,3PL_Central,Carrier_C,none,6.81,1.7,5,False,True,quality_issue
ORD005717,2025-06-04,Cloud Sweatpants,2,140.4,United States,3PL_East,Carrier_D,holiday_sale,8.3,4.0,5,False,False,none
ORD005718,2025-06-30,Signature Hoodie,4,320.4,United States,3PL_East,Carrier_A,email_drop,7.79,2.4,5,False,False,none
ORD005719,2025-01-20,Signature Hoodie,4,284.8,United States,3PL_East,Carrier_A,email_drop,9.14,2.1,5,False,False,none
ORD005720,2025-01-21,Cloud Sweatpants,1,78.0,United States,3PL_West,Carrier_C,none,5.23,2.7,5,False,False,none
ORD005721,2025-05-24,Lounge Set,1,142.0,United States,3PL_Central,Carrier_B,none,5.82,2.9,5,False,False,none
ORD005722,2025-01-13,Zip Hoodie,1,96.0,United States,3PL_East,Carrier_C,none,4.83,4.6,5,False,False,none
ORD005723,2025-01-14,Weighted Tee,1,43.2,United States,3PL_West,Carrier_C,holiday_sale,3.93,3.1,5,False,False,none
ORD005724,2025-06-14,Zip Hoodie,2,163.2,United States,3PL_East,Carrier_A,product_launch,7.57,4.2,5,False,False,none
ORD005725,2025-05-31,Signature Hoodie,2,178.0,United States,3PL_West,Carrier_C,none,7.27,4.1,5,False,False,none
ORD005726,2025-06-13,Zip Hoodie,4,345.6,United States,3PL_Central,Carrier_A,product_launch,9.6,3.9,5,False,False,none
ORD005727,2025-05-01,Lounge Set,2,284.0,United States,3PL_West,Carrier_B,none,7.26,4.5,5,False,True,duplicate_order
ORD005728,2025-03-05,Zip Hoodie,4,384.0,United States,3PL_Central,Carrier_C,none,8.93,3.9,5,False,False,none
ORD005729,2025-06-16,Cloud Sweatpants,2,140.4,United States,3PL_West,Carrier_C,influencer_drop,7.04,3.1,5,False,False,none
ORD005730,2025-03-01,Zip Hoodie,4,384.0,United States,3PL_West,Carrier_B,none,8.12,4.6,5,False,False,none
ORD005731,2025-02-25,Signature Hoodie,3,240.3,Australia,3PL_International,Passport_Global,product_launch,19.77,3.1,9,False,False,none
ORD005732,2025-06-13,Signature Hoodie,2,178.0,Germany,3PL_International,Passport_Global,none,19.86,7.1,9,False,False,none
ORD005733,2025-05-07,Signature Hoodie,4,284.8,United States,3PL_Central,Carrier_A,influencer_drop,10.47,4.2,5,False,False,none
ORD005734,2025-06-15,Cloud Sweatpants,4,312.0,United States,3PL_East,Carrier_A,none,9.11,5.0,5,False,False,none
ORD005735,2025-02-01,Lounge Set,1,142.0,United States,3PL_East,Carrier_A,none,3.0,2.5,5,False,False,none
ORD005736,2025-06-23,Signature Hoodie,1,89.0,United States,3PL_East,Carrier_B,none,5.68,4.2,5,False,False,none
ORD005737,2025-04-24,Signature Hoodie,1,71.2,United States,3PL_Central,Carrier_A,product_launch,6.54,4.8,5,False,False,none
ORD005738,2025-05-04,Lounge Set,4,568.0,Germany,3PL_International,Passport_Global,none,21.01,3.6,9,False,False,none
ORD005739,2025-06-18,Lounge Set,2,227.2,United States,3PL_Central,Carrier_A,email_drop,5.75,4.0,5,False,False,none
ORD005740,2025-03-14,Cloud Sweatpants,2,156.0,United States,3PL_West,Carrier_A,none,7.32,4.7,5,False,False,none
ORD005741,2025-05-15,Signature Hoodie,1,89.0,United States,3PL_West,Carrier_B,none,5.12,2.7,5,False,False,none
ORD005742,2025-04-29,Cloud Sweatpants,1,78.0,United States,3PL_West,Carrier_D,none,6.91,4.2,5,False,False,none
ORD005743,2025-05-29,Zip Hoodie,1,76.8,United States,3PL_West,Carrier_A,influencer_drop,4.06,4.9,5,False,False,none
ORD005744,2025-06-15,Lounge Set,2,284.0,United Kingdom,3PL_International,Passport_Global,none,17.63,4.0,9,False,False,none
ORD005745,2025-05-07,Signature Hoodie,1,89.0,United States,3PL_West,Carrier_A,none,6.07,2.4,5,False,False,none
ORD005746,2025-01-14,Lounge Set,3,426.0,United States,3PL_Central,Carrier_D,none,8.51,4.1,5,False,False,none
ORD005747,2025-02-06,Zip Hoodie,1,96.0,United States,3PL_East,Carrier_B,none,6.82,2.8,5,False,False,none
ORD005748,2025-06-24,Zip Hoodie,1,96.0,United States,3PL_East,Carrier_C,none,7.0,4.0,5,False,False,none
ORD005749,2025-06-26,Signature Hoodie,1,89.0,United States,3PL_Central,Carrier_A,none,4.57,3.2,5,False,False,none
ORD005750,2025-06-26,Lounge Set,1,142.0,United States,3PL_East,Carrier_A,none,4.85,4.9,5,False,False,none
ORD005751,2025-01-08,Cloud Sweatpants,1,70.2,Canada,3PL_International,Passport_Global,email_drop,18.36,3.4,9,False,True,fit_issue
ORD005752,2025-03-14,Signature Hoodie,3,267.0,Germany,3PL_International,Passport_Global,none,21.32,3.9,9,False,False,none
ORD005753,2025-05-23,Cloud Sweatpants,3,187.2,United States,3PL_West,Carrier_C,email_drop,7.84,4.6,5,False,False,none
ORD005754,2025-05-22,Signature Hoodie,4,356.0,Canada,3PL_International,Passport_Global,none,20.73,2.0,9,False,False,none
ORD005755,2025-01-18,Signature Hoodie,1,71.2,United States,3PL_Central,Carrier_D,holiday_sale,6.89,3.8,5,False,False,none
ORD005756,2025-04-23,Signature Hoodie,2,160.2,United States,3PL_West,Carrier_B,product_launch,6.64,3.0,5,False,False,none
ORD005757,2025-01-29,Signature Hoodie,1,89.0,United States,3PL_East,Carrier_B,none,4.97,3.6,5,False,False,none
ORD005758,2025-03-31,Cloud Sweatpants,1,78.0,United States,3PL_West,Carrier_C,none,6.38,4.5,5,False,False,none
ORD005759,2025-02-18,Zip Hoodie,2,192.0,United Kingdom,3PL_International,Passport_Global,none,18.39,4.6,9,False,False,none
ORD005760,2025-01-11,Zip Hoodie,2,163.2,United States,3PL_West,Carrier_C,holiday_sale,6.92,6.2,5,True,False,none
ORD005761,2025-01-17,Cloud Sweatpants,3,234.0,United States,3PL_West,Carrier_B,none,8.31,2.5,5,False,False,none
ORD005762,2025-06-17,Signature Hoodie,1,89.0,United States,3PL_East,Carrier_A,none,5.41,3.3,5,False,False,none
ORD005763,2025-05-20,Cloud Sweatpants,3,234.0,United States,3PL_East,Carrier_A,none,7.52,5.2,5,True,False,none
ORD005764,2025-06-20,Zip Hoodie,1,96.0,Australia,3PL_International,Passport_Global,none,17.78,5.6,9,False,False,none
ORD005765,2025-03-27,Zip Hoodie,1,86.4,Canada,3PL_International,Passport_Global,email_drop,17.1,4.3,9,False,False,none
ORD005766,2025-03-19,Signature Hoodie,1,71.2,United States,3PL_Central,Carrier_D,email_drop,7.82,5.0,5,False,False,none
ORD005767,2025-03-10,Weighted Tee,1,43.2,United States,3PL_East,Carrier_C,influencer_drop,5.3,3.0,5,False,False,none
ORD005768,2025-04-24,Lounge Set,2,227.2,United States,3PL_East,Carrier_B,holiday_sale,6.35,4.8,5,False,False,none
ORD005769,2025-03-09,Lounge Set,1,113.6,Germany,3PL_International,Passport_Global,email_drop,16.92,3.6,9,False,False,none
ORD005770,2025-05-20,Zip Hoodie,1,96.0,United States,3PL_Central,Carrier_B,none,6.96,5.7,5,True,False,none
ORD005771,2025-05-31,Cloud Sweatpants,2,140.4,United States,3PL_West,Carrier_B,holiday_sale,7.24,3.8,5,False,False,none
ORD005772,2025-06-12,Weighted Tee,1,45.9,United States,3PL_East,Carrier_B,influencer_drop,4.23,3.0,5,False,False,none
ORD005773,2025-02-18,Lounge Set,4,482.8,Australia,3PL_International,Passport_Global,holiday_sale,21.7,5.7,9,False,False,none
ORD005774,2025-04-06,Lounge Set,1,113.6,United States,3PL_West,Carrier_A,product_launch,4.91,5.3,5,True,False,none
ORD005775,2025-02-14,Lounge Set,3,426.0,United States,3PL_Central,Carrier_B,none,6.97,4.6,5,False,False,none
ORD005776,2025-01-08,Lounge Set,2,241.4,United States,3PL_East,Carrier_C,email_drop,5.96,1.0,5,False,False,none
ORD005777,2025-05-13,Zip Hoodie,3,230.4,United States,3PL_East,Carrier_C,email_drop,8.12,4.7,5,False,False,none
ORD005778,2025-04-11,Signature Hoodie,1,89.0,United States,3PL_Central,Carrier_B,none,5.28,5.5,5,True,False,none
ORD005779,2025-05-16,Cloud Sweatpants,1,62.4,United Kingdom,3PL_International,Passport_Global,email_drop,17.76,6.5,9,False,True,late_delivery
ORD005780,2025-01-18,Zip Hoodie,1,96.0,United States,3PL_West,Carrier_B,none,5.63,3.7,5,False,False,none
ORD005781,2025-06-30,Lounge Set,1,142.0,Australia,3PL_International,Passport_Global,none,18.55,6.1,9,False,False,none
ORD005782,2025-06-30,Cloud Sweatpants,2,156.0,United States,3PL_Central,Carrier_A,none,8.4,3.7,5,False,False,none
ORD005783,2025-03-27,Cloud Sweatpants,2,124.8,United Kingdom,3PL_International,Passport_Global,email_drop,18.74,5.7,9,False,False,none
ORD005784,2025-06-10,Weighted Tee,3,129.6,United States,3PL_West,Carrier_A,email_drop,7.36,4.3,5,False,False,none
ORD005785,2025-02-18,Cloud Sweatpants,4,312.0,United States,3PL_East,Carrier_B,none,8.93,4.2,5,False,False,none
ORD005786,2025-05-18,Signature Hoodie,3,267.0,United States,3PL_East,Carrier_B,none,8.26,3.8,5,False,False,none
ORD005787,2025-06-12,Zip Hoodie,1,96.0,Canada,3PL_International,Passport_Global,none,18.68,3.2,9,False,False,none
ORD005788,2025-06-02,Signature Hoodie,2,178.0,United States,3PL_West,Carrier_C,none,5.75,3.5,5,False,False,none
ORD005789,2025-06-02,Signature Hoodie,4,356.0,United States,3PL_West,Carrier_C,none,10.79,3.2,5,False,False,none
ORD005790,2025-03-26,Zip Hoodie,2,192.0,United States,3PL_West,Carrier_C,none,5.61,4.5,5,False,False,none
ORD005791,2025-06-03,Weighted Tee,1,43.2,United States,3PL_East,Carrier_A,holiday_sale,6.11,3.5,5,False,False,none
ORD005792,2025-05-09,Signature Hoodie,3,267.0,United States,3PL_East,Carrier_B,none,8.3,3.0,5,False,False,none
ORD005793,2025-01-27,Signature Hoodie,1,89.0,United States,3PL_Central,Carrier_A,none,4.28,4.1,5,False,False,none
ORD005794,2025-01-24,Cloud Sweatpants,2,132.6,United States,3PL_East,Carrier_B,holiday_sale,6.77,5.6,5,True,False,none
ORD005795,2025-05-25,Zip Hoodie,4,384.0,United States,3PL_Central,Carrier_A,none,7.45,4.4,5,False,False,none
ORD005796,2025-04-26,Cloud Sweatpants,2,124.8,United States,3PL_West,Carrier_D,holiday_sale,7.69,5.2,5,True,False,none
ORD005797,2025-04-05,Cloud Sweatpants,2,156.0,United States,3PL_East,Carrier_A,none,6.5,1.8,5,False,False,none
ORD005798,2025-06-16,Zip Hoodie,1,96.0,Canada,3PL_International,Passport_Global,none,17.91,3.7,9,False,False,none
ORD005799,2025-05-03,Weighted Tee,2,108.0,United States,3PL_Central,Carrier_B,none,7.55,1.4,5,False,False,none
ORD005800,2025-03-16,Signature Hoodie,1,89.0,United States,3PL_Central,Carrier_A,none,4.85,2.4,5,False,False,none
ORD005801,2025-03-19,Cloud Sweatpants,4,280.8,United States,3PL_East,Carrier_A,product_launch,9.14,3.8,5,False,False,none
ORD005802,2025-04-22,Lounge Set,1,127.8,Canada,3PL_International,Passport_Global,email_drop,18.54,6.0,9,False,True,quality_issue
ORD005803,2025-05-23,Signature Hoodie,1,80.1,United Kingdom,3PL_International,Passport_Global,email_drop,17.75,6.2,9,False,False,none
ORD005804,2025-04-14,Lounge Set,1,142.0,United States,3PL_East,Carrier_C,none,5.4,2.1,5,False,False,none
ORD005805,2025-04-03,Signature Hoodie,2,160.2,Australia,3PL_International,Passport_Global,product_launch,17.78,5.1,9,False,False,none
ORD005806,2025-05-16,Signature Hoodie,4,356.0,United States,3PL_Central,Carrier_A,none,7.56,3.0,5,False,False,none
ORD005807,2025-05-12,Signature Hoodie,1,89.0,United Kingdom,3PL_International,Passport_Global,none,17.13,2.2,9,False,False,none
ORD005808,2025-06-05,Signature Hoodie,1,80.1,Australia,3PL_International,Passport_Global,product_launch,18.91,6.2,9,False,False,none
ORD005809,2025-01-13,Lounge Set,3,426.0,United States,3PL_West,Carrier_C,none,8.82,4.9,5,False,False,none
ORD005810,2025-05-22,Zip Hoodie,2,192.0,Australia,3PL_International,Passport_Global,none,19.95,4.2,9,False,False,none
ORD005811,2025-04-04,Lounge Set,2,284.0,United States,3PL_East,Carrier_A,none,6.85,2.4,5,False,True,fit_issue
ORD005812,2025-01-16,Zip Hoodie,4,384.0,United States,3PL_West,Carrier_A,none,9.27,4.3,5,False,False,none
ORD005813,2025-05-07,Cloud Sweatpants,2,132.6,Canada,3PL_International,Passport_Global,influencer_drop,18.62,5.2,9,False,False,none
ORD005814,2025-05-14,Weighted Tee,2,108.0,United States,3PL_West,Carrier_B,none,6.25,2.8,5,False,False,none
ORD005815,2025-04-06,Lounge Set,4,511.2,United States,3PL_East,Carrier_B,product_launch,7.22,3.1,5,False,False,none
ORD005816,2025-05-30,Signature Hoodie,1,89.0,United States,3PL_East,Carrier_B,none,5.57,2.6,5,False,False,none
ORD005817,2025-03-01,Lounge Set,4,568.0,United States,3PL_East,Carrier_D,none,11.03,5.2,5,True,False,none
ORD005818,2025-02-10,Lounge Set,4,511.2,United States,3PL_East,Carrier_D,email_drop,10.16,4.4,5,False,True,fit_issue
ORD005819,2025-03-09,Cloud Sweatpants,2,140.4,Canada,3PL_International,Passport_Global,email_drop,19.68,3.5,9,False,True,changed_mind
ORD005820,2025-03-18,Signature Hoodie,1,89.0,United Kingdom,3PL_International,Passport_Global,none,18.78,3.8,9,False,False,none
ORD005821,2025-05-10,Signature Hoodie,1,89.0,United Kingdom,3PL_International,Passport_Global,none,16.9,3.9,9,False,False,none
ORD005822,2025-06-07,Weighted Tee,1,45.9,United States,3PL_Central,Carrier_A,email_drop,7.25,2.1,5,False,False,none
ORD005823,2025-05-15,Zip Hoodie,4,326.4,United Kingdom,3PL_International,Passport_Global,holiday_sale,21.69,6.4,9,False,True,changed_mind
ORD005824,2025-02-04,Lounge Set,2,284.0,United States,3PL_East,Carrier_C,none,7.79,3.0,5,False,False,none
ORD005825,2025-03-11,Lounge Set,2,284.0,United States,3PL_West,Carrier_C,none,6.0,3.8,5,False,False,none
ORD005826,2025-02-01,Signature Hoodie,1,75.65,United States,3PL_East,Carrier_D,email_drop,8.36,2.9,5,False,False,none
ORD005827,2025-05-09,Weighted Tee,1,54.0,United States,3PL_Central,Carrier_B,none,5.93,2.8,5,False,False,none
ORD005828,2025-02-19,Cloud Sweatpants,3,234.0,United States,3PL_Central,Carrier_B,none,7.47,3.5,5,False,False,none
ORD005829,2025-04-06,Zip Hoodie,2,172.8,United States,3PL_West,Carrier_A,product_launch,5.67,4.5,5,False,False,none
ORD005830,2025-05-30,Signature Hoodie,1,89.0,Australia,3PL_International,Passport_Global,none,17.81,4.9,9,False,False,none
ORD005831,2025-05-05,Signature Hoodie,1,89.0,United States,3PL_East,Carrier_C,none,6.02,3.9,5,False,False,none
ORD005832,2025-03-01,Signature Hoodie,3,267.0,United Kingdom,3PL_International,Passport_Global,none,20.16,4.8,9,False,False,none
ORD005833,2025-03-07,Signature Hoodie,1,89.0,United States,3PL_East,Carrier_A,none,5.47,2.9,5,False,False,none
ORD005834,2025-05-02,Signature Hoodie,1,89.0,United States,3PL_Central,Carrier_B,none,5.01,3.2,5,False,False,none
ORD005835,2025-04-11,Signature Hoodie,1,89.0,United States,3PL_East,Carrier_A,none,4.34,2.6,5,False,False,none
ORD005836,2025-01-20,Zip Hoodie,4,384.0,Australia,3PL_International,Passport_Global,none,21.39,3.8,9,False,False,none
ORD005837,2025-06-11,Lounge Set,2,284.0,United States,3PL_West,Carrier_A,none,5.81,4.4,5,False,False,none
ORD005838,2025-04-04,Signature Hoodie,1,75.65,United States,3PL_West,Carrier_D,influencer_drop,7.96,3.5,5,False,False,none
ORD005839,2025-03-28,Signature Hoodie,4,356.0,Australia,3PL_International,Passport_Global,none,21.92,4.7,9,False,False,none
ORD005840,2025-02-09,Cloud Sweatpants,4,312.0,Canada,3PL_International,Passport_Global,none,22.59,4.9,9,False,False,none
ORD005841,2025-03-13,Zip Hoodie,2,192.0,Canada,3PL_International,Passport_Global,none,18.65,6.4,9,False,False,none
ORD005842,2025-03-07,Zip Hoodie,1,96.0,United States,3PL_West,Carrier_B,none,5.37,1.2,5,False,False,none
ORD005843,2025-02-24,Weighted Tee,1,54.0,United States,3PL_West,Carrier_A,none,4.22,3.0,5,False,False,none
ORD005844,2025-04-14,Signature Hoodie,4,356.0,United States,3PL_East,Carrier_A,none,8.41,3.5,5,False,False,none
ORD005845,2025-03-26,Cloud Sweatpants,3,234.0,United States,3PL_East,Carrier_B,none,7.7,2.7,5,False,False,none
ORD005846,2025-06-14,Lounge Set,3,426.0,United States,3PL_East,Carrier_A,none,7.76,5.1,5,True,False,none
ORD005847,2025-06-22,Zip Hoodie,2,192.0,United States,3PL_West,Carrier_D,none,8.05,2.1,5,False,False,none
ORD005848,2025-02-14,Cloud Sweatpants,2,132.6,Australia,3PL_International,Passport_Global,holiday_sale,18.45,5.1,9,False,False,none
ORD005849,2025-01-21,Weighted Tee,1,48.6,United States,3PL_East,Carrier_D,product_launch,7.39,5.7,5,True,False,none
ORD005850,2025-05-28,Signature Hoodie,1,71.2,Canada,3PL_International,Passport_Global,holiday_sale,17.56,5.6,9,False,False,none
ORD005851,2025-06-30,Signature Hoodie,1,89.0,United States,3PL_East,Carrier_B,none,6.45,2.5,5,False,False,none
ORD005852,2025-06-10,Signature Hoodie,2,160.2,United States,3PL_West,Carrier_A,influencer_drop,6.75,3.6,5,False,False,none
ORD005853,2025-01-05,Lounge Set,1,142.0,United States,3PL_West,Carrier_B,none,4.97,5.4,5,True,False,none
ORD005854,2025-02-20,Lounge Set,2,284.0,United States,3PL_West,Carrier_B,none,7.42,5.8,5,True,False,none
ORD005855,2025-01-09,Signature Hoodie,2,160.2,United States,3PL_East,Carrier_B,product_launch,5.75,4.5,5,False,False,none
ORD005856,2025-06-03,Cloud Sweatpants,2,132.6,United Kingdom,3PL_International,Passport_Global,influencer_drop,18.64,5.5,9,False,False,none
ORD005857,2025-04-17,Cloud Sweatpants,4,312.0,United States,3PL_West,Carrier_A,none,8.01,4.5,5,False,False,none
ORD005858,2025-04-04,Signature Hoodie,2,160.2,United States,3PL_East,Carrier_A,product_launch,6.35,1.5,5,False,False,none
ORD005859,2025-04-12,Lounge Set,4,568.0,United States,3PL_East,Carrier_A,none,9.95,3.0,5,False,False,none
ORD005860,2025-02-20,Cloud Sweatpants,4,312.0,United States,3PL_West,Carrier_A,none,9.0,4.7,5,False,False,none
ORD005861,2025-04-21,Lounge Set,2,284.0,United States,3PL_East,Carrier_C,none,5.17,3.3,5,False,False,none
ORD005862,2025-01-07,Zip Hoodie,4,384.0,United States,3PL_West,Carrier_A,none,8.54,5.3,5,True,False,none
ORD005863,2025-04-30,Signature Hoodie,1,71.2,United States,3PL_East,Carrier_A,product_launch,5.61,3.6,5,False,False,none
ORD005864,2025-05-18,Zip Hoodie,2,192.0,Canada,3PL_International,Passport_Global,none,19.18,3.8,9,False,False,none
ORD005865,2025-05-06,Zip Hoodie,1,96.0,United Kingdom,3PL_International,Passport_Global,none,17.66,6.0,9,False,False,none
ORD005866,2025-03-06,Signature Hoodie,1,71.2,United States,3PL_East,Carrier_B,influencer_drop,6.02,4.8,5,False,False,none
ORD005867,2025-06-04,Signature Hoodie,1,71.2,Canada,3PL_International,Passport_Global,holiday_sale,18.27,5.7,9,False,False,none
ORD005868,2025-05-14,Lounge Set,1,120.7,United States,3PL_East,Carrier_A,holiday_sale,5.28,5.5,5,True,False,none
ORD005869,2025-01-26,Zip Hoodie,1,86.4,United States,3PL_Central,Carrier_B,product_launch,5.59,4.4,5,False,False,none
ORD005870,2025-02-09,Zip Hoodie,3,259.2,United States,3PL_East,Carrier_D,holiday_sale,9.39,2.7,5,False,False,none
ORD005871,2025-04-28,Signature Hoodie,4,302.6,United States,3PL_West,Carrier_B,email_drop,8.89,4.0,5,False,False,none
ORD005872,2025-02-28,Zip Hoodie,4,384.0,Germany,3PL_International,Passport_Global,none,21.4,4.0,9,False,False,none
ORD005873,2025-01-25,Zip Hoodie,1,76.8,Canada,3PL_International,Passport_Global,product_launch,18.61,5.5,9,False,False,none
ORD005874,2025-02-01,Signature Hoodie,2,178.0,United Kingdom,3PL_International,Passport_Global,none,19.33,4.7,9,False,False,none
ORD005875,2025-02-03,Signature Hoodie,2,178.0,United States,3PL_East,Carrier_C,none,6.55,4.0,5,False,False,none
ORD005876,2025-03-28,Cloud Sweatpants,1,78.0,United States,3PL_East,Carrier_B,none,5.08,5.9,5,True,False,none
ORD005877,2025-04-22,Zip Hoodie,1,96.0,United States,3PL_Central,Carrier_A,none,5.93,3.1,5,False,True,changed_mind
ORD005878,2025-02-05,Signature Hoodie,1,89.0,United States,3PL_West,Carrier_C,none,5.65,4.0,5,False,False,none
ORD005879,2025-05-14,Lounge Set,3,340.8,Canada,3PL_International,Passport_Global,holiday_sale,20.02,5.2,9,False,False,none
ORD005880,2025-02-26,Signature Hoodie,1,89.0,Canada,3PL_International,Passport_Global,none,17.56,5.2,9,False,False,none
ORD005881,2025-03-03,Lounge Set,1,142.0,United Kingdom,3PL_International,Passport_Global,none,17.85,4.8,9,False,False,none
ORD005882,2025-02-14,Signature Hoodie,4,356.0,Australia,3PL_International,Passport_Global,none,20.72,5.9,9,False,False,none
ORD005883,2025-05-28,Zip Hoodie,1,76.8,United States,3PL_West,Carrier_B,email_drop,4.25,5.2,5,True,False,none
ORD005884,2025-06-24,Cloud Sweatpants,2,156.0,United Kingdom,3PL_International,Passport_Global,none,20.21,4.2,9,False,True,changed_mind
ORD005885,2025-03-31,Zip Hoodie,4,384.0,Australia,3PL_International,Passport_Global,none,22.53,3.2,9,False,False,none
ORD005886,2025-01-09,Weighted Tee,1,48.6,United States,3PL_East,Carrier_B,email_drop,5.52,2.6,5,False,False,none
ORD005887,2025-02-22,Signature Hoodie,2,178.0,United States,3PL_West,Carrier_C,none,6.98,3.4,5,False,False,none
ORD005888,2025-02-01,Signature Hoodie,1,89.0,United States,3PL_East,Carrier_B,none,5.23,4.7,5,False,False,none
ORD005889,2025-06-07,Signature Hoodie,1,89.0,United States,3PL_Central,Carrier_C,none,5.82,4.0,5,False,False,none
ORD005890,2025-01-18,Cloud Sweatpants,1,78.0,United States,3PL_East,Carrier_D,none,7.3,4.3,5,False,True,late_delivery
ORD005891,2025-06-26,Lounge Set,2,227.2,Australia,3PL_International,Passport_Global,email_drop,19.12,2.8,9,False,False,none
ORD005892,2025-04-19,Signature Hoodie,2,178.0,Germany,3PL_International,Passport_Global,none,18.18,5.0,9,False,False,none
ORD005893,2025-04-04,Lounge Set,2,284.0,United Kingdom,3PL_International,Passport_Global,none,20.39,5.7,9,False,False,none
ORD005894,2025-06-07,Cloud Sweatpants,2,124.8,United States,3PL_West,Carrier_B,holiday_sale,5.68,5.5,5,True,False,none
ORD005895,2025-01-06,Weighted Tee,3,145.8,United States,3PL_West,Carrier_C,email_drop,8.39,2.5,5,False,False,none
ORD005896,2025-05-26,Cloud Sweatpants,1,78.0,United States,3PL_West,Carrier_B,none,4.78,5.5,5,True,True,changed_mind
ORD005897,2025-01-24,Weighted Tee,1,43.2,United States,3PL_East,Carrier_C,email_drop,3.84,4.9,5,False,False,none
ORD005898,2025-06-06,Cloud Sweatpants,1,78.0,United States,3PL_East,Carrier_C,none,6.17,4.1,5,False,False,none
ORD005899,2025-04-07,Weighted Tee,2,108.0,Australia,3PL_International,Passport_Global,none,19.1,6.1,9,False,False,none
ORD005900,2025-01-13,Zip Hoodie,4,345.6,Canada,3PL_International,Passport_Global,email_drop,20.18,3.6,9,False,False,none
ORD005901,2025-06-05,Signature Hoodie,4,356.0,Canada,3PL_International,Passport_Global,none,21.8,3.5,9,False,False,none
ORD005902,2025-01-06,Lounge Set,3,426.0,United States,3PL_West,Carrier_A,none,7.44,4.7,5,False,False,none
ORD005903,2025-01-28,Cloud Sweatpants,1,66.3,United States,3PL_West,Carrier_D,holiday_sale,8.68,5.1,5,True,False,none
ORD005904,2025-05-31,Signature Hoodie,2,151.3,United States,3PL_East,Carrier_A,email_drop,5.45,3.2,5,False,False,none
ORD005905,2025-03-27,Cloud Sweatpants,1,66.3,United States,3PL_Central,Carrier_B,product_launch,4.92,4.8,5,False,False,none
ORD005906,2025-06-13,Lounge Set,2,227.2,United Kingdom,3PL_International,Passport_Global,holiday_sale,19.63,6.1,9,False,False,none
ORD005907,2025-04-28,Zip Hoodie,1,96.0,United States,3PL_Central,Carrier_B,none,5.09,4.7,5,False,False,none
ORD005908,2025-04-26,Signature Hoodie,4,320.4,United States,3PL_Central,Carrier_C,email_drop,8.22,3.9,5,False,False,none
ORD005909,2025-02-28,Lounge Set,2,284.0,United Kingdom,3PL_International,Passport_Global,none,19.16,2.5,9,False,False,none
ORD005910,2025-01-27,Cloud Sweatpants,3,187.2,United States,3PL_East,Carrier_B,email_drop,8.61,1.9,5,False,False,none
ORD005911,2025-06-25,Signature Hoodie,1,89.0,United States,3PL_East,Carrier_C,none,5.39,3.4,5,False,False,none
ORD005912,2025-01-22,Signature Hoodie,4,356.0,United Kingdom,3PL_International,Passport_Global,none,21.11,5.5,9,False,False,none
ORD005913,2025-04-07,Signature Hoodie,2,178.0,United States,3PL_West,Carrier_B,none,5.97,1.9,5,False,False,none
ORD005914,2025-02-24,Zip Hoodie,1,76.8,United States,3PL_East,Carrier_C,influencer_drop,5.07,4.1,5,False,False,none
ORD005915,2025-02-22,Signature Hoodie,1,89.0,United States,3PL_West,Carrier_B,none,4.53,4.5,5,False,False,none
ORD005916,2025-04-20,Signature Hoodie,1,89.0,United States,3PL_West,Carrier_D,none,8.2,3.9,5,False,True,late_delivery
ORD005917,2025-05-31,Signature Hoodie,1,80.1,United States,3PL_East,Carrier_C,holiday_sale,5.99,4.8,5,False,False,none
ORD005918,2025-05-26,Lounge Set,1,120.7,United States,3PL_East,Carrier_B,email_drop,4.4,2.0,5,False,False,none
ORD005919,2025-06-11,Zip Hoodie,2,192.0,United States,3PL_West,Carrier_B,none,6.12,4.7,5,False,False,none
ORD005920,2025-02-28,Cloud Sweatpants,4,312.0,United States,3PL_East,Carrier_A,none,9.47,3.0,5,False,False,none
ORD005921,2025-03-27,Zip Hoodie,2,163.2,United States,3PL_West,Carrier_D,product_launch,8.9,5.4,5,True,False,none
ORD005922,2025-01-03,Signature Hoodie,2,178.0,United States,3PL_West,Carrier_A,none,6.5,4.3,5,False,False,none
ORD005923,2025-05-20,Lounge Set,1,142.0,United States,3PL_Central,Carrier_A,none,5.22,3.0,5,False,False,none
ORD005924,2025-03-02,Signature Hoodie,1,71.2,United States,3PL_West,Carrier_B,product_launch,5.42,5.8,5,True,False,none
ORD005925,2025-04-13,Signature Hoodie,1,89.0,United Kingdom,3PL_International,Passport_Global,none,17.47,3.9,9,False,False,none
ORD005926,2025-02-03,Signature Hoodie,4,356.0,United States,3PL_Central,Carrier_C,none,9.73,3.7,5,False,False,none
ORD005927,2025-06-03,Signature Hoodie,3,267.0,United States,3PL_West,Carrier_A,none,8.28,3.2,5,False,False,none
ORD005928,2025-06-03,Signature Hoodie,4,356.0,United States,3PL_West,Carrier_A,none,9.1,2.5,5,False,False,none
ORD005929,2025-06-12,Zip Hoodie,4,384.0,United States,3PL_East,Carrier_A,none,8.0,2.7,5,False,True,changed_mind
ORD005930,2025-01-10,Cloud Sweatpants,1,62.4,United States,3PL_West,Carrier_B,email_drop,4.93,2.9,5,False,False,none
ORD005931,2025-06-29,Signature Hoodie,2,178.0,United States,3PL_East,Carrier_D,none,7.87,5.1,5,True,False,none
ORD005932,2025-02-19,Zip Hoodie,2,163.2,United States,3PL_East,Carrier_D,email_drop,8.08,2.6,5,False,False,none
ORD005933,2025-03-03,Zip Hoodie,3,244.8,United States,3PL_West,Carrier_B,influencer_drop,7.86,5.0,5,False,False,none
ORD005934,2025-02-20,Lounge Set,2,227.2,United States,3PL_East,Carrier_B,holiday_sale,7.83,4.5,5,False,False,none
ORD005935,2025-02-23,Signature Hoodie,2,178.0,United States,3PL_East,Carrier_B,none,6.71,2.3,5,False,False,none
ORD005936,2025-04-12,Lounge Set,1,120.7,United States,3PL_West,Carrier_C,influencer_drop,4.32,4.6,5,False,False,none
ORD005937,2025-02-18,Zip Hoodie,4,384.0,United States,3PL_West,Carrier_C,none,9.42,3.1,5,False,False,none
ORD005938,2025-03-16,Cloud Sweatpants,2,140.4,United States,3PL_West,Carrier_A,email_drop,5.49,2.9,5,False,False,none
ORD005939,2025-05-02,Signature Hoodie,3,267.0,United States,3PL_West,Carrier_A,none,8.08,4.5,5,False,False,none
ORD005940,2025-06-06,Cloud Sweatpants,1,66.3,United Kingdom,3PL_International,Passport_Global,email_drop,17.47,4.5,9,False,True,quality_issue
ORD005941,2025-05-10,Signature Hoodie,1,89.0,United States,3PL_Central,Carrier_B,none,5.88,3.5,5,False,False,none
ORD005942,2025-04-20,Zip Hoodie,4,307.2,United States,3PL_East,Carrier_D,email_drop,11.09,3.6,5,False,False,none
ORD005943,2025-01-30,Zip Hoodie,3,288.0,United States,3PL_East,Carrier_A,none,7.86,3.1,5,False,False,none
ORD005944,2025-06-03,Signature Hoodie,3,267.0,United States,3PL_East,Carrier_C,none,6.88,2.7,5,False,True,fit_issue
ORD005945,2025-01-08,Signature Hoodie,2,178.0,United States,3PL_West,Carrier_D,none,7.87,5.0,5,False,False,none
ORD005946,2025-02-22,Lounge Set,4,568.0,Australia,3PL_International,Passport_Global,none,21.68,5.5,9,False,False,none
ORD005947,2025-01-12,Cloud Sweatpants,1,70.2,United States,3PL_West,Carrier_A,email_drop,5.56,5.3,5,True,False,none
ORD005948,2025-05-04,Cloud Sweatpants,3,187.2,United States,3PL_West,Carrier_A,email_drop,9.17,3.6,5,False,False,none
ORD005949,2025-03-12,Weighted Tee,2,97.2,Canada,3PL_International,Passport_Global,email_drop,19.08,5.3,9,False,False,none
ORD005950,2025-05-02,Signature Hoodie,1,71.2,United States,3PL_Central,Carrier_A,email_drop,6.04,3.9,5,False,False,none
ORD005951,2025-03-09,Zip Hoodie,3,230.4,United States,3PL_East,Carrier_D,influencer_drop,9.2,4.6,5,False,False,none
ORD005952,2025-03-25,Lounge Set,1,127.8,United Kingdom,3PL_International,Passport_Global,holiday_sale,17.13,4.6,9,False,False,none
ORD005953,2025-03-25,Signature Hoodie,1,89.0,United States,3PL_West,Carrier_C,none,6.33,2.9,5,False,False,none
ORD005954,2025-01-10,Signature Hoodie,2,178.0,United States,3PL_Central,Carrier_C,none,5.99,5.8,5,True,False,none
ORD005955,2025-03-21,Lounge Set,3,383.4,Australia,3PL_International,Passport_Global,email_drop,18.97,5.9,9,False,False,none
ORD005956,2025-04-29,Signature Hoodie,1,89.0,United States,3PL_West,Carrier_C,none,4.34,5.6,5,True,False,none
ORD005957,2025-04-10,Signature Hoodie,4,356.0,Canada,3PL_International,Passport_Global,none,21.55,4.4,9,False,False,none
ORD005958,2025-01-16,Cloud Sweatpants,2,156.0,United States,3PL_East,Carrier_A,none,6.02,3.8,5,False,False,none
ORD005959,2025-05-04,Lounge Set,1,142.0,United States,3PL_East,Carrier_A,none,4.19,5.2,5,True,False,none
ORD005960,2025-03-03,Cloud Sweatpants,1,78.0,United States,3PL_West,Carrier_B,none,6.94,2.0,5,False,False,none
ORD005961,2025-01-03,Signature Hoodie,4,284.8,United Kingdom,3PL_International,Passport_Global,email_drop,19.5,5.3,9,False,False,none
ORD005962,2025-02-01,Cloud Sweatpants,1,78.0,United States,3PL_West,Carrier_A,none,5.07,1.5,5,False,False,none
ORD005963,2025-03-31,Cloud Sweatpants,4,249.6,United States,3PL_West,Carrier_B,email_drop,10.15,5.1,5,True,False,none
ORD005964,2025-03-03,Zip Hoodie,2,192.0,United States,3PL_East,Carrier_D,none,8.4,2.1,5,False,False,none
ORD005965,2025-05-10,Lounge Set,2,255.6,United States,3PL_East,Carrier_B,influencer_drop,8.52,3.4,5,False,False,none
ORD005966,2025-02-18,Signature Hoodie,2,142.4,United States,3PL_Central,Carrier_A,email_drop,7.18,3.0,5,False,False,none
ORD005967,2025-05-25,Zip Hoodie,2,192.0,United Kingdom,3PL_International,Passport_Global,none,18.01,5.1,9,False,False,none
ORD005968,2025-02-27,Zip Hoodie,2,192.0,United States,3PL_Central,Carrier_B,none,7.15,3.4,5,False,False,none
ORD005969,2025-04-25,Zip Hoodie,2,192.0,United States,3PL_West,Carrier_D,none,7.9,4.7,5,False,True,changed_mind
ORD005970,2025-05-31,Cloud Sweatpants,2,140.4,United States,3PL_West,Carrier_B,product_launch,6.35,4.2,5,False,False,none
ORD005971,2025-03-14,Signature Hoodie,3,267.0,United States,3PL_West,Carrier_A,none,6.9,2.9,5,False,False,none
ORD005972,2025-01-10,Zip Hoodie,2,192.0,United States,3PL_Central,Carrier_A,none,6.03,3.1,5,False,True,late_delivery
ORD005973,2025-04-08,Zip Hoodie,2,192.0,United States,3PL_East,Carrier_A,none,7.13,4.8,5,False,False,none
ORD005974,2025-06-30,Zip Hoodie,3,288.0,United Kingdom,3PL_International,Passport_Global,none,19.37,5.7,9,False,False,none
ORD005975,2025-06-26,Signature Hoodie,3,267.0,United States,3PL_East,Carrier_A,none,6.15,4.9,5,False,False,none
ORD005976,2025-02-14,Signature Hoodie,2,142.4,United States,3PL_West,Carrier_C,influencer_drop,6.88,3.3,5,False,False,none
ORD005977,2025-05-22,Signature Hoodie,2,178.0,United States,3PL_West,Carrier_B,none,6.35,2.0,5,False,False,none
ORD005978,2025-03-08,Signature Hoodie,2,160.2,United States,3PL_East,Carrier_C,influencer_drop,7.29,5.2,5,True,False,none
ORD005979,2025-02-02,Signature Hoodie,2,178.0,Canada,3PL_International,Passport_Global,none,18.34,3.3,9,False,False,none
ORD005980,2025-05-04,Signature Hoodie,2,178.0,United States,3PL_West,Carrier_A,none,7.37,4.0,5,False,False,none
ORD005981,2025-04-01,Signature Hoodie,1,71.2,United States,3PL_Central,Carrier_B,influencer_drop,5.97,2.9,5,False,False,none
ORD005982,2025-04-09,Signature Hoodie,2,151.3,Canada,3PL_International,Passport_Global,email_drop,19.36,5.3,9,False,False,none
ORD005983,2025-06-04,Weighted Tee,2,86.4,United States,3PL_West,Carrier_B,holiday_sale,5.47,2.9,5,False,False,none
ORD005984,2025-03-07,Cloud Sweatpants,1,78.0,United States,3PL_Central,Carrier_C,none,5.35,5.1,5,True,False,none
ORD005985,2025-05-04,Signature Hoodie,4,356.0,United States,3PL_Central,Carrier_D,none,11.37,5.1,5,True,True,fit_issue
ORD005986,2025-03-11,Zip Hoodie,2,153.6,United States,3PL_West,Carrier_B,email_drop,6.11,4.4,5,False,False,none
ORD005987,2025-01-09,Cloud Sweatpants,1,78.0,United States,3PL_West,Carrier_A,none,3.72,3.1,5,False,False,none
ORD005988,2025-03-13,Signature Hoodie,1,71.2,United States,3PL_West,Carrier_A,influencer_drop,4.86,4.1,5,False,False,none
ORD005989,2025-06-23,Cloud Sweatpants,2,156.0,United Kingdom,3PL_International,Passport_Global,none,18.19,4.2,9,False,False,none
ORD005990,2025-03-29,Signature Hoodie,4,356.0,United States,3PL_Central,Carrier_A,none,8.36,4.1,5,False,False,none
ORD005991,2025-01-22,Cloud Sweatpants,2,132.6,United States,3PL_East,Carrier_A,influencer_drop,5.39,4.7,5,False,False,none
ORD005992,2025-05-09,Signature Hoodie,3,226.95,United States,3PL_West,Carrier_D,email_drop,10.12,2.6,5,False,False,none
ORD005993,2025-06-25,Cloud Sweatpants,1,62.4,United States,3PL_Central,Carrier_A,holiday_sale,5.89,4.9,5,False,False,none
ORD005994,2025-06-17,Signature Hoodie,2,151.3,United States,3PL_West,Carrier_C,holiday_sale,5.82,3.0,5,False,False,none
ORD005995,2025-04-15,Signature Hoodie,3,267.0,United States,3PL_East,Carrier_A,none,7.35,4.1,5,False,False,none
ORD005996,2025-03-13,Zip Hoodie,3,244.8,United States,3PL_East,Carrier_C,email_drop,7.0,4.6,5,False,True,fit_issue
ORD005997,2025-04-17,Signature Hoodie,1,75.65,United States,3PL_West,Carrier_A,product_launch,5.79,3.4,5,False,False,none
ORD005998,2025-06-03,Cloud Sweatpants,2,156.0,United States,3PL_East,Carrier_D,none,7.55,3.8,5,False,False,none
ORD005999,2025-06-09,Signature Hoodie,1,89.0,United States,3PL_East,Carrier_A,none,4.72,2.3,5,False,False,none
ORD006000,2025-06-03,Zip Hoodie,1,86.4,United States,3PL_East,Carrier_A,holiday_sale,5.48,3.1,5,False,False,none
ORD006001,2025-03-25,Cloud Sweatpants,4,312.0,United States,3PL_West,Carrier_C,none,8.17,3.6,5,False,False,none
ORD006002,2025-01-24,Lounge Set,3,362.1,United States,3PL_West,Carrier_B,product_launch,9.04,4.3,5,False,False,none
ORD006003,2025-04-15,Cloud Sweatpants,1,78.0,Canada,3PL_International,Passport_Global,none,17.22,5.9,9,False,False,none
ORD006004,2025-02-01,Weighted Tee,4,194.4,United Kingdom,3PL_International,Passport_Global,holiday_sale,21.84,6.7,9,False,False,none
ORD006005,2025-01-13,Signature Hoodie,4,284.8,Canada,3PL_International,Passport_Global,email_drop,21.96,5.0,9,False,False,none
ORD006006,2025-04-01,Zip Hoodie,1,76.8,United Kingdom,3PL_International,Passport_Global,email_drop,16.68,2.6,9,False,False,none
ORD006007,2025-05-02,Cloud Sweatpants,1,66.3,United Kingdom,3PL_International,Passport_Global,influencer_drop,17.59,4.2,9,False,False,none
ORD006008,2025-06-08,Signature Hoodie,1,89.0,United States,3PL_East,Carrier_B,none,4.7,4.5,5,False,False,none
ORD006009,2025-05-28,Zip Hoodie,3,230.4,United States,3PL_West,Carrier_A,email_drop,8.42,3.4,5,False,True,duplicate_order
ORD006010,2025-06-09,Weighted Tee,2,97.2,United States,3PL_East,Carrier_B,product_launch,6.49,4.1,5,False,False,none
ORD006011,2025-05-23,Zip Hoodie,2,172.8,United States,3PL_East,Carrier_D,product_launch,9.06,5.1,5,True,False,none
ORD006012,2025-05-12,Signature Hoodie,1,71.2,Canada,3PL_International,Passport_Global,product_launch,19.11,5.7,9,False,False,none
ORD006013,2025-01-03,Cloud Sweatpants,2,132.6,United States,3PL_West,Carrier_B,email_drop,7.93,4.7,5,False,False,none
ORD006014,2025-04-26,Signature Hoodie,2,151.3,United States,3PL_West,Carrier_A,email_drop,5.69,2.4,5,False,False,none
ORD006015,2025-01-25,Zip Hoodie,1,96.0,United States,3PL_Central,Carrier_B,none,4.46,2.8,5,False,False,none
ORD006016,2025-01-12,Cloud Sweatpants,2,156.0,United States,3PL_West,Carrier_C,none,5.61,3.9,5,False,False,none
ORD006017,2025-02-01,Signature Hoodie,1,89.0,United States,3PL_East,Carrier_B,none,6.31,1.9,5,False,False,none
ORD006018,2025-06-04,Signature Hoodie,3,267.0,United States,3PL_West,Carrier_C,none,8.3,4.8,5,False,False,none
ORD006019,2025-05-20,Weighted Tee,1,54.0,United States,3PL_West,Carrier_C,none,5.94,4.2,5,False,False,none
ORD006020,2025-06-23,Signature Hoodie,1,89.0,United States,3PL_West,Carrier_D,none,7.64,3.5,5,False,False,none
ORD006021,2025-06-27,Signature Hoodie,2,178.0,United States,3PL_West,Carrier_B,none,6.22,2.9,5,False,False,none
ORD006022,2025-06-14,Signature Hoodie,2,178.0,United States,3PL_Central,Carrier_A,none,6.62,5.3,5,True,False,none
ORD006023,2025-01-27,Cloud Sweatpants,2,156.0,United States,3PL_West,Carrier_B,none,6.82,3.3,5,False,False,none
ORD006024,2025-06-12,Signature Hoodie,4,284.8,Germany,3PL_International,Passport_Global,influencer_drop,21.34,2.4,9,False,False,none
ORD006025,2025-06-06,Zip Hoodie,2,153.6,United States,3PL_West,Carrier_B,product_launch,6.03,4.3,5,False,False,none
ORD006026,2025-06-11,Signature Hoodie,1,71.2,United States,3PL_West,Carrier_B,email_drop,6.69,3.4,5,False,False,none
ORD006027,2025-01-31,Signature Hoodie,3,226.95,United Kingdom,3PL_International,Passport_Global,product_launch,19.14,6.9,9,False,False,none
ORD006028,2025-01-24,Signature Hoodie,2,142.4,United Kingdom,3PL_International,Passport_Global,holiday_sale,18.62,5.6,9,False,False,none
ORD006029,2025-06-19,Signature Hoodie,1,89.0,United States,3PL_West,Carrier_C,none,6.57,3.8,5,False,False,none
ORD006030,2025-02-04,Zip Hoodie,1,96.0,United States,3PL_West,Carrier_C,none,6.14,3.4,5,False,False,none
ORD006031,2025-03-12,Signature Hoodie,1,89.0,Canada,3PL_International,Passport_Global,none,16.78,4.1,9,False,False,none
ORD006032,2025-03-25,Zip Hoodie,1,96.0,United States,3PL_West,Carrier_C,none,3.65,4.2,5,False,False,none
ORD006033,2025-01-25,Cloud Sweatpants,3,234.0,Canada,3PL_International,Passport_Global,none,19.28,3.1,9,False,False,none
ORD006034,2025-01-05,Signature Hoodie,2,178.0,United States,3PL_Central,Carrier_B,none,6.65,3.1,5,False,False,none
ORD006035,2025-06-30,Signature Hoodie,2,160.2,United Kingdom,3PL_International,Passport_Global,holiday_sale,19.0,6.2,9,False,False,none
ORD006036,2025-06-12,Cloud Sweatpants,1,78.0,Australia,3PL_International,Passport_Global,none,17.77,7.3,9,False,False,none
ORD006037,2025-06-17,Signature Hoodie,1,89.0,United States,3PL_Central,Carrier_C,none,5.86,3.6,5,False,False,none
ORD006038,2025-02-27,Cloud Sweatpants,3,198.9,Australia,3PL_International,Passport_Global,product_launch,20.12,6.0,9,False,False,none
ORD006039,2025-02-14,Lounge Set,1,113.6,United States,3PL_East,Carrier_C,product_launch,6.16,5.8,5,True,False,none
ORD006040,2025-03-21,Signature Hoodie,2,160.2,United States,3PL_East,Carrier_C,influencer_drop,7.16,3.4,5,False,False,none
ORD006041,2025-03-25,Cloud Sweatpants,4,280.8,United States,3PL_East,Carrier_C,influencer_drop,7.12,3.0,5,False,False,none
ORD006042,2025-01-02,Cloud Sweatpants,4,280.8,United States,3PL_West,Carrier_C,product_launch,8.92,5.1,5,True,True,late_delivery
ORD006043,2025-05-27,Signature Hoodie,1,89.0,United States,3PL_West,Carrier_A,none,5.23,4.9,5,False,False,none
ORD006044,2025-06-30,Cloud Sweatpants,3,210.6,United States,3PL_East,Carrier_A,holiday_sale,7.92,3.3,5,False,False,none
ORD006045,2025-04-06,Cloud Sweatpants,1,78.0,United States,3PL_West,Carrier_A,none,5.21,5.4,5,True,False,none
ORD006046,2025-03-15,Cloud Sweatpants,1,78.0,United States,3PL_East,Carrier_C,none,4.11,4.3,5,False,False,none
ORD006047,2025-03-15,Zip Hoodie,1,96.0,United States,3PL_East,Carrier_D,none,7.57,2.8,5,False,False,none
ORD006048,2025-01-20,Signature Hoodie,1,89.0,United Kingdom,3PL_International,Passport_Global,none,18.36,4.9,9,False,False,none
ORD006049,2025-02-23,Cloud Sweatpants,1,78.0,United States,3PL_West,Carrier_A,none,3.92,3.8,5,False,False,none
ORD006050,2025-04-01,Zip Hoodie,3,288.0,Canada,3PL_International,Passport_Global,none,21.48,4.8,9,False,False,none
ORD006051,2025-03-21,Cloud Sweatpants,3,234.0,United States,3PL_East,Carrier_D,none,10.25,3.2,5,False,False,none
ORD006052,2025-04-10,Zip Hoodie,1,96.0,United States,3PL_East,Carrier_A,none,4.68,2.3,5,False,True,changed_mind
ORD006053,2025-06-08,Cloud Sweatpants,1,78.0,Australia,3PL_International,Passport_Global,none,16.92,2.6,9,False,False,none
ORD006054,2025-02-15,Cloud Sweatpants,1,70.2,United States,3PL_Central,Carrier_D,influencer_drop,7.36,2.3,5,False,False,none
ORD006055,2025-01-06,Signature Hoodie,1,89.0,United States,3PL_West,Carrier_B,none,5.5,4.8,5,False,False,none
ORD006056,2025-01-08,Zip Hoodie,1,76.8,Australia,3PL_International,Passport_Global,email_drop,18.3,3.0,9,False,False,none
ORD006057,2025-01-27,Cloud Sweatpants,4,312.0,United States,3PL_West,Carrier_B,none,9.24,4.8,5,False,False,none
ORD006058,2025-04-15,Signature Hoodie,2,142.4,United States,3PL_East,Carrier_B,influencer_drop,7.02,4.4,5,False,False,none
ORD006059,2025-06-01,Signature Hoodie,2,178.0,United States,3PL_West,Carrier_A,none,5.66,4.0,5,False,False,none
ORD006060,2025-06-13,Signature Hoodie,1,89.0,United States,3PL_Central,Carrier_A,none,5.29,2.2,5,False,False,none
ORD006061,2025-04-28,Cloud Sweatpants,3,234.0,United States,3PL_West,Carrier_C,none,7.97,4.6,5,False,False,none
ORD006062,2025-03-17,Signature Hoodie,1,80.1,Canada,3PL_International,Passport_Global,product_launch,17.61,5.9,9,False,False,none
ORD006063,2025-02-01,Lounge Set,4,511.2,United States,3PL_West,Carrier_B,product_launch,9.37,3.9,5,False,False,none
ORD006064,2025-03-17,Weighted Tee,2,86.4,United States,3PL_Central,Carrier_D,influencer_drop,9.21,3.9,5,False,False,none
ORD006065,2025-03-06,Weighted Tee,1,45.9,United States,3PL_West,Carrier_A,email_drop,4.74,6.1,5,True,True,changed_mind
ORD006066,2025-06-11,Signature Hoodie,3,267.0,United States,3PL_Central,Carrier_B,none,7.67,4.7,5,False,True,late_delivery
ORD006067,2025-03-30,Cloud Sweatpants,1,66.3,United States,3PL_Central,Carrier_D,email_drop,6.78,4.4,5,False,False,none
ORD006068,2025-02-15,Lounge Set,1,142.0,Germany,3PL_International,Passport_Global,none,17.46,1.0,9,False,False,none
ORD006069,2025-02-28,Zip Hoodie,2,192.0,United States,3PL_West,Carrier_C,none,5.24,4.3,5,False,False,none
ORD006070,2025-01-28,Signature Hoodie,3,240.3,United States,3PL_East,Carrier_B,product_launch,8.03,4.0,5,False,False,none
ORD006071,2025-06-18,Lounge Set,2,255.6,United States,3PL_Central,Carrier_A,product_launch,8.84,3.7,5,False,False,none
ORD006072,2025-01-11,Cloud Sweatpants,2,156.0,Canada,3PL_International,Passport_Global,none,19.28,4.1,9,False,False,none
ORD006073,2025-01-03,Zip Hoodie,1,96.0,United States,3PL_East,Carrier_C,none,7.23,2.8,5,False,False,none
ORD006074,2025-02-06,Weighted Tee,1,54.0,United States,3PL_West,Carrier_C,none,6.43,4.7,5,False,False,none
ORD006075,2025-06-02,Weighted Tee,4,216.0,United States,3PL_East,Carrier_A,none,8.25,2.7,5,False,False,none
ORD006076,2025-04-06,Cloud Sweatpants,1,78.0,United States,3PL_West,Carrier_C,none,5.74,2.8,5,False,False,none
ORD006077,2025-04-26,Signature Hoodie,4,284.8,Australia,3PL_International,Passport_Global,email_drop,21.88,4.5,9,False,False,none
ORD006078,2025-03-10,Zip Hoodie,1,96.0,United States,3PL_Central,Carrier_D,none,7.79,3.0,5,False,False,none
ORD006079,2025-01-14,Zip Hoodie,1,96.0,United States,3PL_West,Carrier_A,none,4.82,2.7,5,False,False,none
ORD006080,2025-06-09,Cloud Sweatpants,1,78.0,United States,3PL_Central,Carrier_A,none,5.57,2.8,5,False,False,none
ORD006081,2025-02-08,Cloud Sweatpants,1,70.2,United Kingdom,3PL_International,Passport_Global,influencer_drop,19.14,5.6,9,False,False,none
ORD006082,2025-01-07,Cloud Sweatpants,4,312.0,United States,3PL_East,Carrier_C,none,7.61,4.5,5,False,False,none
ORD006083,2025-04-15,Cloud Sweatpants,1,78.0,United States,3PL_Central,Carrier_D,none,8.03,5.8,5,True,False,none
ORD006084,2025-01-17,Weighted Tee,1,43.2,Canada,3PL_International,Passport_Global,email_drop,18.75,3.7,9,False,False,none
ORD006085,2025-01-20,Lounge Set,2,241.4,United Kingdom,3PL_International,Passport_Global,influencer_drop,17.58,4.9,9,False,True,late_delivery
ORD006086,2025-05-31,Cloud Sweatpants,4,312.0,United States,3PL_Central,Carrier_B,none,8.35,2.5,5,False,False,none
ORD006087,2025-03-30,Cloud Sweatpants,4,249.6,United States,3PL_East,Carrier_A,email_drop,8.63,4.0,5,False,False,none
ORD006088,2025-02-18,Cloud Sweatpants,1,78.0,United States,3PL_East,Carrier_C,none,6.1,1.4,5,False,False,none
ORD006089,2025-03-09,Cloud Sweatpants,3,210.6,Australia,3PL_International,Passport_Global,email_drop,20.11,4.6,9,False,False,none
ORD006090,2025-05-17,Signature Hoodie,1,89.0,United States,3PL_West,Carrier_D,none,6.76,3.7,5,False,False,none
ORD006091,2025-01-14,Zip Hoodie,3,244.8,United States,3PL_West,Carrier_B,product_launch,7.76,4.3,5,False,False,none
ORD006092,2025-01-24,Zip Hoodie,2,163.2,United States,3PL_East,Carrier_C,product_launch,6.9,2.3,5,False,False,none
ORD006093,2025-04-24,Cloud Sweatpants,3,210.6,United Kingdom,3PL_International,Passport_Global,influencer_drop,19.97,3.1,9,False,False,none
ORD006094,2025-04-22,Lounge Set,3,383.4,United States,3PL_East,Carrier_B,holiday_sale,9.0,4.8,5,False,False,none
ORD006095,2025-06-26,Weighted Tee,4,216.0,United States,3PL_East,Carrier_B,none,8.88,3.2,5,False,False,none
ORD006096,2025-03-13,Lounge Set,1,120.7,Canada,3PL_International,Passport_Global,email_drop,18.39,4.2,9,False,False,none
ORD006097,2025-01-13,Weighted Tee,3,162.0,United States,3PL_West,Carrier_B,none,6.85,4.7,5,False,False,none
ORD006098,2025-04-08,Cloud Sweatpants,1,78.0,United States,3PL_Central,Carrier_C,none,5.69,3.4,5,False,False,none
ORD006099,2025-04-29,Lounge Set,4,568.0,United States,3PL_Central,Carrier_B,none,8.44,2.1,5,False,False,none
ORD006100,2025-01-29,Weighted Tee,2,91.8,Australia,3PL_International,Passport_Global,email_drop,18.55,4.9,9,False,False,none
ORD006101,2025-04-12,Zip Hoodie,1,81.6,United States,3PL_East,Carrier_A,email_drop,6.63,5.6,5,True,False,none
ORD006102,2025-02-09,Signature Hoodie,1,71.2,United States,3PL_West,Carrier_A,holiday_sale,4.87,6.2,5,True,False,none
ORD006103,2025-06-07,Signature Hoodie,4,356.0,United Kingdom,3PL_International,Passport_Global,none,20.84,3.0,9,False,False,none
ORD006104,2025-06-06,Cloud Sweatpants,2,124.8,Canada,3PL_International,Passport_Global,product_launch,17.57,6.5,9,False,False,none
ORD006105,2025-03-21,Zip Hoodie,1,76.8,United States,3PL_East,Carrier_A,holiday_sale,4.69,4.1,5,False,False,none
ORD006106,2025-06-26,Cloud Sweatpants,3,210.6,United States,3PL_East,Carrier_A,holiday_sale,6.34,4.2,5,False,True,quality_issue
ORD006107,2025-06-28,Lounge Set,3,426.0,United States,3PL_West,Carrier_A,none,8.64,3.3,5,False,False,none
ORD006108,2025-01-26,Zip Hoodie,1,96.0,United States,3PL_Central,Carrier_B,none,5.69,4.5,5,False,False,none
ORD006109,2025-03-12,Signature Hoodie,1,71.2,United States,3PL_West,Carrier_B,email_drop,6.04,1.6,5,False,False,none
ORD006110,2025-04-21,Signature Hoodie,3,240.3,United Kingdom,3PL_International,Passport_Global,product_launch,20.47,4.1,9,False,False,none
ORD006111,2025-01-18,Zip Hoodie,1,96.0,United States,3PL_West,Carrier_C,none,4.63,4.1,5,False,False,none
ORD006112,2025-03-14,Signature Hoodie,1,89.0,United States,3PL_Central,Carrier_B,none,6.05,3.3,5,False,False,none
ORD006113,2025-02-22,Weighted Tee,2,108.0,United States,3PL_East,Carrier_A,none,6.4,1.9,5,False,False,none
ORD006114,2025-06-23,Lounge Set,4,568.0,United Kingdom,3PL_International,Passport_Global,none,21.71,5.2,9,False,False,none
ORD006115,2025-03-18,Cloud Sweatpants,2,124.8,United States,3PL_Central,Carrier_A,influencer_drop,4.37,4.0,5,False,False,none
ORD006116,2025-05-24,Cloud Sweatpants,4,312.0,United States,3PL_Central,Carrier_A,none,7.89,3.8,5,False,False,none
ORD006117,2025-03-15,Lounge Set,1,142.0,United States,3PL_East,Carrier_C,none,4.84,5.6,5,True,False,none
ORD006118,2025-01-27,Lounge Set,2,227.2,Germany,3PL_International,Passport_Global,email_drop,19.19,3.1,9,False,False,none
ORD006119,2025-06-10,Cloud Sweatpants,2,156.0,United States,3PL_Central,Carrier_C,none,5.29,2.8,5,False,False,none
ORD006120,2025-01-01,Weighted Tee,4,216.0,United States,3PL_Central,Carrier_B,none,10.67,5.7,5,True,True,duplicate_order
ORD006121,2025-01-12,Cloud Sweatpants,2,156.0,Australia,3PL_International,Passport_Global,none,19.96,4.4,9,False,False,none
ORD006122,2025-03-11,Signature Hoodie,3,267.0,United States,3PL_East,Carrier_B,none,8.74,2.9,5,False,False,none
ORD006123,2025-05-09,Cloud Sweatpants,1,66.3,United States,3PL_East,Carrier_C,product_launch,6.55,5.0,5,False,False,none
ORD006124,2025-03-08,Lounge Set,1,113.6,United States,3PL_West,Carrier_B,email_drop,5.84,4.1,5,False,True,fit_issue
ORD006125,2025-01-14,Weighted Tee,3,145.8,United States,3PL_East,Carrier_C,product_launch,6.8,3.5,5,False,False,none
ORD006126,2025-03-04,Signature Hoodie,1,89.0,United States,3PL_East,Carrier_A,none,5.77,1.0,5,False,False,none
ORD006127,2025-02-19,Cloud Sweatpants,4,280.8,United States,3PL_West,Carrier_B,influencer_drop,8.46,3.5,5,False,False,none
ORD006128,2025-01-02,Cloud Sweatpants,1,78.0,United States,3PL_East,Carrier_B,none,5.21,4.1,5,False,False,none
ORD006129,2025-04-08,Lounge Set,2,241.4,Australia,3PL_International,Passport_Global,email_drop,19.63,3.3,9,False,False,none
ORD006130,2025-01-24,Zip Hoodie,2,192.0,United States,3PL_West,Carrier_A,none,6.1,3.9,5,False,False,none
ORD006131,2025-02-27,Signature Hoodie,2,178.0,United States,3PL_West,Carrier_D,none,7.86,3.8,5,False,False,none
ORD006132,2025-04-29,Lounge Set,2,284.0,United States,3PL_Central,Carrier_B,none,7.32,5.0,5,False,False,none
ORD006133,2025-05-16,Zip Hoodie,2,172.8,United States,3PL_East,Carrier_B,influencer_drop,5.89,2.7,5,False,False,none
ORD006134,2025-02-22,Lounge Set,2,227.2,Germany,3PL_International,Passport_Global,influencer_drop,18.7,5.4,9,False,False,none
ORD006135,2025-03-06,Lounge Set,2,284.0,United States,3PL_West,Carrier_A,none,6.48,4.0,5,False,False,none
ORD006136,2025-02-19,Signature Hoodie,2,142.4,United States,3PL_West,Carrier_A,email_drop,7.01,5.3,5,True,True,quality_issue
ORD006137,2025-06-24,Weighted Tee,2,97.2,United States,3PL_West,Carrier_C,email_drop,7.14,5.1,5,True,False,none
ORD006138,2025-02-08,Cloud Sweatpants,2,156.0,United States,3PL_Central,Carrier_C,none,6.02,4.3,5,False,False,none
ORD006139,2025-02-06,Weighted Tee,1,54.0,United States,3PL_Central,Carrier_B,none,4.06,4.6,5,False,False,none
ORD006140,2025-03-23,Signature Hoodie,1,80.1,United States,3PL_East,Carrier_B,holiday_sale,6.42,4.7,5,False,False,none
ORD006141,2025-02-08,Lounge Set,3,340.8,United Kingdom,3PL_International,Passport_Global,email_drop,18.3,5.8,9,False,False,none
ORD006142,2025-02-01,Signature Hoodie,1,80.1,United States,3PL_West,Carrier_C,email_drop,5.73,2.5,5,False,False,none
ORD006143,2025-01-20,Signature Hoodie,2,142.4,United States,3PL_Central,Carrier_B,email_drop,6.51,5.3,5,True,False,none
ORD006144,2025-04-29,Weighted Tee,4,183.6,United States,3PL_East,Carrier_B,email_drop,9.06,4.5,5,False,False,none
ORD006145,2025-04-23,Signature Hoodie,3,267.0,Canada,3PL_International,Passport_Global,none,20.35,4.8,9,False,False,none
ORD006146,2025-05-01,Signature Hoodie,1,71.2,United States,3PL_East,Carrier_A,product_launch,5.21,2.4,5,False,False,none
ORD006147,2025-05-26,Lounge Set,2,284.0,United States,3PL_Central,Carrier_C,none,6.48,3.1,5,False,False,none
ORD006148,2025-03-05,Cloud Sweatpants,1,62.4,Canada,3PL_International,Passport_Global,influencer_drop,18.07,4.1,9,False,False,none
ORD006149,2025-06-18,Cloud Sweatpants,2,124.8,Canada,3PL_International,Passport_Global,holiday_sale,19.16,4.0,9,False,False,none
ORD006150,2025-05-18,Weighted Tee,1,43.2,United States,3PL_East,Carrier_C,email_drop,3.18,3.1,5,False,False,none
ORD006151,2025-06-01,Cloud Sweatpants,4,312.0,United States,3PL_West,Carrier_B,none,8.79,5.2,5,True,False,none
ORD006152,2025-05-15,Signature Hoodie,4,356.0,United States,3PL_East,Carrier_C,none,9.49,4.3,5,False,False,none
ORD006153,2025-03-10,Zip Hoodie,1,96.0,United States,3PL_West,Carrier_A,none,4.82,3.9,5,False,False,none
ORD006154,2025-02-26,Zip Hoodie,1,96.0,United States,3PL_East,Carrier_A,none,5.77,2.2,5,False,False,none
ORD006155,2025-03-20,Signature Hoodie,2,178.0,United States,3PL_East,Carrier_B,none,7.37,3.4,5,False,False,none
ORD006156,2025-01-20,Cloud Sweatpants,2,156.0,United States,3PL_East,Carrier_C,none,6.62,5.3,5,True,True,late_delivery
ORD006157,2025-03-24,Signature Hoodie,2,142.4,United States,3PL_Central,Carrier_A,product_launch,6.65,3.8,5,False,False,none
ORD006158,2025-01-09,Signature Hoodie,1,89.0,Canada,3PL_International,Passport_Global,none,16.71,3.7,9,False,False,none
ORD006159,2025-01-01,Signature Hoodie,2,178.0,Australia,3PL_International,Passport_Global,none,18.88,5.9,9,False,False,none
ORD006160,2025-06-20,Lounge Set,1,142.0,United States,3PL_East,Carrier_D,none,7.6,5.7,5,True,False,none
ORD006161,2025-05-09,Signature Hoodie,1,71.2,United States,3PL_West,Carrier_D,email_drop,6.85,4.6,5,False,False,none
ORD006162,2025-04-13,Signature Hoodie,3,267.0,Germany,3PL_International,Passport_Global,none,19.79,5.2,9,False,False,none
ORD006163,2025-03-08,Weighted Tee,4,183.6,United States,3PL_Central,Carrier_C,influencer_drop,9.27,1.3,5,False,False,none
ORD006164,2025-04-15,Cloud Sweatpants,2,156.0,United States,3PL_East,Carrier_C,none,6.83,5.4,5,True,False,none
ORD006165,2025-06-14,Weighted Tee,1,54.0,United States,3PL_West,Carrier_A,none,5.77,3.5,5,False,False,none
ORD006166,2025-05-02,Lounge Set,2,284.0,United States,3PL_West,Carrier_A,none,5.29,4.5,5,False,False,none
ORD006167,2025-04-21,Cloud Sweatpants,1,78.0,United States,3PL_Central,Carrier_A,none,5.74,2.3,5,False,False,none
ORD006168,2025-03-26,Cloud Sweatpants,1,66.3,United States,3PL_West,Carrier_C,influencer_drop,4.12,4.2,5,False,False,none
ORD006169,2025-03-08,Signature Hoodie,1,89.0,United States,3PL_East,Carrier_B,none,5.18,4.8,5,False,False,none
ORD006170,2025-05-11,Signature Hoodie,4,356.0,United States,3PL_East,Carrier_A,none,10.4,3.4,5,False,False,none
ORD006171,2025-06-28,Signature Hoodie,1,89.0,United Kingdom,3PL_International,Passport_Global,none,18.25,5.6,9,False,True,changed_mind
ORD006172,2025-03-20,Cloud Sweatpants,2,156.0,United States,3PL_East,Carrier_C,none,6.81,5.2,5,True,False,none
ORD006173,2025-03-15,Signature Hoodie,3,267.0,United States,3PL_East,Carrier_B,none,7.03,3.9,5,False,False,none
ORD006174,2025-03-21,Lounge Set,4,568.0,Australia,3PL_International,Passport_Global,none,22.48,5.0,9,False,False,none
ORD006175,2025-03-21,Signature Hoodie,4,302.6,United States,3PL_East,Carrier_A,product_launch,9.1,5.2,5,True,False,none
ORD006176,2025-06-29,Cloud Sweatpants,1,78.0,United States,3PL_West,Carrier_D,none,5.34,3.6,5,False,False,none
ORD006177,2025-05-12,Signature Hoodie,1,89.0,United States,3PL_East,Carrier_A,none,4.86,4.0,5,False,False,none
ORD006178,2025-03-10,Signature Hoodie,1,71.2,United States,3PL_East,Carrier_A,email_drop,5.62,5.0,5,False,False,none
ORD006179,2025-03-12,Lounge Set,3,426.0,United States,3PL_East,Carrier_D,none,9.32,2.9,5,False,False,none
ORD006180,2025-03-21,Zip Hoodie,1,76.8,Australia,3PL_International,Passport_Global,email_drop,18.67,4.5,9,False,False,none
ORD006181,2025-01-08,Cloud Sweatpants,1,70.2,United States,3PL_East,Carrier_B,holiday_sale,4.5,4.1,5,False,False,none
ORD006182,2025-04-06,Cloud Sweatpants,3,187.2,United States,3PL_Central,Carrier_B,influencer_drop,7.84,3.0,5,False,False,none
ORD006183,2025-06-02,Cloud Sweatpants,2,124.8,United Kingdom,3PL_International,Passport_Global,product_launch,18.45,6.6,9,False,False,none
ORD006184,2025-05-03,Lounge Set,3,340.8,United States,3PL_East,Carrier_A,email_drop,7.83,5.2,5,True,False,none
ORD006185,2025-02-09,Cloud Sweatpants,1,78.0,Canada,3PL_International,Passport_Global,none,17.36,5.1,9,False,True,quality_issue
ORD006186,2025-05-17,Zip Hoodie,2,153.6,United States,3PL_Central,Carrier_A,product_launch,6.6,4.6,5,False,False,none
ORD006187,2025-05-15,Signature Hoodie,1,89.0,United States,3PL_East,Carrier_D,none,8.41,3.7,5,False,False,none
ORD006188,2025-02-22,Cloud Sweatpants,1,78.0,United States,3PL_East,Carrier_D,none,5.94,2.4,5,False,False,none
ORD006189,2025-04-26,Cloud Sweatpants,1,66.3,United States,3PL_Central,Carrier_C,influencer_drop,7.05,2.7,5,False,False,none
ORD006190,2025-04-23,Signature Hoodie,1,75.65,Canada,3PL_International,Passport_Global,holiday_sale,20.58,5.9,9,False,False,none
ORD006191,2025-06-06,Cloud Sweatpants,1,66.3,United States,3PL_East,Carrier_B,holiday_sale,5.0,3.0,5,False,False,none
ORD006192,2025-01-28,Cloud Sweatpants,1,78.0,United States,3PL_West,Carrier_A,none,6.52,5.7,5,True,False,none
ORD006193,2025-02-09,Signature Hoodie,1,75.65,United Kingdom,3PL_International,Passport_Global,email_drop,18.52,4.1,9,False,False,none
ORD006194,2025-03-30,Weighted Tee,3,162.0,United States,3PL_West,Carrier_C,none,8.32,3.0,5,False,False,none
ORD006195,2025-01-10,Signature Hoodie,3,226.95,Australia,3PL_International,Passport_Global,influencer_drop,19.49,5.1,9,False,False,none
ORD006196,2025-03-19,Lounge Set,1,113.6,United States,3PL_Central,Carrier_A,email_drop,4.64,3.7,5,False,False,none
ORD006197,2025-05-29,Cloud Sweatpants,4,312.0,United States,3PL_West,Carrier_A,none,8.47,5.3,5,True,False,none
ORD006198,2025-01-31,Signature Hoodie,1,75.65,United States,3PL_East,Carrier_D,influencer_drop,6.86,4.0,5,False,False,none
ORD006199,2025-03-26,Signature Hoodie,1,89.0,United States,3PL_West,Carrier_A,none,4.42,3.2,5,False,True,changed_mind
ORD006200,2025-06-29,Zip Hoodie,1,96.0,United States,3PL_East,Carrier_B,none,4.77,3.1,5,False,False,none
ORD006201,2025-04-02,Zip Hoodie,1,86.4,United States,3PL_Central,Carrier_C,product_launch,6.21,5.7,5,True,False,none
ORD006202,2025-03-31,Zip Hoodie,1,81.6,United States,3PL_East,Carrier_B,email_drop,6.64,5.9,5,True,False,none
ORD006203,2025-04-13,Cloud Sweatpants,3,234.0,Australia,3PL_International,Passport_Global,none,19.37,4.1,9,False,True,late_delivery
ORD006204,2025-02-07,Signature Hoodie,4,356.0,United States,3PL_West,Carrier_B,none,10.8,3.5,5,False,False,none
ORD006205,2025-01-30,Lounge Set,1,142.0,United States,3PL_East,Carrier_A,none,4.25,4.8,5,False,False,none
ORD006206,2025-05-06,Lounge Set,1,142.0,Germany,3PL_International,Passport_Global,none,16.85,5.1,9,False,False,none
ORD006207,2025-03-16,Cloud Sweatpants,3,234.0,United States,3PL_West,Carrier_B,none,6.19,3.0,5,False,False,none
ORD006208,2025-02-28,Lounge Set,4,568.0,Canada,3PL_International,Passport_Global,none,19.8,3.8,9,False,False,none
ORD006209,2025-01-07,Zip Hoodie,1,96.0,United States,3PL_East,Carrier_C,none,6.31,3.7,5,False,False,none
ORD006210,2025-06-07,Cloud Sweatpants,2,132.6,United States,3PL_West,Carrier_A,email_drop,6.17,4.5,5,False,False,none
ORD006211,2025-01-07,Zip Hoodie,1,96.0,United States,3PL_West,Carrier_A,none,5.36,1.9,5,False,False,none
ORD006212,2025-05-21,Signature Hoodie,2,178.0,United States,3PL_Central,Carrier_B,none,6.26,3.2,5,False,False,none
ORD006213,2025-03-14,Signature Hoodie,4,320.4,United States,3PL_West,Carrier_A,holiday_sale,7.77,5.0,5,False,False,none
ORD006214,2025-04-21,Zip Hoodie,2,192.0,United States,3PL_West,Carrier_A,none,5.12,3.5,5,False,False,none
ORD006215,2025-02-19,Weighted Tee,2,86.4,United States,3PL_Central,Carrier_A,email_drop,4.72,2.8,5,False,False,none
ORD006216,2025-02-01,Cloud Sweatpants,2,156.0,United States,3PL_East,Carrier_A,none,6.25,4.6,5,False,False,none
ORD006217,2025-04-08,Signature Hoodie,2,178.0,United States,3PL_West,Carrier_B,none,6.8,5.0,5,False,False,none
ORD006218,2025-05-10,Signature Hoodie,2,142.4,United States,3PL_West,Carrier_A,email_drop,5.69,4.8,5,False,False,none
ORD006219,2025-02-09,Cloud Sweatpants,4,312.0,United States,3PL_East,Carrier_A,none,6.93,3.2,5,False,False,none
ORD006220,2025-03-22,Zip Hoodie,1,96.0,United Kingdom,3PL_International,Passport_Global,none,18.43,2.8,9,False,False,none
ORD006221,2025-03-23,Signature Hoodie,4,284.8,United Kingdom,3PL_International,Passport_Global,holiday_sale,21.98,5.4,9,False,False,none
ORD006222,2025-02-13,Signature Hoodie,4,356.0,Canada,3PL_International,Passport_Global,none,20.0,3.6,9,False,False,none
ORD006223,2025-04-14,Zip Hoodie,4,326.4,United States,3PL_West,Carrier_A,email_drop,7.76,3.2,5,False,False,none
ORD006224,2025-01-30,Signature Hoodie,1,89.0,United States,3PL_Central,Carrier_B,none,5.89,1.4,5,False,False,none
ORD006225,2025-04-03,Cloud Sweatpants,2,156.0,United States,3PL_East,Carrier_A,none,4.87,4.7,5,False,False,none
ORD006226,2025-01-23,Zip Hoodie,1,76.8,United States,3PL_Central,Carrier_C,email_drop,4.17,1.0,5,False,False,none
ORD006227,2025-03-30,Signature Hoodie,3,267.0,Australia,3PL_International,Passport_Global,none,21.14,5.4,9,False,False,none
ORD006228,2025-03-03,Cloud Sweatpants,1,78.0,United States,3PL_West,Carrier_C,none,4.85,4.9,5,False,False,none
ORD006229,2025-03-24,Signature Hoodie,1,75.65,United States,3PL_West,Carrier_C,product_launch,5.31,4.2,5,False,False,none
ORD006230,2025-03-22,Signature Hoodie,2,178.0,United States,3PL_East,Carrier_B,none,5.48,3.5,5,False,False,none
ORD006231,2025-06-17,Lounge Set,1,113.6,United States,3PL_Central,Carrier_B,email_drop,6.19,1.0,5,False,False,none
ORD006232,2025-03-30,Zip Hoodie,1,96.0,United States,3PL_West,Carrier_B,none,5.21,1.7,5,False,False,none
ORD006233,2025-06-03,Signature Hoodie,1,89.0,United Kingdom,3PL_International,Passport_Global,none,18.48,3.6,9,False,False,none
ORD006234,2025-02-15,Signature Hoodie,1,71.2,United States,3PL_West,Carrier_A,email_drop,4.85,5.7,5,True,False,none
ORD006235,2025-03-09,Signature Hoodie,2,160.2,Australia,3PL_International,Passport_Global,email_drop,17.9,5.8,9,False,False,none
ORD006236,2025-01-16,Lounge Set,1,142.0,United States,3PL_West,Carrier_B,none,5.17,3.8,5,False,True,fit_issue
ORD006237,2025-03-20,Zip Hoodie,4,307.2,United States,3PL_East,Carrier_B,email_drop,8.04,2.6,5,False,False,none
ORD006238,2025-05-05,Zip Hoodie,1,96.0,United States,3PL_East,Carrier_A,none,4.85,3.7,5,False,False,none
ORD006239,2025-06-06,Signature Hoodie,1,89.0,United States,3PL_East,Carrier_D,none,6.38,5.1,5,True,False,none
ORD006240,2025-04-14,Weighted Tee,1,48.6,United States,3PL_West,Carrier_A,influencer_drop,4.24,4.8,5,False,True,changed_mind
ORD006241,2025-04-29,Lounge Set,4,568.0,United States,3PL_West,Carrier_A,none,9.33,2.3,5,False,False,none
ORD006242,2025-02-05,Signature Hoodie,3,267.0,United States,3PL_Central,Carrier_C,none,7.94,5.0,5,False,False,none
ORD006243,2025-01-08,Cloud Sweatpants,2,124.8,United States,3PL_East,Carrier_C,influencer_drop,5.6,3.7,5,False,False,none
ORD006244,2025-05-30,Cloud Sweatpants,1,78.0,United States,3PL_West,Carrier_B,none,6.69,3.8,5,False,False,none
ORD006245,2025-02-03,Cloud Sweatpants,2,124.8,United States,3PL_Central,Carrier_B,product_launch,5.82,5.7,5,True,False,none
ORD006246,2025-01-19,Signature Hoodie,4,320.4,United States,3PL_East,Carrier_A,influencer_drop,9.38,4.6,5,False,False,none
ORD006247,2025-06-21,Signature Hoodie,1,89.0,United States,3PL_West,Carrier_D,none,4.96,4.7,5,False,False,none
ORD006248,2025-06-25,Zip Hoodie,2,192.0,United States,3PL_Central,Carrier_B,none,6.17,4.3,5,False,False,none
ORD006249,2025-04-24,Zip Hoodie,4,307.2,Australia,3PL_International,Passport_Global,product_launch,19.62,6.8,9,False,False,none
ORD006250,2025-03-13,Cloud Sweatpants,3,187.2,United States,3PL_West,Carrier_C,holiday_sale,6.86,3.6,5,False,False,none
ORD006251,2025-06-05,Cloud Sweatpants,4,312.0,Canada,3PL_International,Passport_Global,none,21.44,4.7,9,False,False,none
ORD006252,2025-02-11,Signature Hoodie,4,356.0,United States,3PL_East,Carrier_B,none,8.94,3.5,5,False,False,none
ORD006253,2025-03-21,Cloud Sweatpants,1,78.0,United States,3PL_West,Carrier_B,none,4.65,5.1,5,True,False,none
ORD006254,2025-03-10,Lounge Set,1,113.6,United States,3PL_East,Carrier_C,holiday_sale,5.29,5.3,5,True,False,none
ORD006255,2025-06-17,Cloud Sweatpants,1,70.2,United States,3PL_Central,Carrier_D,product_launch,7.3,4.5,5,False,False,none
ORD006256,2025-06-18,Weighted Tee,2,91.8,Canada,3PL_International,Passport_Global,influencer_drop,18.3,3.2,9,False,False,none
ORD006257,2025-05-01,Zip Hoodie,1,96.0,United Kingdom,3PL_International,Passport_Global,none,18.2,6.7,9,False,True,late_delivery
ORD006258,2025-01-23,Lounge Set,1,120.7,United States,3PL_East,Carrier_C,holiday_sale,5.37,3.1,5,False,False,none
ORD006259,2025-03-29,Cloud Sweatpants,2,156.0,United States,3PL_Central,Carrier_A,none,5.98,2.7,5,False,False,none
ORD006260,2025-02-19,Signature Hoodie,1,89.0,United States,3PL_East,Carrier_B,none,6.72,2.6,5,False,False,none
ORD006261,2025-06-13,Lounge Set,1,142.0,United States,3PL_East,Carrier_D,none,6.74,5.8,5,True,False,none
ORD006262,2025-01-28,Zip Hoodie,1,96.0,United States,3PL_East,Carrier_B,none,4.4,3.3,5,False,True,changed_mind
ORD006263,2025-01-11,Lounge Set,4,568.0,United States,3PL_West,Carrier_B,none,9.5,5.7,5,True,False,none
ORD006264,2025-05-12,Zip Hoodie,2,192.0,United States,3PL_East,Carrier_B,none,6.91,3.9,5,False,False,none
ORD006265,2025-03-25,Cloud Sweatpants,2,156.0,United States,3PL_Central,Carrier_C,none,4.79,2.6,5,False,True,fit_issue
ORD006266,2025-06-06,Signature Hoodie,3,240.3,United States,3PL_East,Carrier_A,influencer_drop,5.98,2.7,5,False,False,none
ORD006267,2025-01-16,Cloud Sweatpants,1,78.0,United States,3PL_East,Carrier_A,none,5.64,3.3,5,False,False,none
ORD006268,2025-05-31,Cloud Sweatpants,1,78.0,United States,3PL_West,Carrier_C,none,4.69,4.8,5,False,False,none
ORD006269,2025-01-08,Weighted Tee,3,162.0,United States,3PL_East,Carrier_A,none,7.8,4.9,5,False,False,none
ORD006270,2025-01-06,Lounge Set,3,426.0,United States,3PL_West,Carrier_C,none,7.24,1.5,5,False,False,none
ORD006271,2025-03-26,Cloud Sweatpants,1,78.0,United States,3PL_Central,Carrier_A,none,5.68,3.8,5,False,False,none
ORD006272,2025-02-14,Cloud Sweatpants,1,70.2,United States,3PL_West,Carrier_A,email_drop,5.86,4.3,5,False,False,none
ORD006273,2025-04-20,Signature Hoodie,1,89.0,United States,3PL_Central,Carrier_C,none,3.76,3.0,5,False,False,none
ORD006274,2025-01-06,Signature Hoodie,1,89.0,United States,3PL_Central,Carrier_A,none,4.45,2.8,5,False,False,none
ORD006275,2025-01-08,Weighted Tee,2,86.4,United States,3PL_East,Carrier_B,influencer_drop,7.69,3.3,5,False,False,none
ORD006276,2025-05-17,Zip Hoodie,1,96.0,United States,3PL_East,Carrier_B,none,5.61,1.5,5,False,True,late_delivery
ORD006277,2025-02-12,Cloud Sweatpants,3,187.2,United States,3PL_West,Carrier_C,influencer_drop,8.12,5.0,5,False,False,none
ORD006278,2025-05-02,Lounge Set,2,284.0,United States,3PL_Central,Carrier_A,none,8.27,3.6,5,False,False,none
ORD006279,2025-05-21,Signature Hoodie,3,226.95,United States,3PL_Central,Carrier_B,holiday_sale,8.51,4.1,5,False,False,none
ORD006280,2025-01-12,Weighted Tee,2,108.0,United States,3PL_West,Carrier_D,none,8.31,3.4,5,False,False,none
ORD006281,2025-05-25,Zip Hoodie,4,384.0,United States,3PL_East,Carrier_B,none,7.81,3.1,5,False,False,none
ORD006282,2025-02-23,Signature Hoodie,1,71.2,United States,3PL_West,Carrier_A,email_drop,6.36,2.9,5,False,False,none
ORD006283,2025-03-15,Zip Hoodie,2,192.0,United States,3PL_West,Carrier_A,none,7.53,3.6,5,False,False,none
ORD006284,2025-01-18,Signature Hoodie,1,80.1,Germany,3PL_International,Passport_Global,influencer_drop,17.91,4.0,9,False,False,none
ORD006285,2025-06-06,Zip Hoodie,3,288.0,United States,3PL_West,Carrier_A,none,9.19,4.9,5,False,False,none
ORD006286,2025-04-13,Signature Hoodie,2,178.0,United States,3PL_East,Carrier_B,none,6.78,2.1,5,False,False,none
ORD006287,2025-04-02,Signature Hoodie,1,71.2,United States,3PL_West,Carrier_B,holiday_sale,5.45,3.6,5,False,False,none
ORD006288,2025-06-26,Zip Hoodie,3,244.8,Australia,3PL_International,Passport_Global,holiday_sale,21.06,5.7,9,False,False,none
ORD006289,2025-03-07,Cloud Sweatpants,4,312.0,United States,3PL_West,Carrier_B,none,9.25,2.1,5,False,False,none
ORD006290,2025-06-14,Signature Hoodie,1,89.0,United States,3PL_West,Carrier_C,none,6.01,2.9,5,False,False,none
ORD006291,2025-05-15,Lounge Set,3,340.8,United States,3PL_Central,Carrier_A,influencer_drop,5.98,3.7,5,False,False,none
ORD006292,2025-06-20,Signature Hoodie,3,213.6,United States,3PL_West,Carrier_B,influencer_drop,7.99,4.0,5,False,False,none
ORD006293,2025-06-17,Zip Hoodie,1,81.6,Australia,3PL_International,Passport_Global,holiday_sale,17.4,5.6,9,False,True,changed_mind
ORD006294,2025-06-29,Zip Hoodie,2,172.8,United States,3PL_East,Carrier_C,holiday_sale,6.1,4.3,5,False,True,changed_mind
ORD006295,2025-01-27,Signature Hoodie,3,267.0,Canada,3PL_International,Passport_Global,none,19.91,4.3,9,False,False,none
ORD006296,2025-05-30,Weighted Tee,2,86.4,Australia,3PL_International,Passport_Global,email_drop,18.39,4.6,9,False,False,none
ORD006297,2025-06-01,Cloud Sweatpants,2,156.0,United States,3PL_West,Carrier_C,none,7.12,4.2,5,False,False,none
ORD006298,2025-04-30,Signature Hoodie,1,89.0,United Kingdom,3PL_International,Passport_Global,none,16.83,4.9,9,False,False,none
ORD006299,2025-02-25,Cloud Sweatpants,4,265.2,United States,3PL_West,Carrier_B,influencer_drop,7.4,2.8,5,False,False,none
ORD006300,2025-06-25,Zip Hoodie,4,384.0,United States,3PL_West,Carrier_A,none,8.73,6.0,5,True,True,late_delivery
ORD006301,2025-02-10,Signature Hoodie,1,89.0,United States,3PL_East,Carrier_B,none,6.46,2.6,5,False,False,none
ORD006302,2025-04-01,Signature Hoodie,2,160.2,United States,3PL_West,Carrier_A,email_drop,6.12,2.2,5,False,False,none
ORD006303,2025-04-05,Cloud Sweatpants,1,78.0,United States,3PL_Central,Carrier_A,none,5.18,3.3,5,False,False,none
ORD006304,2025-02-02,Zip Hoodie,1,96.0,United States,3PL_East,Carrier_B,none,5.16,3.8,5,False,False,none
ORD006305,2025-05-16,Signature Hoodie,1,89.0,United States,3PL_East,Carrier_C,none,7.41,4.0,5,False,False,none
ORD006306,2025-01-18,Cloud Sweatpants,4,280.8,United States,3PL_West,Carrier_D,email_drop,11.4,5.5,5,True,False,none
ORD006307,2025-05-10,Signature Hoodie,2,178.0,United States,3PL_East,Carrier_A,none,6.07,2.0,5,False,False,none
ORD006308,2025-06-08,Signature Hoodie,3,267.0,United States,3PL_West,Carrier_A,none,7.53,3.4,5,False,False,none
ORD006309,2025-03-09,Zip Hoodie,3,288.0,United States,3PL_Central,Carrier_A,none,7.07,4.7,5,False,False,none
ORD006310,2025-05-13,Signature Hoodie,3,267.0,United States,3PL_East,Carrier_D,none,10.99,3.1,5,False,False,none
ORD006311,2025-02-01,Signature Hoodie,1,71.2,United States,3PL_Central,Carrier_A,product_launch,4.17,5.3,5,True,False,none
ORD006312,2025-06-07,Signature Hoodie,3,267.0,Germany,3PL_International,Passport_Global,none,19.31,4.7,9,False,False,none
ORD006313,2025-06-23,Zip Hoodie,3,230.4,Germany,3PL_International,Passport_Global,holiday_sale,20.81,3.9,9,False,False,none
ORD006314,2025-01-31,Cloud Sweatpants,1,78.0,United States,3PL_East,Carrier_C,none,6.76,1.4,5,False,True,changed_mind
ORD006315,2025-05-09,Cloud Sweatpants,1,78.0,United States,3PL_West,Carrier_A,none,5.38,3.5,5,False,False,none
ORD006316,2025-04-02,Zip Hoodie,3,288.0,United States,3PL_Central,Carrier_B,none,7.48,5.5,5,True,False,none
ORD006317,2025-04-07,Zip Hoodie,1,86.4,United States,3PL_East,Carrier_A,influencer_drop,5.43,3.8,5,False,False,none
ORD006318,2025-05-12,Signature Hoodie,1,75.65,United States,3PL_Central,Carrier_C,product_launch,5.46,4.8,5,False,False,none
ORD006319,2025-03-30,Signature Hoodie,1,89.0,Germany,3PL_International,Passport_Global,none,19.48,5.1,9,False,False,none
ORD006320,2025-04-21,Signature Hoodie,4,356.0,United States,3PL_Central,Carrier_C,none,9.2,4.9,5,False,False,none
ORD006321,2025-02-16,Lounge Set,1,142.0,United States,3PL_West,Carrier_B,none,5.1,6.0,5,True,False,none
ORD006322,2025-03-13,Signature Hoodie,1,89.0,United States,3PL_West,Carrier_D,none,7.52,1.0,5,False,False,none
ORD006323,2025-06-10,Signature Hoodie,1,89.0,United Kingdom,3PL_International,Passport_Global,none,18.55,4.0,9,False,False,none
ORD006324,2025-01-23,Cloud Sweatpants,1,66.3,Canada,3PL_International,Passport_Global,holiday_sale,17.04,5.0,9,False,False,none
ORD006325,2025-04-20,Cloud Sweatpants,1,78.0,United States,3PL_Central,Carrier_A,none,5.6,4.9,5,False,False,none
ORD006326,2025-02-07,Lounge Set,1,127.8,United States,3PL_East,Carrier_A,influencer_drop,5.42,3.0,5,False,False,none
ORD006327,2025-06-07,Cloud Sweatpants,1,62.4,United Kingdom,3PL_International,Passport_Global,holiday_sale,16.88,5.4,9,False,True,duplicate_order
ORD006328,2025-04-17,Signature Hoodie,3,267.0,United States,3PL_West,Carrier_A,none,7.36,3.2,5,False,False,none
ORD006329,2025-03-17,Zip Hoodie,1,96.0,United States,3PL_East,Carrier_A,none,5.01,1.0,5,False,False,none
ORD006330,2025-02-20,Zip Hoodie,2,172.8,United States,3PL_West,Carrier_A,holiday_sale,6.15,3.1,5,False,False,none
ORD006331,2025-03-22,Weighted Tee,1,54.0,Canada,3PL_International,Passport_Global,none,19.3,5.3,9,False,False,none
ORD006332,2025-06-24,Zip Hoodie,3,288.0,United States,3PL_West,Carrier_C,none,7.72,2.5,5,False,False,none
ORD006333,2025-04-03,Cloud Sweatpants,1,70.2,United States,3PL_Central,Carrier_B,holiday_sale,5.68,6.1,5,True,False,none
ORD006334,2025-03-27,Signature Hoodie,1,89.0,United States,3PL_East,Carrier_D,none,7.73,5.7,5,True,False,none
ORD006335,2025-05-20,Weighted Tee,2,86.4,United States,3PL_East,Carrier_B,holiday_sale,6.5,2.6,5,False,True,fit_issue
ORD006336,2025-03-14,Zip Hoodie,1,96.0,United States,3PL_East,Carrier_A,none,5.04,3.7,5,False,False,none
ORD006337,2025-03-21,Signature Hoodie,2,178.0,United States,3PL_Central,Carrier_C,none,7.74,3.4,5,False,False,none
ORD006338,2025-03-07,Cloud Sweatpants,2,156.0,United States,3PL_West,Carrier_C,none,7.75,4.1,5,False,False,none
ORD006339,2025-01-31,Cloud Sweatpants,2,156.0,United States,3PL_Central,Carrier_B,none,7.28,3.2,5,False,False,none
ORD006340,2025-05-14,Signature Hoodie,1,89.0,United States,3PL_East,Carrier_A,none,5.31,2.2,5,False,False,none
ORD006341,2025-06-11,Zip Hoodie,2,192.0,United States,3PL_East,Carrier_D,none,8.63,3.6,5,False,False,none
ORD006342,2025-06-16,Zip Hoodie,2,192.0,United States,3PL_West,Carrier_D,none,7.7,3.7,5,False,False,none
ORD006343,2025-06-13,Signature Hoodie,4,356.0,United States,3PL_West,Carrier_D,none,10.73,5.0,5,False,False,none
ORD006344,2025-03-24,Weighted Tee,4,216.0,Germany,3PL_International,Passport_Global,none,20.31,4.3,9,False,False,none
ORD006345,2025-02-27,Weighted Tee,1,54.0,United States,3PL_West,Carrier_A,none,6.04,3.7,5,False,False,none
ORD006346,2025-04-28,Signature Hoodie,2,178.0,United States,3PL_West,Carrier_B,none,7.87,3.7,5,False,False,none
ORD006347,2025-06-24,Cloud Sweatpants,1,78.0,United States,3PL_Central,Carrier_B,none,4.5,3.9,5,False,False,none
ORD006348,2025-05-17,Lounge Set,1,142.0,United States,3PL_East,Carrier_A,none,6.8,3.4,5,False,False,none
ORD006349,2025-03-31,Cloud Sweatpants,3,234.0,United States,3PL_East,Carrier_A,none,8.2,5.7,5,True,False,none
ORD006350,2025-05-09,Weighted Tee,2,108.0,United Kingdom,3PL_International,Passport_Global,none,18.33,3.7,9,False,False,none
ORD006351,2025-05-25,Signature Hoodie,3,267.0,United States,3PL_West,Carrier_A,none,7.9,4.9,5,False,False,none
ORD006352,2025-06-18,Zip Hoodie,4,307.2,United States,3PL_Central,Carrier_A,email_drop,10.08,2.3,5,False,False,none
ORD006353,2025-05-24,Cloud Sweatpants,4,265.2,United States,3PL_West,Carrier_B,email_drop,9.84,4.2,5,False,False,none
ORD006354,2025-03-22,Signature Hoodie,2,178.0,United States,3PL_Central,Carrier_D,none,9.32,1.1,5,False,False,none
ORD006355,2025-02-24,Zip Hoodie,2,163.2,United States,3PL_West,Carrier_D,holiday_sale,8.05,4.9,5,False,False,none
ORD006356,2025-04-01,Signature Hoodie,3,267.0,United States,3PL_West,Carrier_A,none,6.95,4.1,5,False,False,none
ORD006357,2025-03-06,Signature Hoodie,1,89.0,United States,3PL_West,Carrier_B,none,5.4,3.3,5,False,False,none
ORD006358,2025-06-22,Signature Hoodie,1,89.0,United States,3PL_Central,Carrier_D,none,7.3,3.9,5,False,False,none
ORD006359,2025-04-03,Signature Hoodie,1,89.0,United States,3PL_East,Carrier_B,none,5.23,3.2,5,False,False,none
ORD006360,2025-03-28,Signature Hoodie,3,267.0,Canada,3PL_International,Passport_Global,none,19.61,2.3,9,False,False,none
ORD006361,2025-03-09,Signature Hoodie,1,89.0,United States,3PL_East,Carrier_C,none,4.59,3.5,5,False,False,none
ORD006362,2025-04-29,Signature Hoodie,1,71.2,United Kingdom,3PL_International,Passport_Global,email_drop,18.37,3.6,9,False,False,none
ORD006363,2025-04-05,Signature Hoodie,3,267.0,United States,3PL_East,Carrier_B,none,7.13,4.5,5,False,False,none
ORD006364,2025-01-26,Signature Hoodie,3,267.0,United States,3PL_East,Carrier_B,none,8.34,2.5,5,False,False,none
ORD006365,2025-06-11,Lounge Set,2,284.0,United States,3PL_West,Carrier_A,none,6.31,4.4,5,False,False,none
ORD006366,2025-03-10,Signature Hoodie,4,356.0,Canada,3PL_International,Passport_Global,none,21.17,2.9,9,False,False,none
ORD006367,2025-03-22,Zip Hoodie,3,288.0,United States,3PL_East,Carrier_B,none,6.76,4.2,5,False,False,none
ORD006368,2025-02-11,Signature Hoodie,4,356.0,United States,3PL_West,Carrier_A,none,9.17,3.8,5,False,False,none
ORD006369,2025-04-12,Signature Hoodie,1,89.0,United States,3PL_West,Carrier_B,none,5.18,2.5,5,False,False,none
ORD006370,2025-05-11,Cloud Sweatpants,1,78.0,Australia,3PL_International,Passport_Global,none,16.94,4.2,9,False,False,none
ORD006371,2025-06-13,Cloud Sweatpants,1,78.0,United States,3PL_West,Carrier_B,none,5.22,4.8,5,False,False,none
ORD006372,2025-01-11,Cloud Sweatpants,3,187.2,Canada,3PL_International,Passport_Global,product_launch,19.41,4.4,9,False,False,none
ORD006373,2025-06-27,Zip Hoodie,4,326.4,United Kingdom,3PL_International,Passport_Global,holiday_sale,19.99,6.2,9,False,True,late_delivery
ORD006374,2025-05-12,Signature Hoodie,1,89.0,United States,3PL_East,Carrier_B,none,6.0,3.2,5,False,False,none
ORD006375,2025-02-27,Signature Hoodie,3,267.0,Canada,3PL_International,Passport_Global,none,19.18,5.5,9,False,False,none
ORD006376,2025-02-10,Lounge Set,2,241.4,United States,3PL_West,Carrier_B,email_drop,6.91,5.3,5,True,False,none
ORD006377,2025-03-01,Signature Hoodie,3,240.3,United States,3PL_East,Carrier_B,product_launch,9.53,3.0,5,False,False,none
ORD006378,2025-06-12,Lounge Set,2,284.0,United States,3PL_West,Carrier_B,none,5.8,4.0,5,False,False,none
ORD006379,2025-02-28,Cloud Sweatpants,1,78.0,Canada,3PL_International,Passport_Global,none,18.17,6.7,9,False,False,none
ORD006380,2025-03-26,Signature Hoodie,2,151.3,United States,3PL_East,Carrier_C,influencer_drop,6.22,4.6,5,False,False,none
ORD006381,2025-05-12,Signature Hoodie,1,89.0,United States,3PL_Central,Carrier_C,none,5.6,3.7,5,False,False,none
ORD006382,2025-06-11,Signature Hoodie,1,80.1,United States,3PL_Central,Carrier_A,influencer_drop,3.98,1.7,5,False,False,none
ORD006383,2025-05-03,Cloud Sweatpants,3,234.0,United States,3PL_West,Carrier_D,none,9.83,4.5,5,False,False,none
ORD006384,2025-05-22,Weighted Tee,2,108.0,United States,3PL_West,Carrier_D,none,8.43,3.4,5,False,True,fit_issue
ORD006385,2025-02-04,Signature Hoodie,2,151.3,United States,3PL_West,Carrier_A,influencer_drop,8.48,4.7,5,False,False,none
ORD006386,2025-06-12,Weighted Tee,2,91.8,United States,3PL_East,Carrier_D,email_drop,6.72,4.6,5,False,False,none
ORD006387,2025-02-25,Signature Hoodie,1,89.0,United States,3PL_East,Carrier_B,none,5.01,3.7,5,False,False,none
ORD006388,2025-01-26,Signature Hoodie,2,142.4,United States,3PL_West,Carrier_A,influencer_drop,6.92,3.3,5,False,False,none
ORD006389,2025-06-27,Cloud Sweatpants,2,132.6,Canada,3PL_International,Passport_Global,holiday_sale,19.65,3.2,9,False,False,none
ORD006390,2025-02-10,Weighted Tee,2,108.0,United States,3PL_West,Carrier_A,none,6.45,3.8,5,False,False,none
ORD006391,2025-01-28,Cloud Sweatpants,1,62.4,United States,3PL_Central,Carrier_C,product_launch,6.41,5.3,5,True,True,changed_mind
ORD006392,2025-04-26,Lounge Set,2,284.0,Canada,3PL_International,Passport_Global,none,19.0,2.1,9,False,False,none
ORD006393,2025-03-04,Cloud Sweatpants,2,156.0,United States,3PL_East,Carrier_B,none,6.66,3.7,5,False,False,none
ORD006394,2025-01-27,Lounge Set,1,120.7,United States,3PL_West,Carrier_A,holiday_sale,4.01,5.4,5,True,False,none
ORD006395,2025-04-21,Lounge Set,1,142.0,United States,3PL_West,Carrier_A,none,5.87,1.0,5,False,True,quality_issue
ORD006396,2025-05-23,Zip Hoodie,1,81.6,United States,3PL_East,Carrier_B,holiday_sale,6.61,3.5,5,False,False,none
ORD006397,2025-05-30,Zip Hoodie,1,96.0,United States,3PL_East,Carrier_B,none,4.61,6.3,5,True,False,none
ORD006398,2025-02-01,Cloud Sweatpants,2,156.0,United Kingdom,3PL_International,Passport_Global,none,18.6,4.4,9,False,False,none
ORD006399,2025-04-12,Weighted Tee,4,216.0,United States,3PL_West,Carrier_D,none,9.52,6.2,5,True,False,none
ORD006400,2025-06-02,Cloud Sweatpants,3,234.0,United States,3PL_East,Carrier_B,none,8.07,3.6,5,False,True,changed_mind
ORD006401,2025-02-02,Signature Hoodie,2,142.4,United States,3PL_West,Carrier_B,influencer_drop,6.42,5.3,5,True,False,none
ORD006402,2025-02-11,Lounge Set,1,142.0,Canada,3PL_International,Passport_Global,none,18.45,4.5,9,False,False,none
ORD006403,2025-01-01,Zip Hoodie,1,96.0,United States,3PL_West,Carrier_B,none,5.34,3.5,5,False,False,none
ORD006404,2025-04-06,Cloud Sweatpants,1,78.0,United States,3PL_West,Carrier_A,none,5.32,2.1,5,False,False,none
ORD006405,2025-02-09,Zip Hoodie,1,96.0,United States,3PL_East,Carrier_B,none,5.35,4.3,5,False,False,none
ORD006406,2025-05-16,Signature Hoodie,4,284.8,United States,3PL_West,Carrier_B,email_drop,8.99,3.2,5,False,False,none
ORD006407,2025-06-25,Cloud Sweatpants,1,62.4,United States,3PL_East,Carrier_B,email_drop,5.42,3.0,5,False,False,none
ORD006408,2025-02-11,Signature Hoodie,4,356.0,United Kingdom,3PL_International,Passport_Global,none,21.59,3.3,9,False,False,none
ORD006409,2025-05-01,Lounge Set,2,284.0,United States,3PL_East,Carrier_B,none,7.69,3.6,5,False,False,none
ORD006410,2025-02-12,Zip Hoodie,2,163.2,United States,3PL_Central,Carrier_C,email_drop,7.33,3.8,5,False,False,none
ORD006411,2025-01-04,Lounge Set,4,568.0,United Kingdom,3PL_International,Passport_Global,none,22.65,4.6,9,False,False,none
ORD006412,2025-05-23,Signature Hoodie,3,267.0,Germany,3PL_International,Passport_Global,none,19.16,4.5,9,False,False,none
ORD006413,2025-03-22,Weighted Tee,1,54.0,United Kingdom,3PL_International,Passport_Global,none,17.19,5.6,9,False,False,none
ORD006414,2025-06-22,Signature Hoodie,4,356.0,United States,3PL_East,Carrier_C,none,9.74,2.4,5,False,False,none
ORD006415,2025-04-08,Signature Hoodie,1,89.0,Australia,3PL_International,Passport_Global,none,16.99,6.5,9,False,False,none
ORD006416,2025-02-01,Weighted Tee,2,108.0,United States,3PL_East,Carrier_C,none,7.85,2.2,5,False,False,none
ORD006417,2025-03-24,Zip Hoodie,2,153.6,United Kingdom,3PL_International,Passport_Global,influencer_drop,18.54,4.6,9,False,False,none
ORD006418,2025-02-10,Weighted Tee,1,54.0,United States,3PL_West,Carrier_C,none,5.28,4.6,5,False,False,none
ORD006419,2025-06-12,Zip Hoodie,2,153.6,United States,3PL_Central,Carrier_A,influencer_drop,6.25,5.3,5,True,False,none
ORD006420,2025-05-09,Signature Hoodie,2,178.0,United States,3PL_East,Carrier_B,none,6.56,2.0,5,False,False,none
ORD006421,2025-03-08,Cloud Sweatpants,4,312.0,United States,3PL_West,Carrier_C,none,10.18,3.9,5,False,False,none
ORD006422,2025-04-06,Lounge Set,4,482.8,United States,3PL_East,Carrier_A,influencer_drop,9.9,3.3,5,False,False,none
ORD006423,2025-05-05,Cloud Sweatpants,1,78.0,United Kingdom,3PL_International,Passport_Global,none,19.37,5.0,9,False,False,none
ORD006424,2025-05-28,Zip Hoodie,2,192.0,United States,3PL_East,Carrier_B,none,8.38,3.4,5,False,False,none
ORD006425,2025-01-17,Signature Hoodie,3,267.0,Canada,3PL_International,Passport_Global,none,19.73,2.1,9,False,True,fit_issue
ORD006426,2025-01-05,Cloud Sweatpants,1,70.2,United States,3PL_West,Carrier_C,email_drop,4.59,3.6,5,False,False,none
ORD006427,2025-01-24,Lounge Set,2,284.0,United States,3PL_West,Carrier_B,none,6.68,4.5,5,False,False,none
ORD006428,2025-03-16,Weighted Tee,4,183.6,United States,3PL_East,Carrier_A,influencer_drop,9.11,4.5,5,False,False,none
ORD006429,2025-03-27,Signature Hoodie,1,89.0,United States,3PL_West,Carrier_C,none,4.22,5.4,5,True,False,none
ORD006430,2025-01-28,Signature Hoodie,3,267.0,United States,3PL_East,Carrier_A,none,8.34,3.5,5,False,False,none
ORD006431,2025-03-18,Signature Hoodie,1,89.0,United States,3PL_West,Carrier_C,none,4.57,5.0,5,False,False,none
ORD006432,2025-03-23,Signature Hoodie,1,89.0,United Kingdom,3PL_International,Passport_Global,none,17.47,5.0,9,False,False,none
ORD006433,2025-01-22,Lounge Set,3,362.1,United States,3PL_East,Carrier_A,influencer_drop,8.29,3.7,5,False,False,none
ORD006434,2025-06-18,Cloud Sweatpants,4,312.0,United States,3PL_East,Carrier_B,none,9.23,2.7,5,False,False,none
ORD006435,2025-04-21,Signature Hoodie,3,226.95,United States,3PL_East,Carrier_C,holiday_sale,7.76,4.2,5,False,False,none
ORD006436,2025-03-15,Lounge Set,3,426.0,United States,3PL_West,Carrier_D,none,9.69,4.6,5,False,False,none
ORD006437,2025-04-02,Lounge Set,1,142.0,United Kingdom,3PL_International,Passport_Global,none,18.33,5.5,9,False,False,none
ORD006438,2025-03-04,Signature Hoodie,3,267.0,United States,3PL_East,Carrier_D,none,9.02,1.7,5,False,False,none
ORD006439,2025-06-08,Lounge Set,2,255.6,Canada,3PL_International,Passport_Global,influencer_drop,19.21,5.2,9,False,False,none
ORD006440,2025-04-16,Cloud Sweatpants,4,312.0,United States,3PL_East,Carrier_A,none,8.85,2.3,5,False,False,none
ORD006441,2025-03-31,Signature Hoodie,2,178.0,United States,3PL_West,Carrier_B,none,6.66,4.2,5,False,False,none
ORD006442,2025-06-17,Lounge Set,1,120.7,United States,3PL_West,Carrier_C,holiday_sale,6.33,2.4,5,False,False,none
ORD006443,2025-06-06,Signature Hoodie,2,160.2,United States,3PL_East,Carrier_A,email_drop,6.78,4.4,5,False,False,none
ORD006444,2025-06-02,Weighted Tee,3,162.0,United States,3PL_West,Carrier_A,none,8.84,5.2,5,True,False,none
ORD006445,2025-02-15,Zip Hoodie,3,259.2,United States,3PL_West,Carrier_B,influencer_drop,7.3,2.3,5,False,False,none
ORD006446,2025-01-31,Lounge Set,1,142.0,United States,3PL_East,Carrier_B,none,5.33,4.0,5,False,True,quality_issue
ORD006447,2025-05-09,Signature Hoodie,1,89.0,Australia,3PL_International,Passport_Global,none,16.58,5.0,9,False,False,none
ORD006448,2025-03-27,Cloud Sweatpants,4,312.0,United Kingdom,3PL_International,Passport_Global,none,20.48,5.5,9,False,False,none
ORD006449,2025-05-08,Lounge Set,3,383.4,United States,3PL_West,Carrier_B,influencer_drop,7.4,2.6,5,False,False,none
ORD006450,2025-05-23,Lounge Set,4,568.0,United States,3PL_West,Carrier_B,none,9.23,2.3,5,False,False,none
ORD006451,2025-03-01,Lounge Set,2,227.2,Germany,3PL_International,Passport_Global,influencer_drop,18.55,4.5,9,False,True,fit_issue
ORD006452,2025-02-27,Signature Hoodie,3,226.95,United States,3PL_East,Carrier_A,email_drop,6.83,3.0,5,False,False,none
ORD006453,2025-03-30,Zip Hoodie,1,96.0,United States,3PL_East,Carrier_A,none,5.68,5.6,5,True,False,none
ORD006454,2025-02-24,Cloud Sweatpants,3,234.0,United States,3PL_Central,Carrier_A,none,6.37,3.8,5,False,False,none
ORD006455,2025-05-04,Signature Hoodie,2,142.4,Canada,3PL_International,Passport_Global,email_drop,17.65,5.2,9,False,False,none
ORD006456,2025-05-20,Cloud Sweatpants,3,234.0,United States,3PL_Central,Carrier_A,none,7.04,2.5,5,False,False,none
ORD006457,2025-03-28,Zip Hoodie,1,96.0,Canada,3PL_International,Passport_Global,none,18.12,4.8,9,False,False,none
ORD006458,2025-05-16,Cloud Sweatpants,1,78.0,United States,3PL_Central,Carrier_B,none,4.7,2.4,5,False,False,none
ORD006459,2025-04-03,Signature Hoodie,1,75.65,United States,3PL_West,Carrier_C,holiday_sale,5.48,3.6,5,False,False,none
ORD006460,2025-05-14,Lounge Set,1,142.0,Canada,3PL_International,Passport_Global,none,18.4,5.0,9,False,False,none
ORD006461,2025-02-15,Weighted Tee,3,162.0,United States,3PL_Central,Carrier_B,none,8.08,3.5,5,False,False,none
ORD006462,2025-05-19,Signature Hoodie,1,89.0,Australia,3PL_International,Passport_Global,none,19.18,4.9,9,False,False,none
ORD006463,2025-05-14,Lounge Set,3,426.0,United States,3PL_West,Carrier_A,none,7.83,4.4,5,False,False,none
ORD006464,2025-02-23,Lounge Set,3,383.4,United States,3PL_West,Carrier_B,product_launch,8.84,3.4,5,False,False,none
ORD006465,2025-04-12,Signature Hoodie,2,178.0,United States,3PL_West,Carrier_D,none,8.85,3.1,5,False,False,none
ORD006466,2025-06-08,Zip Hoodie,2,163.2,United States,3PL_West,Carrier_A,email_drop,6.24,3.9,5,False,False,none
ORD006467,2025-02-20,Weighted Tee,1,48.6,United States,3PL_West,Carrier_C,influencer_drop,4.63,5.8,5,True,False,none
ORD006468,2025-05-18,Zip Hoodie,2,192.0,United States,3PL_East,Carrier_A,none,6.68,4.8,5,False,False,none
ORD006469,2025-06-24,Signature Hoodie,1,75.65,United States,3PL_Central,Carrier_A,influencer_drop,4.36,4.7,5,False,False,none
ORD006470,2025-06-10,Zip Hoodie,1,76.8,United States,3PL_East,Carrier_A,product_launch,5.23,2.5,5,False,False,none
ORD006471,2025-03-17,Lounge Set,4,454.4,United States,3PL_East,Carrier_C,email_drop,8.73,4.0,5,False,False,none
ORD006472,2025-04-22,Zip Hoodie,2,163.2,United States,3PL_East,Carrier_A,email_drop,7.49,3.8,5,False,False,none
ORD006473,2025-06-29,Signature Hoodie,4,356.0,United States,3PL_East,Carrier_B,none,8.28,3.0,5,False,False,none
ORD006474,2025-04-15,Signature Hoodie,2,151.3,Australia,3PL_International,Passport_Global,holiday_sale,19.3,3.9,9,False,False,none
ORD006475,2025-01-24,Lounge Set,1,142.0,United States,3PL_East,Carrier_A,none,4.62,5.0,5,False,False,none
ORD006476,2025-01-10,Cloud Sweatpants,4,249.6,United States,3PL_Central,Carrier_A,email_drop,9.54,1.5,5,False,False,none
ORD006477,2025-05-29,Weighted Tee,2,108.0,United States,3PL_West,Carrier_A,none,7.76,4.4,5,False,False,none
ORD006478,2025-03-20,Cloud Sweatpants,4,312.0,United States,3PL_Central,Carrier_A,none,8.19,3.2,5,False,False,none
ORD006479,2025-02-19,Lounge Set,1,113.6,United States,3PL_Central,Carrier_B,holiday_sale,5.52,3.3,5,False,False,none
ORD006480,2025-03-09,Signature Hoodie,2,178.0,United States,3PL_West,Carrier_B,none,8.62,3.3,5,False,False,none
ORD006481,2025-05-23,Lounge Set,3,426.0,United Kingdom,3PL_International,Passport_Global,none,19.51,4.5,9,False,True,late_delivery
ORD006482,2025-03-27,Lounge Set,3,340.8,Australia,3PL_International,Passport_Global,email_drop,18.94,4.6,9,False,False,none
ORD006483,2025-06-11,Signature Hoodie,3,213.6,United Kingdom,3PL_International,Passport_Global,product_launch,20.28,5.2,9,False,False,none
ORD006484,2025-05-18,Signature Hoodie,1,75.65,United States,3PL_West,Carrier_C,email_drop,4.55,1.9,5,False,False,none
ORD006485,2025-06-27,Lounge Set,2,241.4,United States,3PL_Central,Carrier_D,holiday_sale,8.65,2.6,5,False,False,none
ORD006486,2025-06-14,Lounge Set,1,120.7,United States,3PL_Central,Carrier_A,influencer_drop,6.1,1.7,5,False,False,none
ORD006487,2025-02-21,Cloud Sweatpants,3,210.6,United States,3PL_East,Carrier_A,holiday_sale,6.88,5.0,5,False,False,none
ORD006488,2025-05-03,Cloud Sweatpants,2,156.0,United States,3PL_Central,Carrier_B,none,5.37,5.0,5,False,False,none
ORD006489,2025-01-05,Lounge Set,1,142.0,United States,3PL_West,Carrier_B,none,6.22,4.0,5,False,False,none
ORD006490,2025-06-29,Zip Hoodie,3,230.4,United States,3PL_West,Carrier_C,holiday_sale,9.09,5.5,5,True,True,changed_mind
ORD006491,2025-02-22,Cloud Sweatpants,3,198.9,United States,3PL_Central,Carrier_B,holiday_sale,7.46,3.7,5,False,False,none
ORD006492,2025-05-04,Cloud Sweatpants,1,78.0,United States,3PL_West,Carrier_D,none,8.31,4.7,5,False,False,none
ORD006493,2025-06-08,Signature Hoodie,1,89.0,United States,3PL_East,Carrier_A,none,6.81,4.5,5,False,False,none
ORD006494,2025-02-02,Lounge Set,1,142.0,United Kingdom,3PL_International,Passport_Global,none,18.37,3.6,9,False,False,none
ORD006495,2025-06-07,Lounge Set,1,113.6,United States,3PL_West,Carrier_C,influencer_drop,5.51,3.2,5,False,False,none
ORD006496,2025-01-03,Signature Hoodie,2,151.3,United States,3PL_West,Carrier_A,holiday_sale,7.09,5.6,5,True,False,none
ORD006497,2025-03-23,Signature Hoodie,4,356.0,Australia,3PL_International,Passport_Global,none,21.95,5.7,9,False,False,none
ORD006498,2025-03-28,Signature Hoodie,1,89.0,United States,3PL_East,Carrier_B,none,3.6,4.7,5,False,False,none
ORD006499,2025-03-13,Signature Hoodie,2,178.0,United Kingdom,3PL_International,Passport_Global,none,18.86,4.5,9,False,False,none
ORD006500,2025-04-18,Weighted Tee,1,45.9,Canada,3PL_International,Passport_Global,holiday_sale,16.75,5.3,9,False,False,none
ORD006501,2025-06-18,Zip Hoodie,3,288.0,Germany,3PL_International,Passport_Global,none,19.38,3.1,9,False,False,none
ORD006502,2025-03-06,Cloud Sweatpants,2,156.0,United States,3PL_Central,Carrier_C,none,6.81,2.9,5,False,False,none
ORD006503,2025-04-17,Signature Hoodie,2,178.0,United States,3PL_East,Carrier_B,none,6.47,4.9,5,False,False,none
ORD006504,2025-06-12,Signature Hoodie,4,320.4,United States,3PL_East,Carrier_C,influencer_drop,8.88,5.7,5,True,False,none
ORD006505,2025-05-26,Zip Hoodie,1,96.0,Canada,3PL_International,Passport_Global,none,17.7,6.5,9,False,False,none
ORD006506,2025-01-09,Signature Hoodie,1,89.0,United States,3PL_Central,Carrier_A,none,5.25,3.4,5,False,False,none
ORD006507,2025-06-22,Signature Hoodie,1,89.0,United States,3PL_West,Carrier_A,none,5.39,3.0,5,False,False,none
ORD006508,2025-01-10,Weighted Tee,1,48.6,Germany,3PL_International,Passport_Global,product_launch,19.05,5.3,9,False,True,changed_mind
ORD006509,2025-04-19,Cloud Sweatpants,2,156.0,United States,3PL_East,Carrier_A,none,7.07,5.3,5,True,False,none
ORD006510,2025-04-16,Lounge Set,1,142.0,United States,3PL_East,Carrier_B,none,4.65,2.6,5,False,False,none
ORD006511,2025-05-28,Signature Hoodie,1,89.0,United States,3PL_West,Carrier_D,none,6.85,4.6,5,False,False,none
ORD006512,2025-01-30,Signature Hoodie,1,89.0,United States,3PL_West,Carrier_D,none,7.75,5.7,5,True,False,none
ORD006513,2025-02-06,Lounge Set,2,255.6,United States,3PL_West,Carrier_B,influencer_drop,6.33,3.8,5,False,False,none
ORD006514,2025-05-22,Lounge Set,3,340.8,United States,3PL_East,Carrier_C,influencer_drop,8.11,2.9,5,False,False,none
ORD006515,2025-01-31,Zip Hoodie,2,192.0,United States,3PL_West,Carrier_D,none,8.33,3.9,5,False,False,none
ORD006516,2025-03-27,Cloud Sweatpants,2,132.6,United States,3PL_West,Carrier_B,holiday_sale,6.72,5.1,5,True,False,none
ORD006517,2025-05-17,Signature Hoodie,2,178.0,United States,3PL_East,Carrier_A,none,7.57,4.6,5,False,False,none
ORD006518,2025-05-01,Cloud Sweatpants,1,66.3,United States,3PL_East,Carrier_A,holiday_sale,5.72,2.5,5,False,False,none
ORD006519,2025-02-12,Signature Hoodie,1,89.0,United States,3PL_East,Carrier_A,none,6.95,1.7,5,False,False,none
ORD006520,2025-03-02,Signature Hoodie,4,356.0,Germany,3PL_International,Passport_Global,none,20.72,4.1,9,False,False,none
ORD006521,2025-06-26,Cloud Sweatpants,1,70.2,Canada,3PL_International,Passport_Global,holiday_sale,17.07,6.3,9,False,False,none
ORD006522,2025-03-24,Signature Hoodie,3,226.95,United States,3PL_West,Carrier_A,holiday_sale,8.02,3.4,5,False,False,none
ORD006523,2025-01-10,Signature Hoodie,1,80.1,Australia,3PL_International,Passport_Global,influencer_drop,17.63,4.2,9,False,False,none
ORD006524,2025-02-14,Signature Hoodie,1,75.65,United States,3PL_East,Carrier_C,email_drop,5.51,4.0,5,False,False,none
ORD006525,2025-03-08,Signature Hoodie,1,80.1,United States,3PL_Central,Carrier_A,influencer_drop,5.69,3.3,5,False,False,none
ORD006526,2025-06-30,Lounge Set,1,127.8,Australia,3PL_International,Passport_Global,email_drop,16.77,2.7,9,False,False,none
ORD006527,2025-03-02,Weighted Tee,1,54.0,United States,3PL_East,Carrier_B,none,3.66,4.6,5,False,False,none
ORD006528,2025-01-06,Signature Hoodie,3,267.0,United States,3PL_Central,Carrier_A,none,8.28,3.6,5,False,False,none
ORD006529,2025-04-04,Signature Hoodie,4,302.6,Canada,3PL_International,Passport_Global,email_drop,20.1,5.3,9,False,True,quality_issue
ORD006530,2025-01-17,Lounge Set,2,284.0,United States,3PL_West,Carrier_C,none,6.14,3.1,5,False,False,none
ORD006531,2025-02-24,Signature Hoodie,1,80.1,United States,3PL_West,Carrier_A,holiday_sale,5.26,6.5,5,True,False,none
ORD006532,2025-06-29,Zip Hoodie,4,384.0,United States,3PL_West,Carrier_A,none,8.78,3.5,5,False,False,none
ORD006533,2025-05-12,Signature Hoodie,3,267.0,United States,3PL_East,Carrier_D,none,10.13,4.7,5,False,False,none
ORD006534,2025-01-11,Zip Hoodie,1,96.0,United States,3PL_East,Carrier_D,none,7.73,1.0,5,False,False,none
ORD006535,2025-03-24,Signature Hoodie,1,75.65,United States,3PL_Central,Carrier_B,holiday_sale,5.59,2.9,5,False,False,none
ORD006536,2025-02-04,Zip Hoodie,3,288.0,United States,3PL_Central,Carrier_A,none,8.16,5.5,5,True,False,none
ORD006537,2025-01-25,Cloud Sweatpants,1,62.4,United States,3PL_Central,Carrier_A,holiday_sale,4.58,3.4,5,False,False,none
ORD006538,2025-04-18,Signature Hoodie,1,89.0,United States,3PL_East,Carrier_A,none,4.8,1.1,5,False,False,none
ORD006539,2025-04-02,Cloud Sweatpants,2,156.0,United States,3PL_West,Carrier_A,none,9.43,3.0,5,False,False,none
ORD006540,2025-05-20,Cloud Sweatpants,1,66.3,United States,3PL_West,Carrier_C,influencer_drop,5.52,3.6,5,False,False,none
ORD006541,2025-06-14,Weighted Tee,2,108.0,United States,3PL_East,Carrier_A,none,7.25,5.0,5,False,False,none
ORD006542,2025-02-19,Cloud Sweatpants,3,210.6,United States,3PL_East,Carrier_A,influencer_drop,6.78,3.5,5,False,False,none
ORD006543,2025-06-19,Signature Hoodie,2,178.0,Australia,3PL_International,Passport_Global,none,19.54,5.6,9,False,False,none
ORD006544,2025-04-05,Cloud Sweatpants,2,156.0,United States,3PL_East,Carrier_A,none,6.35,4.3,5,False,False,none
ORD006545,2025-02-22,Signature Hoodie,1,89.0,United States,3PL_East,Carrier_A,none,4.97,3.0,5,False,False,none
ORD006546,2025-06-07,Lounge Set,1,127.8,Germany,3PL_International,Passport_Global,holiday_sale,19.21,6.0,9,False,False,none
ORD006547,2025-01-08,Lounge Set,1,142.0,United States,3PL_West,Carrier_A,none,6.63,4.4,5,False,False,none
ORD006548,2025-04-13,Signature Hoodie,1,89.0,United States,3PL_West,Carrier_B,none,5.38,3.5,5,False,False,none
ORD006549,2025-05-16,Cloud Sweatpants,1,70.2,United States,3PL_East,Carrier_A,email_drop,5.6,2.9,5,False,False,none
ORD006550,2025-02-26,Zip Hoodie,3,230.4,United States,3PL_West,Carrier_A,product_launch,7.4,2.6,5,False,False,none
ORD006551,2025-06-10,Signature Hoodie,1,75.65,United States,3PL_East,Carrier_B,holiday_sale,4.49,5.0,5,False,False,none
ORD006552,2025-02-18,Zip Hoodie,1,76.8,United States,3PL_East,Carrier_B,holiday_sale,5.48,2.8,5,False,False,none
ORD006553,2025-06-06,Cloud Sweatpants,1,78.0,United States,3PL_East,Carrier_A,none,5.6,4.7,5,False,False,none
ORD006554,2025-01-16,Cloud Sweatpants,1,78.0,United States,3PL_West,Carrier_D,none,8.04,3.5,5,False,False,none
ORD006555,2025-02-02,Cloud Sweatpants,1,70.2,United States,3PL_Central,Carrier_D,holiday_sale,7.68,5.2,5,True,False,none
ORD006556,2025-03-14,Cloud Sweatpants,1,66.3,United States,3PL_West,Carrier_B,holiday_sale,4.61,4.7,5,False,False,none
ORD006557,2025-06-08,Zip Hoodie,2,153.6,Canada,3PL_International,Passport_Global,influencer_drop,17.32,3.8,9,False,False,none
ORD006558,2025-01-30,Cloud Sweatpants,1,70.2,United Kingdom,3PL_International,Passport_Global,influencer_drop,17.55,4.6,9,False,False,none
ORD006559,2025-06-12,Zip Hoodie,1,81.6,United States,3PL_West,Carrier_D,holiday_sale,6.18,5.3,5,True,False,none
ORD006560,2025-02-16,Cloud Sweatpants,3,234.0,United States,3PL_West,Carrier_A,none,7.62,6.3,5,True,False,none
ORD006561,2025-03-25,Zip Hoodie,1,96.0,United States,3PL_Central,Carrier_A,none,5.77,3.2,5,False,False,none
ORD006562,2025-03-09,Signature Hoodie,1,71.2,Canada,3PL_International,Passport_Global,product_launch,18.07,4.7,9,False,False,none
ORD006563,2025-01-24,Cloud Sweatpants,1,78.0,United Kingdom,3PL_International,Passport_Global,none,17.45,3.7,9,False,False,none
ORD006564,2025-06-22,Cloud Sweatpants,2,156.0,United States,3PL_East,Carrier_A,none,6.89,3.8,5,False,False,none
ORD006565,2025-03-22,Signature Hoodie,2,178.0,United States,3PL_East,Carrier_A,none,7.68,4.7,5,False,False,none
ORD006566,2025-05-09,Signature Hoodie,2,142.4,United States,3PL_Central,Carrier_C,email_drop,6.89,4.8,5,False,False,none
ORD006567,2025-04-16,Cloud Sweatpants,2,132.6,Canada,3PL_International,Passport_Global,influencer_drop,19.26,6.2,9,False,False,none
ORD006568,2025-04-01,Signature Hoodie,1,71.2,United States,3PL_Central,Carrier_C,influencer_drop,4.98,4.5,5,False,False,none
ORD006569,2025-04-24,Cloud Sweatpants,1,78.0,United States,3PL_West,Carrier_B,none,5.55,2.6,5,False,False,none
ORD006570,2025-06-15,Signature Hoodie,2,178.0,United States,3PL_Central,Carrier_A,none,7.79,3.1,5,False,False,none
ORD006571,2025-05-11,Zip Hoodie,2,192.0,United States,3PL_East,Carrier_C,none,6.52,2.1,5,False,False,none
ORD006572,2025-04-07,Weighted Tee,1,43.2,United Kingdom,3PL_International,Passport_Global,holiday_sale,17.56,5.2,9,False,False,none
ORD006573,2025-04-30,Lounge Set,3,426.0,United States,3PL_East,Carrier_B,none,8.7,3.2,5,False,False,none
ORD006574,2025-04-22,Weighted Tee,3,145.8,United States,3PL_East,Carrier_A,email_drop,7.6,4.2,5,False,False,none
ORD006575,2025-03-22,Weighted Tee,3,162.0,United States,3PL_West,Carrier_B,none,8.21,5.0,5,False,False,none
ORD006576,2025-04-26,Signature Hoodie,3,240.3,United States,3PL_West,Carrier_C,email_drop,7.9,3.2,5,False,True,changed_mind
ORD006577,2025-03-23,Signature Hoodie,4,356.0,United States,3PL_East,Carrier_D,none,11.1,3.6,5,False,False,none
ORD006578,2025-05-23,Signature Hoodie,3,213.6,United States,3PL_West,Carrier_C,email_drop,8.41,4.1,5,False,False,none
ORD006579,2025-06-26,Signature Hoodie,2,151.3,United States,3PL_East,Carrier_B,email_drop,7.61,4.0,5,False,False,none
ORD006580,2025-06-24,Lounge Set,1,142.0,United States,3PL_West,Carrier_C,none,6.29,4.0,5,False,False,none
ORD006581,2025-06-03,Lounge Set,1,142.0,United States,3PL_West,Carrier_A,none,6.6,3.4,5,False,False,none
ORD006582,2025-04-21,Zip Hoodie,3,288.0,Germany,3PL_International,Passport_Global,none,19.94,5.1,9,False,False,none
ORD006583,2025-05-21,Lounge Set,1,142.0,United States,3PL_West,Carrier_C,none,4.48,2.6,5,False,False,none
ORD006584,2025-02-05,Zip Hoodie,2,163.2,United States,3PL_West,Carrier_B,influencer_drop,6.46,3.0,5,False,False,none
ORD006585,2025-03-29,Cloud Sweatpants,2,156.0,Canada,3PL_International,Passport_Global,none,21.29,3.4,9,False,False,none
ORD006586,2025-02-21,Signature Hoodie,1,71.2,United States,3PL_East,Carrier_A,influencer_drop,5.37,2.2,5,False,False,none
ORD006587,2025-01-01,Weighted Tee,2,108.0,United States,3PL_East,Carrier_A,none,5.1,5.1,5,True,False,none
ORD006588,2025-06-26,Zip Hoodie,1,86.4,United Kingdom,3PL_International,Passport_Global,influencer_drop,19.97,6.3,9,False,False,none
ORD006589,2025-06-10,Signature Hoodie,2,178.0,United States,3PL_Central,Carrier_C,none,6.75,4.3,5,False,False,none
ORD006590,2025-04-04,Signature Hoodie,1,89.0,United States,3PL_East,Carrier_C,none,4.78,3.9,5,False,False,none
ORD006591,2025-02-21,Lounge Set,1,142.0,United States,3PL_East,Carrier_D,none,6.31,4.1,5,False,False,none
ORD006592,2025-05-10,Lounge Set,1,127.8,United States,3PL_Central,Carrier_A,email_drop,5.57,2.8,5,False,False,none
ORD006593,2025-03-22,Cloud Sweatpants,2,156.0,United States,3PL_West,Carrier_C,none,7.21,1.0,5,False,False,none
ORD006594,2025-06-01,Weighted Tee,1,45.9,United States,3PL_East,Carrier_B,influencer_drop,6.0,6.3,5,True,False,none
ORD006595,2025-06-30,Cloud Sweatpants,4,312.0,United States,3PL_West,Carrier_C,none,9.63,3.5,5,False,False,none
ORD006596,2025-03-09,Weighted Tee,4,194.4,United States,3PL_Central,Carrier_C,product_launch,7.71,4.5,5,False,False,none
ORD006597,2025-02-19,Zip Hoodie,1,76.8,United States,3PL_East,Carrier_D,email_drop,6.31,5.5,5,True,False,none
ORD006598,2025-02-23,Zip Hoodie,4,384.0,Canada,3PL_International,Passport_Global,none,21.3,4.3,9,False,False,none
ORD006599,2025-01-19,Lounge Set,1,127.8,United Kingdom,3PL_International,Passport_Global,influencer_drop,18.76,7.2,9,False,False,none
ORD006600,2025-03-16,Lounge Set,1,142.0,United States,3PL_East,Carrier_C,none,5.11,2.1,5,False,False,none
ORD006601,2025-01-04,Signature Hoodie,1,80.1,United States,3PL_Central,Carrier_A,email_drop,3.62,4.8,5,False,False,none
ORD006602,2025-01-24,Lounge Set,4,568.0,United States,3PL_Central,Carrier_B,none,9.58,3.5,5,False,False,none
ORD006603,2025-02-24,Cloud Sweatpants,2,132.6,United States,3PL_West,Carrier_A,email_drop,4.39,3.8,5,False,False,none
ORD006604,2025-02-02,Signature Hoodie,2,178.0,United States,3PL_West,Carrier_B,none,6.2,2.2,5,False,False,none
ORD006605,2025-05-17,Zip Hoodie,2,192.0,United States,3PL_West,Carrier_C,none,7.23,2.6,5,False,False,none
ORD006606,2025-01-22,Cloud Sweatpants,2,140.4,United States,3PL_West,Carrier_A,email_drop,7.21,6.3,5,True,False,none
ORD006607,2025-06-10,Cloud Sweatpants,4,312.0,United States,3PL_East,Carrier_A,none,7.58,4.4,5,False,False,none
ORD006608,2025-02-14,Cloud Sweatpants,4,312.0,United States,3PL_East,Carrier_A,none,9.62,3.9,5,False,False,none
ORD006609,2025-01-22,Signature Hoodie,2,178.0,United States,3PL_East,Carrier_A,none,7.7,2.4,5,False,False,none
ORD006610,2025-01-03,Signature Hoodie,2,160.2,United States,3PL_East,Carrier_A,holiday_sale,7.13,3.5,5,False,False,none
ORD006611,2025-05-14,Zip Hoodie,2,192.0,United States,3PL_West,Carrier_C,none,6.41,3.5,5,False,False,none
ORD006612,2025-02-21,Signature Hoodie,2,178.0,Germany,3PL_International,Passport_Global,none,19.38,4.1,9,False,False,none
ORD006613,2025-04-03,Zip Hoodie,1,86.4,Australia,3PL_International,Passport_Global,product_launch,17.26,5.1,9,False,False,none
ORD006614,2025-01-23,Cloud Sweatpants,1,62.4,Canada,3PL_International,Passport_Global,holiday_sale,18.72,6.0,9,False,False,none
ORD006615,2025-06-28,Signature Hoodie,4,356.0,Canada,3PL_International,Passport_Global,none,22.52,5.5,9,False,True,fit_issue
ORD006616,2025-01-26,Signature Hoodie,1,89.0,United States,3PL_West,Carrier_D,none,6.91,5.9,5,True,False,none
ORD006617,2025-03-18,Cloud Sweatpants,2,156.0,United States,3PL_West,Carrier_B,none,7.23,4.1,5,False,True,fit_issue
ORD006618,2025-06-08,Lounge Set,4,454.4,United States,3PL_East,Carrier_B,product_launch,9.72,3.9,5,False,False,none
ORD006619,2025-02-19,Weighted Tee,2,108.0,Germany,3PL_International,Passport_Global,none,18.82,5.8,9,False,False,none
ORD006620,2025-02-23,Cloud Sweatpants,1,78.0,United States,3PL_East,Carrier_A,none,3.62,3.2,5,False,False,none
ORD006621,2025-06-01,Signature Hoodie,4,356.0,United States,3PL_Central,Carrier_A,none,9.02,4.1,5,False,False,none
ORD006622,2025-02-24,Zip Hoodie,1,96.0,Canada,3PL_International,Passport_Global,none,15.37,6.3,9,False,False,none
ORD006623,2025-01-01,Cloud Sweatpants,3,234.0,United States,3PL_West,Carrier_A,none,9.04,3.1,5,False,False,none
ORD006624,2025-03-21,Cloud Sweatpants,1,66.3,United States,3PL_West,Carrier_B,influencer_drop,5.94,5.1,5,True,False,none
ORD006625,2025-01-03,Cloud Sweatpants,2,156.0,United States,3PL_West,Carrier_B,none,6.4,3.0,5,False,False,none
ORD006626,2025-06-17,Zip Hoodie,2,192.0,United States,3PL_West,Carrier_A,none,7.36,5.3,5,True,False,none
ORD006627,2025-04-29,Signature Hoodie,2,142.4,United States,3PL_East,Carrier_B,holiday_sale,5.66,2.7,5,False,False,none
ORD006628,2025-04-18,Lounge Set,1,142.0,Australia,3PL_International,Passport_Global,none,18.76,5.4,9,False,False,none
ORD006629,2025-02-10,Cloud Sweatpants,2,156.0,United States,3PL_East,Carrier_A,none,6.78,3.0,5,False,False,none
ORD006630,2025-05-11,Signature Hoodie,4,356.0,United Kingdom,3PL_International,Passport_Global,none,21.49,4.2,9,False,False,none
ORD006631,2025-05-06,Weighted Tee,3,137.7,United States,3PL_West,Carrier_C,influencer_drop,7.4,2.6,5,False,False,none
ORD006632,2025-01-12,Signature Hoodie,1,89.0,United States,3PL_West,Carrier_C,none,5.19,2.8,5,False,False,none
ORD006633,2025-06-13,Signature Hoodie,4,302.6,United States,3PL_Central,Carrier_C,influencer_drop,9.33,3.9,5,False,True,late_delivery
ORD006634,2025-04-17,Signature Hoodie,4,356.0,United States,3PL_West,Carrier_B,none,8.15,4.7,5,False,False,none
ORD006635,2025-05-30,Zip Hoodie,2,192.0,Canada,3PL_International,Passport_Global,none,17.97,7.1,9,False,False,none
ORD006636,2025-02-22,Cloud Sweatpants,2,156.0,United States,3PL_West,Carrier_A,none,7.43,3.0,5,False,False,none
ORD006637,2025-01-25,Cloud Sweatpants,1,78.0,United States,3PL_East,Carrier_A,none,5.83,2.6,5,False,False,none
ORD006638,2025-05-11,Signature Hoodie,2,178.0,United States,3PL_East,Carrier_A,none,5.79,4.0,5,False,False,none
ORD006639,2025-05-30,Signature Hoodie,1,80.1,Germany,3PL_International,Passport_Global,influencer_drop,17.89,2.7,9,False,False,none
ORD006640,2025-03-15,Cloud Sweatpants,1,78.0,United States,3PL_East,Carrier_C,none,5.44,6.0,5,True,False,none
ORD006641,2025-01-05,Cloud Sweatpants,4,312.0,United States,3PL_West,Carrier_B,none,8.28,5.0,5,False,False,none
ORD006642,2025-06-03,Signature Hoodie,1,80.1,United States,3PL_Central,Carrier_A,product_launch,5.58,2.6,5,False,False,none
ORD006643,2025-02-11,Cloud Sweatpants,2,156.0,United States,3PL_Central,Carrier_B,none,6.53,2.0,5,False,False,none
ORD006644,2025-03-07,Zip Hoodie,4,384.0,United States,3PL_East,Carrier_C,none,9.57,2.5,5,False,False,none
ORD006645,2025-04-27,Zip Hoodie,2,192.0,United States,3PL_East,Carrier_A,none,6.89,4.0,5,False,False,none
ORD006646,2025-01-20,Zip Hoodie,3,288.0,United States,3PL_Central,Carrier_A,none,7.27,2.8,5,False,False,none
ORD006647,2025-01-15,Cloud Sweatpants,3,198.9,United States,3PL_Central,Carrier_B,product_launch,7.25,5.3,5,True,False,none
ORD006648,2025-01-06,Signature Hoodie,2,142.4,United States,3PL_East,Carrier_A,product_launch,6.9,4.8,5,False,False,none
ORD006649,2025-06-18,Zip Hoodie,4,384.0,United States,3PL_Central,Carrier_A,none,7.41,2.9,5,False,False,none
ORD006650,2025-03-03,Signature Hoodie,4,284.8,United States,3PL_Central,Carrier_B,product_launch,7.95,5.1,5,True,True,late_delivery
ORD006651,2025-05-03,Zip Hoodie,1,96.0,United States,3PL_East,Carrier_B,none,5.25,5.0,5,False,False,none
ORD006652,2025-06-29,Cloud Sweatpants,3,187.2,United States,3PL_East,Carrier_C,product_launch,7.59,4.9,5,False,False,none
ORD006653,2025-05-05,Cloud Sweatpants,1,70.2,United States,3PL_Central,Carrier_A,influencer_drop,6.19,4.6,5,False,False,none
ORD006654,2025-04-06,Lounge Set,1,142.0,United States,3PL_West,Carrier_D,none,6.07,3.4,5,False,False,none
ORD006655,2025-04-05,Signature Hoodie,2,178.0,United States,3PL_West,Carrier_A,none,6.19,6.2,5,True,False,none
ORD006656,2025-03-13,Signature Hoodie,2,151.3,United States,3PL_Central,Carrier_A,influencer_drop,6.54,2.7,5,False,False,none
ORD006657,2025-04-21,Lounge Set,2,284.0,United States,3PL_Central,Carrier_A,none,6.29,2.6,5,False,False,none
ORD006658,2025-06-24,Signature Hoodie,3,267.0,United States,3PL_East,Carrier_A,none,7.1,4.4,5,False,False,none
ORD006659,2025-05-29,Cloud Sweatpants,1,62.4,Australia,3PL_International,Passport_Global,email_drop,17.29,3.9,9,False,False,none
ORD006660,2025-03-20,Signature Hoodie,3,267.0,United States,3PL_Central,Carrier_A,none,7.9,3.6,5,False,False,none
ORD006661,2025-03-06,Cloud Sweatpants,4,312.0,United States,3PL_East,Carrier_A,none,8.63,2.7,5,False,False,none
ORD006662,2025-06-13,Cloud Sweatpants,1,78.0,Australia,3PL_International,Passport_Global,none,17.5,4.1,9,False,False,none
ORD006663,2025-01-28,Lounge Set,2,241.4,United States,3PL_Central,Carrier_A,email_drop,5.61,6.1,5,True,False,none
ORD006664,2025-06-08,Zip Hoodie,1,96.0,United States,3PL_West,Carrier_B,none,7.23,2.8,5,False,False,none
ORD006665,2025-02-21,Cloud Sweatpants,2,156.0,United States,3PL_East,Carrier_D,none,8.47,4.8,5,False,False,none
ORD006666,2025-05-14,Zip Hoodie,1,96.0,United States,3PL_East,Carrier_A,none,6.66,2.2,5,False,False,none
ORD006667,2025-06-01,Lounge Set,1,142.0,United States,3PL_Central,Carrier_A,none,5.18,2.9,5,False,True,fit_issue
ORD006668,2025-03-28,Signature Hoodie,1,75.65,United States,3PL_East,Carrier_B,email_drop,5.5,3.9,5,False,False,none
ORD006669,2025-02-08,Cloud Sweatpants,1,78.0,Australia,3PL_International,Passport_Global,none,18.21,5.1,9,False,False,none
ORD006670,2025-06-07,Signature Hoodie,1,75.65,Australia,3PL_International,Passport_Global,email_drop,17.7,2.5,9,False,False,none
ORD006671,2025-03-12,Signature Hoodie,1,89.0,United States,3PL_Central,Carrier_C,none,5.5,5.5,5,True,False,none
ORD006672,2025-03-05,Zip Hoodie,2,153.6,United Kingdom,3PL_International,Passport_Global,email_drop,19.14,4.6,9,False,False,none
ORD006673,2025-04-03,Lounge Set,4,568.0,United States,3PL_West,Carrier_B,none,8.68,3.4,5,False,False,none
ORD006674,2025-03-22,Lounge Set,2,227.2,Australia,3PL_International,Passport_Global,holiday_sale,18.87,4.8,9,False,False,none
ORD006675,2025-05-08,Cloud Sweatpants,4,312.0,United States,3PL_East,Carrier_C,none,9.68,3.2,5,False,False,none
ORD006676,2025-01-28,Signature Hoodie,1,71.2,United States,3PL_Central,Carrier_A,holiday_sale,4.62,5.5,5,True,False,none
ORD006677,2025-03-22,Signature Hoodie,4,356.0,United States,3PL_West,Carrier_C,none,10.25,2.1,5,False,False,none
ORD006678,2025-06-14,Signature Hoodie,2,178.0,United States,3PL_West,Carrier_C,none,7.02,3.4,5,False,False,none
ORD006679,2025-01-08,Signature Hoodie,3,267.0,Canada,3PL_International,Passport_Global,none,19.87,6.0,9,False,False,none
ORD006680,2025-03-25,Cloud Sweatpants,1,78.0,United States,3PL_West,Carrier_C,none,6.13,2.6,5,False,False,none
ORD006681,2025-05-03,Zip Hoodie,2,192.0,United States,3PL_East,Carrier_C,none,7.23,2.1,5,False,False,none
ORD006682,2025-06-14,Signature Hoodie,1,75.65,United Kingdom,3PL_International,Passport_Global,influencer_drop,18.07,2.1,9,False,False,none
ORD006683,2025-04-20,Signature Hoodie,4,320.4,United States,3PL_West,Carrier_A,influencer_drop,8.77,2.0,5,False,False,none
ORD006684,2025-06-04,Signature Hoodie,3,267.0,United States,3PL_Central,Carrier_B,none,6.41,3.6,5,False,False,none
ORD006685,2025-02-14,Zip Hoodie,4,345.6,Germany,3PL_International,Passport_Global,product_launch,20.7,5.9,9,False,False,none
ORD006686,2025-03-09,Signature Hoodie,4,356.0,United States,3PL_East,Carrier_B,none,8.92,3.3,5,False,False,none
ORD006687,2025-06-22,Signature Hoodie,3,267.0,United States,3PL_West,Carrier_D,none,9.9,2.4,5,False,False,none
ORD006688,2025-06-13,Cloud Sweatpants,1,62.4,United States,3PL_East,Carrier_A,influencer_drop,5.47,2.7,5,False,False,none
ORD006689,2025-04-12,Signature Hoodie,1,89.0,United States,3PL_West,Carrier_A,none,5.75,4.8,5,False,False,none
ORD006690,2025-03-28,Signature Hoodie,4,356.0,United States,3PL_Central,Carrier_A,none,8.67,3.1,5,False,False,none
ORD006691,2025-03-24,Lounge Set,2,284.0,United States,3PL_West,Carrier_A,none,7.08,3.1,5,False,False,none
ORD006692,2025-01-12,Signature Hoodie,4,356.0,United States,3PL_East,Carrier_B,none,10.6,4.1,5,False,False,none
ORD006693,2025-06-14,Signature Hoodie,3,267.0,United States,3PL_West,Carrier_B,none,7.85,4.0,5,False,False,none
ORD006694,2025-06-03,Signature Hoodie,2,178.0,United States,3PL_East,Carrier_A,none,6.47,3.0,5,False,False,none
ORD006695,2025-03-25,Signature Hoodie,1,89.0,United States,3PL_East,Carrier_C,none,5.41,2.7,5,False,False,none
ORD006696,2025-02-26,Lounge Set,4,511.2,United States,3PL_East,Carrier_C,influencer_drop,9.52,4.2,5,False,False,none
ORD006697,2025-03-08,Zip Hoodie,1,81.6,United States,3PL_East,Carrier_A,product_launch,5.39,3.9,5,False,False,none
ORD006698,2025-01-25,Cloud Sweatpants,1,78.0,United States,3PL_West,Carrier_B,none,6.05,2.2,5,False,False,none
ORD006699,2025-05-16,Cloud Sweatpants,1,78.0,United States,3PL_East,Carrier_C,none,6.15,3.0,5,False,False,none
ORD006700,2025-04-12,Signature Hoodie,1,89.0,Canada,3PL_International,Passport_Global,none,19.25,3.3,9,False,False,none
ORD006701,2025-02-16,Cloud Sweatpants,1,78.0,United States,3PL_East,Carrier_C,none,5.79,3.4,5,False,False,none
ORD006702,2025-04-26,Signature Hoodie,3,267.0,United States,3PL_West,Carrier_B,none,7.81,4.7,5,False,False,none
ORD006703,2025-06-27,Lounge Set,4,454.4,United States,3PL_East,Carrier_C,email_drop,9.15,6.2,5,True,False,none
ORD006704,2025-01-25,Zip Hoodie,2,172.8,United States,3PL_East,Carrier_A,influencer_drop,6.57,2.0,5,False,False,none
ORD006705,2025-03-25,Signature Hoodie,1,89.0,United States,3PL_West,Carrier_C,none,5.57,3.4,5,False,False,none
ORD006706,2025-03-31,Zip Hoodie,1,86.4,United States,3PL_East,Carrier_A,email_drop,6.52,4.3,5,False,False,none
ORD006707,2025-02-03,Signature Hoodie,4,302.6,United States,3PL_East,Carrier_C,email_drop,8.5,2.4,5,False,False,none
ORD006708,2025-04-07,Signature Hoodie,1,71.2,Canada,3PL_International,Passport_Global,holiday_sale,16.78,5.9,9,False,False,none
ORD006709,2025-04-22,Signature Hoodie,1,89.0,United States,3PL_East,Carrier_A,none,5.53,5.1,5,True,False,none
ORD006710,2025-02-01,Signature Hoodie,1,75.65,United Kingdom,3PL_International,Passport_Global,influencer_drop,17.98,3.6,9,False,False,none
ORD006711,2025-02-01,Signature Hoodie,4,284.8,Australia,3PL_International,Passport_Global,influencer_drop,22.07,4.4,9,False,False,none
ORD006712,2025-06-09,Lounge Set,1,142.0,United States,3PL_West,Carrier_A,none,5.3,2.1,5,False,False,none
ORD006713,2025-03-03,Signature Hoodie,4,284.8,United States,3PL_East,Carrier_A,email_drop,8.51,3.8,5,False,False,none
ORD006714,2025-04-27,Signature Hoodie,1,71.2,United States,3PL_Central,Carrier_C,email_drop,4.93,1.7,5,False,False,none
ORD006715,2025-04-26,Signature Hoodie,2,178.0,United States,3PL_East,Carrier_B,none,6.07,2.8,5,False,False,none
ORD006716,2025-06-06,Signature Hoodie,4,356.0,United States,3PL_Central,Carrier_B,none,8.2,2.6,5,False,True,changed_mind
ORD006717,2025-05-19,Signature Hoodie,1,89.0,United States,3PL_East,Carrier_A,none,4.46,2.9,5,False,False,none
ORD006718,2025-06-06,Signature Hoodie,1,71.2,United States,3PL_West,Carrier_B,influencer_drop,3.67,5.7,5,True,False,none
ORD006719,2025-04-26,Signature Hoodie,3,267.0,United States,3PL_East,Carrier_B,none,8.37,4.6,5,False,False,none
ORD006720,2025-03-24,Signature Hoodie,3,267.0,Australia,3PL_International,Passport_Global,none,20.27,5.4,9,False,False,none
ORD006721,2025-03-16,Signature Hoodie,4,356.0,United States,3PL_East,Carrier_A,none,10.54,3.9,5,False,False,none
ORD006722,2025-03-14,Zip Hoodie,1,81.6,United States,3PL_East,Carrier_B,email_drop,4.23,3.7,5,False,False,none
ORD006723,2025-03-19,Weighted Tee,3,129.6,United States,3PL_East,Carrier_A,email_drop,9.28,4.5,5,False,False,none
ORD006724,2025-01-26,Signature Hoodie,1,89.0,Australia,3PL_International,Passport_Global,none,17.69,5.5,9,False,False,none
ORD006725,2025-03-20,Zip Hoodie,2,192.0,United Kingdom,3PL_International,Passport_Global,none,17.69,4.0,9,False,True,fit_issue
ORD006726,2025-03-15,Zip Hoodie,4,384.0,United States,3PL_West,Carrier_A,none,7.25,5.4,5,True,False,none
ORD006727,2025-01-07,Cloud Sweatpants,4,312.0,United States,3PL_East,Carrier_A,none,8.43,3.9,5,False,False,none
ORD006728,2025-02-25,Zip Hoodie,1,81.6,United States,3PL_West,Carrier_C,email_drop,6.13,4.5,5,False,False,none
ORD006729,2025-05-22,Cloud Sweatpants,2,156.0,United States,3PL_West,Carrier_A,none,6.77,1.5,5,False,False,none
ORD006730,2025-04-17,Weighted Tee,1,43.2,United States,3PL_East,Carrier_A,influencer_drop,5.11,3.2,5,False,False,none
ORD006731,2025-06-01,Signature Hoodie,2,160.2,Canada,3PL_International,Passport_Global,email_drop,19.86,4.3,9,False,False,none
ORD006732,2025-04-10,Cloud Sweatpants,3,187.2,United States,3PL_East,Carrier_A,holiday_sale,7.8,3.8,5,False,False,none
ORD006733,2025-06-08,Zip Hoodie,1,96.0,United States,3PL_West,Carrier_A,none,4.14,5.2,5,True,False,none
ORD006734,2025-05-30,Lounge Set,1,142.0,United States,3PL_Central,Carrier_B,none,6.43,1.9,5,False,False,none
ORD006735,2025-01-20,Cloud Sweatpants,1,78.0,United Kingdom,3PL_International,Passport_Global,none,16.97,7.8,9,False,False,none
ORD006736,2025-06-27,Weighted Tee,1,45.9,Germany,3PL_International,Passport_Global,holiday_sale,16.95,3.2,9,False,False,none
ORD006737,2025-01-04,Zip Hoodie,1,81.6,United States,3PL_East,Carrier_B,email_drop,5.23,4.2,5,False,False,none
ORD006738,2025-04-20,Zip Hoodie,4,326.4,United States,3PL_West,Carrier_D,email_drop,10.92,3.8,5,False,False,none
ORD006739,2025-05-30,Lounge Set,1,127.8,United States,3PL_West,Carrier_C,email_drop,4.89,4.5,5,False,False,none
ORD006740,2025-03-06,Zip Hoodie,1,96.0,Australia,3PL_International,Passport_Global,none,16.39,6.5,9,False,True,fit_issue
ORD006741,2025-04-21,Cloud Sweatpants,2,156.0,United States,3PL_Central,Carrier_A,none,6.07,3.8,5,False,False,none
ORD006742,2025-03-11,Lounge Set,2,241.4,United States,3PL_East,Carrier_B,influencer_drop,7.34,3.8,5,False,False,none
ORD006743,2025-01-13,Signature Hoodie,1,89.0,United States,3PL_East,Carrier_A,none,5.4,3.6,5,False,False,none
ORD006744,2025-01-02,Weighted Tee,1,43.2,United States,3PL_West,Carrier_D,product_launch,8.09,3.4,5,False,False,none
ORD006745,2025-01-19,Lounge Set,1,127.8,United States,3PL_West,Carrier_D,holiday_sale,7.62,5.6,5,True,False,none
ORD006746,2025-01-20,Zip Hoodie,1,76.8,United States,3PL_East,Carrier_B,product_launch,4.96,3.7,5,False,False,none
ORD006747,2025-04-23,Signature Hoodie,1,80.1,Canada,3PL_International,Passport_Global,influencer_drop,17.23,4.6,9,False,False,none
ORD006748,2025-04-06,Signature Hoodie,2,178.0,United Kingdom,3PL_International,Passport_Global,none,19.1,4.6,9,False,False,none
ORD006749,2025-03-25,Signature Hoodie,2,178.0,United States,3PL_East,Carrier_D,none,8.51,4.0,5,False,True,late_delivery
ORD006750,2025-05-09,Signature Hoodie,2,178.0,United States,3PL_East,Carrier_B,none,6.64,5.1,5,True,False,none
ORD006751,2025-01-04,Zip Hoodie,4,307.2,United States,3PL_West,Carrier_C,influencer_drop,9.01,1.7,5,False,False,none
ORD006752,2025-02-24,Lounge Set,1,142.0,United States,3PL_West,Carrier_C,none,5.29,4.4,5,False,False,none
ORD006753,2025-05-26,Zip Hoodie,2,172.8,United States,3PL_East,Carrier_A,holiday_sale,6.46,5.8,5,True,False,none
ORD006754,2025-06-17,Cloud Sweatpants,4,312.0,United States,3PL_East,Carrier_C,none,8.2,2.3,5,False,False,none
ORD006755,2025-03-22,Weighted Tee,1,54.0,United States,3PL_East,Carrier_A,none,4.55,3.1,5,False,False,none
ORD006756,2025-01-17,Lounge Set,3,426.0,Germany,3PL_International,Passport_Global,none,20.7,4.9,9,False,False,none
ORD006757,2025-05-31,Zip Hoodie,1,86.4,United States,3PL_West,Carrier_A,email_drop,4.61,4.5,5,False,False,none
ORD006758,2025-06-13,Cloud Sweatpants,2,156.0,United States,3PL_East,Carrier_B,none,5.05,4.7,5,False,False,none
ORD006759,2025-03-19,Zip Hoodie,3,288.0,United States,3PL_West,Carrier_A,none,7.42,5.5,5,True,False,none
ORD006760,2025-02-18,Cloud Sweatpants,2,156.0,Canada,3PL_International,Passport_Global,none,19.17,4.8,9,False,False,none
ORD006761,2025-01-09,Signature Hoodie,2,178.0,United States,3PL_Central,Carrier_C,none,6.42,2.8,5,False,False,none
ORD006762,2025-04-19,Zip Hoodie,2,153.6,United States,3PL_Central,Carrier_C,product_launch,5.59,4.6,5,False,False,none
ORD006763,2025-06-17,Zip Hoodie,2,192.0,United States,3PL_East,Carrier_D,none,9.23,5.6,5,True,False,none
ORD006764,2025-05-07,Signature Hoodie,3,267.0,United States,3PL_Central,Carrier_B,none,7.89,1.7,5,False,False,none
ORD006765,2025-03-04,Weighted Tee,4,216.0,United States,3PL_West,Carrier_A,none,9.78,4.7,5,False,False,none
ORD006766,2025-04-30,Lounge Set,1,142.0,United States,3PL_Central,Carrier_A,none,5.36,4.8,5,False,False,none
ORD006767,2025-06-05,Cloud Sweatpants,1,78.0,United States,3PL_East,Carrier_B,none,5.79,4.1,5,False,False,none
ORD006768,2025-03-28,Signature Hoodie,3,267.0,United States,3PL_Central,Carrier_A,none,6.79,4.3,5,False,False,none
ORD006769,2025-06-03,Signature Hoodie,1,89.0,United States,3PL_West,Carrier_B,none,3.0,3.3,5,False,False,none
ORD006770,2025-03-15,Zip Hoodie,2,192.0,United States,3PL_East,Carrier_A,none,6.58,2.7,5,False,False,none
ORD006771,2025-03-09,Lounge Set,3,426.0,Australia,3PL_International,Passport_Global,none,19.03,6.8,9,False,False,none
ORD006772,2025-04-18,Cloud Sweatpants,4,280.8,United States,3PL_Central,Carrier_A,influencer_drop,9.54,5.9,5,True,False,none
ORD006773,2025-03-26,Signature Hoodie,1,89.0,Canada,3PL_International,Passport_Global,none,18.54,6.0,9,False,False,none
ORD006774,2025-06-27,Signature Hoodie,4,320.4,United States,3PL_West,Carrier_B,email_drop,9.1,4.7,5,False,True,quality_issue
ORD006775,2025-04-04,Signature Hoodie,2,160.2,United States,3PL_Central,Carrier_B,email_drop,5.88,3.5,5,False,False,none
ORD006776,2025-03-14,Zip Hoodie,1,76.8,United States,3PL_West,Carrier_B,holiday_sale,5.39,3.9,5,False,False,none
ORD006777,2025-03-16,Cloud Sweatpants,4,312.0,Australia,3PL_International,Passport_Global,none,21.69,4.6,9,False,False,none
ORD006778,2025-04-11,Signature Hoodie,1,75.65,United States,3PL_East,Carrier_C,influencer_drop,5.72,4.6,5,False,False,none
ORD006779,2025-03-10,Cloud Sweatpants,1,70.2,United States,3PL_East,Carrier_A,holiday_sale,4.67,5.0,5,False,False,none
ORD006780,2025-05-16,Lounge Set,2,227.2,United States,3PL_West,Carrier_A,product_launch,5.04,5.3,5,True,False,none
ORD006781,2025-03-14,Cloud Sweatpants,2,140.4,United States,3PL_West,Carrier_C,influencer_drop,6.85,4.2,5,False,False,none
ORD006782,2025-03-14,Signature Hoodie,2,178.0,United States,3PL_West,Carrier_B,none,6.53,1.0,5,False,False,none
ORD006783,2025-04-25,Cloud Sweatpants,1,62.4,United States,3PL_West,Carrier_C,product_launch,5.86,6.5,5,True,False,none
ORD006784,2025-01-13,Weighted Tee,3,129.6,United States,3PL_East,Carrier_B,influencer_drop,7.68,3.3,5,False,False,none
ORD006785,2025-05-02,Signature Hoodie,1,89.0,United States,3PL_West,Carrier_C,none,5.27,4.8,5,False,False,none
ORD006786,2025-04-02,Signature Hoodie,1,89.0,United States,3PL_East,Carrier_B,none,5.26,2.5,5,False,False,none
ORD006787,2025-03-25,Cloud Sweatpants,2,140.4,United States,3PL_West,Carrier_B,product_launch,6.3,6.2,5,True,False,none
ORD006788,2025-05-15,Signature Hoodie,2,178.0,United States,3PL_Central,Carrier_D,none,10.27,3.1,5,False,False,none
ORD006789,2025-05-23,Lounge Set,1,113.6,United States,3PL_West,Carrier_B,influencer_drop,5.21,3.7,5,False,False,none
ORD006790,2025-06-07,Zip Hoodie,4,384.0,United States,3PL_East,Carrier_A,none,8.59,3.3,5,False,False,none
ORD006791,2025-03-13,Signature Hoodie,2,142.4,United States,3PL_Central,Carrier_B,email_drop,7.13,1.5,5,False,False,none
ORD006792,2025-03-06,Lounge Set,4,568.0,United States,3PL_East,Carrier_A,none,9.21,4.3,5,False,False,none
ORD006793,2025-05-14,Zip Hoodie,2,172.8,Germany,3PL_International,Passport_Global,email_drop,19.02,4.6,9,False,False,none
ORD006794,2025-04-17,Cloud Sweatpants,1,78.0,United States,3PL_Central,Carrier_B,none,4.71,4.4,5,False,True,fit_issue
ORD006795,2025-04-27,Signature Hoodie,1,80.1,United States,3PL_East,Carrier_A,holiday_sale,4.35,7.5,5,True,False,none
ORD006796,2025-04-12,Zip Hoodie,4,384.0,United States,3PL_West,Carrier_B,none,8.81,4.0,5,False,False,none
ORD006797,2025-05-25,Lounge Set,2,284.0,United States,3PL_Central,Carrier_B,none,6.4,1.4,5,False,False,none
ORD006798,2025-02-08,Signature Hoodie,1,89.0,United States,3PL_East,Carrier_A,none,5.0,2.7,5,False,False,none
ORD006799,2025-04-12,Signature Hoodie,1,89.0,United States,3PL_West,Carrier_A,none,6.04,3.7,5,False,False,none
ORD006800,2025-02-01,Weighted Tee,2,97.2,United States,3PL_West,Carrier_C,product_launch,7.29,6.3,5,True,False,none
ORD006801,2025-03-18,Cloud Sweatpants,2,156.0,United States,3PL_East,Carrier_D,none,9.27,4.0,5,False,False,none
ORD006802,2025-05-04,Signature Hoodie,1,89.0,Australia,3PL_International,Passport_Global,none,16.98,4.0,9,False,False,none
ORD006803,2025-03-31,Signature Hoodie,1,80.1,United States,3PL_East,Carrier_A,influencer_drop,6.23,4.7,5,False,False,none
ORD006804,2025-03-14,Zip Hoodie,2,192.0,United States,3PL_Central,Carrier_D,none,6.83,3.3,5,False,False,none
ORD006805,2025-06-13,Zip Hoodie,2,192.0,United States,3PL_Central,Carrier_C,none,6.51,1.9,5,False,True,late_delivery
ORD006806,2025-05-25,Signature Hoodie,1,71.2,United States,3PL_East,Carrier_D,email_drop,7.89,4.6,5,False,False,none
ORD006807,2025-04-06,Signature Hoodie,1,89.0,United States,3PL_West,Carrier_A,none,4.58,4.5,5,False,False,none
ORD006808,2025-06-23,Cloud Sweatpants,1,70.2,United States,3PL_West,Carrier_D,influencer_drop,6.13,3.8,5,False,False,none
ORD006809,2025-03-20,Zip Hoodie,2,163.2,United States,3PL_West,Carrier_C,email_drop,6.51,5.2,5,True,False,none
ORD006810,2025-05-29,Signature Hoodie,1,89.0,Canada,3PL_International,Passport_Global,none,19.12,4.8,9,False,False,none
ORD006811,2025-02-03,Cloud Sweatpants,1,78.0,United States,3PL_East,Carrier_B,none,6.76,4.2,5,False,False,none
ORD006812,2025-02-27,Cloud Sweatpants,4,249.6,United States,3PL_East,Carrier_A,holiday_sale,9.79,3.1,5,False,False,none
ORD006813,2025-03-07,Signature Hoodie,2,178.0,United States,3PL_West,Carrier_B,none,5.75,3.1,5,False,False,none
ORD006814,2025-01-22,Signature Hoodie,2,142.4,United States,3PL_East,Carrier_B,email_drop,6.55,2.8,5,False,False,none
ORD006815,2025-04-01,Lounge Set,1,142.0,United States,3PL_West,Carrier_A,none,7.19,5.7,5,True,False,none
ORD006816,2025-02-08,Lounge Set,2,284.0,United States,3PL_Central,Carrier_D,none,9.07,2.5,5,False,False,none
ORD006817,2025-04-28,Signature Hoodie,4,284.8,United States,3PL_East,Carrier_D,email_drop,9.41,3.7,5,False,False,none
ORD006818,2025-02-08,Lounge Set,2,284.0,United States,3PL_West,Carrier_C,none,7.19,3.8,5,False,False,none
ORD006819,2025-01-25,Zip Hoodie,1,96.0,United States,3PL_East,Carrier_A,none,4.81,3.3,5,False,False,none
ORD006820,2025-06-26,Weighted Tee,1,54.0,United States,3PL_West,Carrier_C,none,5.17,2.7,5,False,False,none
ORD006821,2025-05-03,Weighted Tee,4,183.6,Canada,3PL_International,Passport_Global,email_drop,21.85,4.3,9,False,False,none
ORD006822,2025-06-21,Zip Hoodie,1,96.0,United States,3PL_Central,Carrier_A,none,5.11,2.1,5,False,False,none
ORD006823,2025-03-30,Cloud Sweatpants,1,78.0,Canada,3PL_International,Passport_Global,none,17.39,4.6,9,False,False,none
ORD006824,2025-01-07,Signature Hoodie,1,89.0,United States,3PL_Central,Carrier_A,none,6.26,3.2,5,False,False,none
ORD006825,2025-04-16,Cloud Sweatpants,2,132.6,United States,3PL_East,Carrier_C,product_launch,7.15,4.5,5,False,False,none
ORD006826,2025-04-13,Cloud Sweatpants,2,156.0,United States,3PL_Central,Carrier_B,none,6.82,3.2,5,False,False,none
ORD006827,2025-01-04,Zip Hoodie,1,96.0,United States,3PL_East,Carrier_D,none,8.89,5.1,5,True,True,fit_issue
ORD006828,2025-06-09,Signature Hoodie,4,356.0,United States,3PL_East,Carrier_B,none,9.02,1.8,5,False,True,duplicate_order
ORD006829,2025-04-25,Lounge Set,2,284.0,United States,3PL_Central,Carrier_C,none,6.81,3.7,5,False,False,none
ORD006830,2025-05-20,Weighted Tee,1,54.0,United States,3PL_East,Carrier_A,none,5.15,1.9,5,False,False,none
ORD006831,2025-03-31,Signature Hoodie,4,284.8,United States,3PL_West,Carrier_B,holiday_sale,8.08,5.4,5,True,False,none
ORD006832,2025-04-25,Zip Hoodie,2,163.2,United States,3PL_West,Carrier_D,email_drop,7.22,4.9,5,False,False,none
ORD006833,2025-02-21,Lounge Set,1,142.0,United States,3PL_East,Carrier_C,none,6.09,1.6,5,False,True,quality_issue
ORD006834,2025-06-27,Cloud Sweatpants,3,234.0,United States,3PL_East,Carrier_D,none,9.15,4.2,5,False,False,none
ORD006835,2025-03-17,Weighted Tee,1,54.0,United States,3PL_Central,Carrier_B,none,7.47,4.0,5,False,True,changed_mind
ORD006836,2025-02-02,Cloud Sweatpants,4,312.0,United States,3PL_West,Carrier_B,none,8.14,4.5,5,False,False,none
ORD006837,2025-01-12,Signature Hoodie,1,89.0,United States,3PL_Central,Carrier_D,none,6.6,3.5,5,False,False,none
ORD006838,2025-04-28,Cloud Sweatpants,1,78.0,United States,3PL_West,Carrier_A,none,5.67,4.9,5,False,False,none
ORD006839,2025-06-28,Cloud Sweatpants,1,66.3,United States,3PL_West,Carrier_C,holiday_sale,4.58,4.1,5,False,False,none
ORD006840,2025-06-15,Signature Hoodie,4,356.0,United States,3PL_West,Carrier_C,none,7.66,5.1,5,True,False,none
ORD006841,2025-05-11,Lounge Set,2,284.0,Canada,3PL_International,Passport_Global,none,19.5,5.6,9,False,False,none
ORD006842,2025-06-29,Zip Hoodie,2,163.2,United States,3PL_Central,Carrier_B,product_launch,4.8,4.0,5,False,False,none
ORD006843,2025-05-16,Signature Hoodie,3,267.0,United States,3PL_Central,Carrier_B,none,7.86,2.3,5,False,False,none
ORD006844,2025-03-07,Cloud Sweatpants,2,156.0,United States,3PL_West,Carrier_A,none,6.73,4.2,5,False,False,none
ORD006845,2025-04-21,Signature Hoodie,1,89.0,Canada,3PL_International,Passport_Global,none,18.55,2.5,9,False,False,none
ORD006846,2025-01-17,Cloud Sweatpants,3,210.6,United States,3PL_East,Carrier_B,product_launch,8.09,2.9,5,False,False,none
ORD006847,2025-02-14,Cloud Sweatpants,2,156.0,United States,3PL_East,Carrier_B,none,8.78,3.8,5,False,False,none
ORD006848,2025-03-19,Signature Hoodie,1,89.0,Australia,3PL_International,Passport_Global,none,17.5,4.6,9,False,False,none
ORD006849,2025-02-10,Lounge Set,3,426.0,United States,3PL_West,Carrier_B,none,6.64,2.6,5,False,False,none
ORD006850,2025-06-23,Weighted Tee,3,162.0,Australia,3PL_International,Passport_Global,none,22.31,4.0,9,False,False,none
ORD006851,2025-06-30,Cloud Sweatpants,1,78.0,United States,3PL_East,Carrier_B,none,5.48,3.4,5,False,False,none
ORD006852,2025-03-12,Zip Hoodie,2,192.0,United States,3PL_West,Carrier_C,none,5.85,3.0,5,False,False,none
ORD006853,2025-05-13,Weighted Tee,4,194.4,United States,3PL_East,Carrier_B,holiday_sale,7.59,3.4,5,False,False,none
ORD006854,2025-03-18,Signature Hoodie,3,240.3,United States,3PL_West,Carrier_A,email_drop,7.45,5.1,5,True,False,none
ORD006855,2025-01-29,Signature Hoodie,1,89.0,United States,3PL_East,Carrier_C,none,4.78,2.9,5,False,False,none
ORD006856,2025-03-07,Signature Hoodie,3,267.0,United States,3PL_East,Carrier_B,none,7.08,4.1,5,False,False,none
ORD006857,2025-02-16,Cloud Sweatpants,1,78.0,United States,3PL_West,Carrier_A,none,3.74,3.0,5,False,False,none
ORD006858,2025-03-06,Signature Hoodie,2,178.0,United States,3PL_East,Carrier_A,none,6.25,4.4,5,False,False,none
ORD006859,2025-02-13,Cloud Sweatpants,2,140.4,Australia,3PL_International,Passport_Global,email_drop,19.29,5.9,9,False,False,none
ORD006860,2025-01-23,Cloud Sweatpants,1,78.0,Germany,3PL_International,Passport_Global,none,17.0,4.8,9,False,False,none
ORD006861,2025-02-13,Signature Hoodie,3,240.3,United States,3PL_Central,Carrier_C,holiday_sale,7.35,3.7,5,False,False,none
ORD006862,2025-06-16,Cloud Sweatpants,1,78.0,United States,3PL_East,Carrier_D,none,6.81,3.9,5,False,False,none
ORD006863,2025-01-18,Signature Hoodie,3,226.95,United States,3PL_East,Carrier_B,email_drop,7.77,3.1,5,False,False,none
ORD006864,2025-03-05,Cloud Sweatpants,4,265.2,United States,3PL_West,Carrier_B,holiday_sale,10.19,3.3,5,False,False,none
ORD006865,2025-04-06,Signature Hoodie,2,151.3,Germany,3PL_International,Passport_Global,email_drop,19.12,4.7,9,False,False,none
ORD006866,2025-03-10,Signature Hoodie,2,160.2,Canada,3PL_International,Passport_Global,holiday_sale,18.02,4.9,9,False,False,none
ORD006867,2025-04-04,Signature Hoodie,1,71.2,United States,3PL_West,Carrier_C,influencer_drop,5.3,2.1,5,False,False,none
ORD006868,2025-01-09,Zip Hoodie,4,384.0,United States,3PL_East,Carrier_B,none,9.14,3.5,5,False,False,none
ORD006869,2025-05-01,Signature Hoodie,2,178.0,United States,3PL_Central,Carrier_A,none,5.57,4.5,5,False,False,none
ORD006870,2025-04-13,Zip Hoodie,1,96.0,Australia,3PL_International,Passport_Global,none,17.07,3.7,9,False,False,none
ORD006871,2025-05-07,Lounge Set,1,113.6,Germany,3PL_International,Passport_Global,holiday_sale,17.05,5.1,9,False,True,quality_issue
ORD006872,2025-04-14,Cloud Sweatpants,2,156.0,United States,3PL_Central,Carrier_A,none,6.4,4.8,5,False,False,none
ORD006873,2025-03-22,Signature Hoodie,4,302.6,United States,3PL_Central,Carrier_B,product_launch,8.55,4.5,5,False,False,none
ORD006874,2025-03-09,Zip Hoodie,4,384.0,Australia,3PL_International,Passport_Global,none,19.9,4.2,9,False,False,none
ORD006875,2025-02-15,Signature Hoodie,1,71.2,United States,3PL_West,Carrier_A,email_drop,4.93,4.6,5,False,False,none
ORD006876,2025-04-01,Lounge Set,3,426.0,United States,3PL_East,Carrier_A,none,7.67,4.9,5,False,False,none
ORD006877,2025-01-06,Zip Hoodie,1,86.4,United States,3PL_West,Carrier_B,product_launch,6.26,5.1,5,True,False,none
ORD006878,2025-03-06,Cloud Sweatpants,1,78.0,United States,3PL_West,Carrier_C,none,4.34,2.4,5,False,False,none
ORD006879,2025-05-07,Signature Hoodie,2,178.0,Canada,3PL_International,Passport_Global,none,18.21,4.4,9,False,False,none
ORD006880,2025-01-22,Zip Hoodie,1,86.4,Australia,3PL_International,Passport_Global,holiday_sale,16.89,5.4,9,False,True,changed_mind
ORD006881,2025-01-13,Cloud Sweatpants,1,78.0,Australia,3PL_International,Passport_Global,none,16.49,5.0,9,False,False,none
ORD006882,2025-05-02,Signature Hoodie,4,356.0,United States,3PL_East,Carrier_C,none,6.73,2.2,5,False,False,none
ORD006883,2025-03-16,Zip Hoodie,2,153.6,Germany,3PL_International,Passport_Global,holiday_sale,19.3,6.0,9,False,False,none
ORD006884,2025-05-31,Signature Hoodie,3,226.95,United States,3PL_East,Carrier_B,influencer_drop,7.79,3.6,5,False,False,none
ORD006885,2025-06-21,Lounge Set,2,284.0,United States,3PL_West,Carrier_B,none,6.88,3.8,5,False,False,none
ORD006886,2025-06-24,Lounge Set,2,284.0,United States,3PL_East,Carrier_C,none,6.76,5.5,5,True,False,none
ORD006887,2025-03-21,Signature Hoodie,1,89.0,United States,3PL_West,Carrier_B,none,5.04,4.3,5,False,False,none
ORD006888,2025-02-23,Signature Hoodie,2,178.0,United Kingdom,3PL_International,Passport_Global,none,18.43,4.9,9,False,False,none
ORD006889,2025-04-23,Cloud Sweatpants,3,234.0,Canada,3PL_International,Passport_Global,none,20.94,4.3,9,False,False,none
ORD006890,2025-04-27,Lounge Set,1,142.0,Australia,3PL_International,Passport_Global,none,18.31,3.1,9,False,False,none
ORD006891,2025-04-25,Signature Hoodie,2,178.0,United States,3PL_West,Carrier_C,none,6.44,5.1,5,True,False,none
ORD006892,2025-03-05,Signature Hoodie,1,89.0,United States,3PL_West,Carrier_C,none,4.6,5.0,5,False,False,none
ORD006893,2025-01-13,Zip Hoodie,4,307.2,United States,3PL_Central,Carrier_B,holiday_sale,8.92,4.2,5,False,False,none
ORD006894,2025-02-12,Signature Hoodie,1,89.0,United States,3PL_East,Carrier_A,none,5.55,1.0,5,False,False,none
ORD006895,2025-02-01,Signature Hoodie,1,89.0,United States,3PL_West,Carrier_B,none,4.9,5.1,5,True,False,none
ORD006896,2025-01-25,Zip Hoodie,1,86.4,United States,3PL_East,Carrier_C,product_launch,5.59,3.1,5,False,False,none
ORD006897,2025-06-19,Cloud Sweatpants,1,70.2,United States,3PL_West,Carrier_B,influencer_drop,5.86,4.9,5,False,False,none
ORD006898,2025-01-03,Cloud Sweatpants,3,234.0,United States,3PL_Central,Carrier_D,none,9.85,3.2,5,False,False,none
ORD006899,2025-04-21,Signature Hoodie,1,75.65,United Kingdom,3PL_International,Passport_Global,product_launch,18.56,6.1,9,False,False,none
ORD006900,2025-06-22,Cloud Sweatpants,1,78.0,United States,3PL_East,Carrier_C,none,6.08,2.2,5,False,False,none
ORD006901,2025-03-10,Cloud Sweatpants,1,78.0,United States,3PL_East,Carrier_A,none,6.23,3.7,5,False,True,late_delivery
ORD006902,2025-04-06,Cloud Sweatpants,3,234.0,Australia,3PL_International,Passport_Global,none,19.67,2.4,9,False,False,none
ORD006903,2025-05-10,Weighted Tee,2,108.0,United States,3PL_East,Carrier_D,none,8.97,4.1,5,False,False,none
ORD006904,2025-03-04,Signature Hoodie,2,142.4,United States,3PL_West,Carrier_B,email_drop,6.93,4.0,5,False,False,none
ORD006905,2025-03-28,Cloud Sweatpants,3,234.0,United States,3PL_West,Carrier_B,none,8.35,5.1,5,True,False,none
ORD006906,2025-06-03,Lounge Set,1,113.6,United States,3PL_West,Carrier_C,holiday_sale,5.5,4.7,5,False,False,none
ORD006907,2025-05-20,Signature Hoodie,2,178.0,United States,3PL_East,Carrier_B,none,6.94,4.1,5,False,False,none
ORD006908,2025-06-01,Weighted Tee,1,54.0,United States,3PL_West,Carrier_B,none,4.58,3.1,5,False,False,none
ORD006909,2025-06-29,Cloud Sweatpants,1,78.0,United States,3PL_East,Carrier_A,none,5.77,3.1,5,False,False,none
ORD006910,2025-03-12,Signature Hoodie,1,89.0,United States,3PL_East,Carrier_B,none,6.37,4.3,5,False,False,none
ORD006911,2025-05-20,Signature Hoodie,1,71.2,United States,3PL_West,Carrier_C,product_launch,6.72,5.4,5,True,False,none
ORD006912,2025-04-21,Signature Hoodie,2,151.3,United Kingdom,3PL_International,Passport_Global,email_drop,18.85,3.8,9,False,False,none
ORD006913,2025-05-04,Lounge Set,3,362.1,United States,3PL_West,Carrier_A,influencer_drop,9.13,4.1,5,False,False,none
ORD006914,2025-05-19,Weighted Tee,4,183.6,Canada,3PL_International,Passport_Global,email_drop,21.12,5.2,9,False,False,none
ORD006915,2025-05-21,Cloud Sweatpants,1,78.0,United States,3PL_East,Carrier_A,none,5.96,5.6,5,True,False,none
ORD006916,2025-06-13,Signature Hoodie,3,267.0,United States,3PL_East,Carrier_C,none,7.75,4.9,5,False,False,none
ORD006917,2025-03-09,Cloud Sweatpants,1,78.0,United States,3PL_East,Carrier_D,none,8.22,2.9,5,False,False,none
ORD006918,2025-05-02,Cloud Sweatpants,3,187.2,United States,3PL_East,Carrier_B,influencer_drop,7.86,2.5,5,False,False,none
ORD006919,2025-02-26,Signature Hoodie,2,178.0,United States,3PL_East,Carrier_C,none,6.07,1.0,5,False,True,duplicate_order
ORD006920,2025-04-20,Signature Hoodie,4,356.0,United States,3PL_West,Carrier_A,none,9.68,5.9,5,True,False,none
ORD006921,2025-05-21,Cloud Sweatpants,1,66.3,United States,3PL_West,Carrier_C,email_drop,5.0,4.2,5,False,False,none
ORD006922,2025-05-29,Signature Hoodie,3,267.0,United States,3PL_East,Carrier_A,none,7.95,4.1,5,False,False,none
ORD006923,2025-03-20,Zip Hoodie,2,192.0,United States,3PL_West,Carrier_A,none,5.2,3.3,5,False,False,none
ORD006924,2025-04-03,Cloud Sweatpants,2,156.0,United Kingdom,3PL_International,Passport_Global,none,19.61,5.0,9,False,False,none
ORD006925,2025-03-07,Signature Hoodie,2,178.0,United States,3PL_East,Carrier_B,none,5.05,4.2,5,False,False,none
ORD006926,2025-02-03,Signature Hoodie,2,178.0,United States,3PL_West,Carrier_B,none,6.15,2.6,5,False,False,none
ORD006927,2025-02-22,Zip Hoodie,2,163.2,United States,3PL_Central,Carrier_A,holiday_sale,5.46,2.3,5,False,False,none
ORD006928,2025-06-17,Zip Hoodie,1,86.4,United States,3PL_West,Carrier_B,email_drop,4.5,3.1,5,False,False,none
ORD006929,2025-03-03,Signature Hoodie,2,178.0,United States,3PL_East,Carrier_C,none,6.52,3.0,5,False,False,none
ORD006930,2025-06-27,Lounge Set,1,113.6,United States,3PL_West,Carrier_C,influencer_drop,4.86,4.7,5,False,False,none
ORD006931,2025-02-18,Zip Hoodie,3,259.2,United Kingdom,3PL_International,Passport_Global,influencer_drop,20.69,4.7,9,False,False,none
ORD006932,2025-05-16,Signature Hoodie,2,151.3,United States,3PL_Central,Carrier_A,email_drop,6.35,2.4,5,False,False,none
ORD006933,2025-04-16,Signature Hoodie,2,151.3,United States,3PL_East,Carrier_C,product_launch,6.68,3.0,5,False,False,none
ORD006934,2025-05-10,Weighted Tee,3,145.8,United States,3PL_East,Carrier_B,influencer_drop,7.05,3.1,5,False,False,none
ORD006935,2025-04-30,Cloud Sweatpants,1,78.0,United Kingdom,3PL_International,Passport_Global,none,18.4,4.8,9,False,False,none
ORD006936,2025-05-12,Signature Hoodie,1,89.0,Australia,3PL_International,Passport_Global,none,17.95,5.4,9,False,False,none
ORD006937,2025-06-16,Cloud Sweatpants,4,312.0,United States,3PL_Central,Carrier_B,none,9.27,3.7,5,False,True,changed_mind
ORD006938,2025-04-13,Signature Hoodie,4,356.0,United States,3PL_West,Carrier_B,none,9.46,2.5,5,False,False,none
ORD006939,2025-01-14,Lounge Set,3,340.8,United Kingdom,3PL_International,Passport_Global,product_launch,20.79,3.8,9,False,False,none
ORD006940,2025-02-24,Lounge Set,1,142.0,United States,3PL_East,Carrier_D,none,7.53,4.1,5,False,False,none
ORD006941,2025-05-13,Lounge Set,2,284.0,United States,3PL_Central,Carrier_B,none,6.69,3.2,5,False,False,none
ORD006942,2025-03-31,Zip Hoodie,3,259.2,Australia,3PL_International,Passport_Global,product_launch,20.98,3.6,9,False,False,none
ORD006943,2025-04-11,Zip Hoodie,1,86.4,United States,3PL_East,Carrier_D,email_drop,7.33,3.0,5,False,False,none
ORD006944,2025-04-20,Signature Hoodie,4,356.0,Australia,3PL_International,Passport_Global,none,20.92,6.4,9,False,True,changed_mind
ORD006945,2025-03-14,Lounge Set,3,340.8,United States,3PL_East,Carrier_D,holiday_sale,10.23,4.2,5,False,True,quality_issue
ORD006946,2025-05-26,Signature Hoodie,1,89.0,United States,3PL_West,Carrier_B,none,6.24,4.5,5,False,False,none
ORD006947,2025-05-16,Signature Hoodie,2,178.0,United States,3PL_East,Carrier_C,none,6.51,3.1,5,False,False,none
ORD006948,2025-05-14,Weighted Tee,4,216.0,United States,3PL_West,Carrier_B,none,9.35,4.9,5,False,False,none
ORD006949,2025-05-14,Weighted Tee,3,145.8,United Kingdom,3PL_International,Passport_Global,product_launch,20.46,5.9,9,False,False,none
ORD006950,2025-06-14,Cloud Sweatpants,3,234.0,United States,3PL_West,Carrier_A,none,7.77,4.8,5,False,False,none
ORD006951,2025-04-20,Cloud Sweatpants,4,312.0,Australia,3PL_International,Passport_Global,none,20.07,3.8,9,False,False,none
ORD006952,2025-06-26,Signature Hoodie,3,226.95,United States,3PL_East,Carrier_A,email_drop,6.82,5.1,5,True,False,none
ORD006953,2025-01-24,Zip Hoodie,4,307.2,Germany,3PL_International,Passport_Global,holiday_sale,20.95,5.8,9,False,False,none
ORD006954,2025-04-27,Signature Hoodie,4,356.0,United States,3PL_East,Carrier_B,none,8.88,4.3,5,False,False,none
ORD006955,2025-05-15,Signature Hoodie,1,89.0,United States,3PL_West,Carrier_C,none,4.46,5.2,5,True,False,none
ORD006956,2025-03-28,Cloud Sweatpants,2,124.8,United States,3PL_Central,Carrier_A,product_launch,4.88,3.4,5,False,False,none
ORD006957,2025-02-28,Lounge Set,1,127.8,United States,3PL_West,Carrier_C,influencer_drop,5.32,4.5,5,False,False,none
ORD006958,2025-04-11,Weighted Tee,2,108.0,United States,3PL_East,Carrier_A,none,6.56,3.4,5,False,False,none
ORD006959,2025-03-11,Weighted Tee,1,54.0,Australia,3PL_International,Passport_Global,none,18.49,5.6,9,False,False,none
ORD006960,2025-06-17,Lounge Set,2,284.0,Australia,3PL_International,Passport_Global,none,20.5,5.1,9,False,False,none
ORD006961,2025-03-10,Signature Hoodie,3,226.95,United States,3PL_Central,Carrier_C,email_drop,6.61,3.4,5,False,True,changed_mind
ORD006962,2025-02-05,Signature Hoodie,1,89.0,United States,3PL_West,Carrier_A,none,5.67,5.1,5,True,False,none
ORD006963,2025-04-16,Cloud Sweatpants,2,132.6,United States,3PL_East,Carrier_A,influencer_drop,8.45,3.2,5,False,False,none
ORD006964,2025-03-16,Signature Hoodie,1,89.0,Canada,3PL_International,Passport_Global,none,16.75,4.3,9,False,False,none
ORD006965,2025-01-20,Zip Hoodie,3,244.8,United States,3PL_Central,Carrier_D,influencer_drop,8.72,2.5,5,False,False,none
ORD006966,2025-04-14,Signature Hoodie,1,89.0,United States,3PL_East,Carrier_B,none,6.18,2.5,5,False,False,none
ORD006967,2025-04-08,Lounge Set,4,482.8,United States,3PL_Central,Carrier_B,holiday_sale,9.0,1.1,5,False,False,none
ORD006968,2025-02-04,Signature Hoodie,1,89.0,Australia,3PL_International,Passport_Global,none,18.02,4.6,9,False,False,none
ORD006969,2025-04-20,Signature Hoodie,2,178.0,United States,3PL_West,Carrier_B,none,7.05,3.0,5,False,False,none
ORD006970,2025-04-14,Zip Hoodie,3,288.0,United States,3PL_East,Carrier_B,none,8.29,4.5,5,False,True,duplicate_order
ORD006971,2025-05-26,Cloud Sweatpants,1,78.0,United States,3PL_East,Carrier_A,none,5.74,2.8,5,False,False,none
ORD006972,2025-03-11,Signature Hoodie,4,356.0,Australia,3PL_International,Passport_Global,none,21.69,3.8,9,False,False,none
ORD006973,2025-02-20,Zip Hoodie,2,163.2,United States,3PL_Central,Carrier_A,email_drop,5.59,3.4,5,False,False,none
ORD006974,2025-06-23,Cloud Sweatpants,4,265.2,United Kingdom,3PL_International,Passport_Global,holiday_sale,22.04,6.2,9,False,False,none
ORD006975,2025-04-13,Signature Hoodie,2,178.0,United Kingdom,3PL_International,Passport_Global,none,20.2,4.3,9,False,False,none
ORD006976,2025-01-06,Cloud Sweatpants,1,78.0,United States,3PL_Central,Carrier_C,none,6.29,3.6,5,False,False,none
ORD006977,2025-06-03,Lounge Set,2,284.0,United States,3PL_East,Carrier_A,none,6.95,4.5,5,False,False,none
ORD006978,2025-02-09,Signature Hoodie,2,142.4,United Kingdom,3PL_International,Passport_Global,influencer_drop,20.46,5.1,9,False,False,none
ORD006979,2025-05-28,Cloud Sweatpants,4,312.0,United States,3PL_East,Carrier_A,none,9.0,2.4,5,False,False,none
ORD006980,2025-05-12,Signature Hoodie,2,178.0,United States,3PL_East,Carrier_C,none,7.34,5.4,5,True,False,none
ORD006981,2025-06-26,Cloud Sweatpants,1,78.0,United States,3PL_West,Carrier_A,none,6.75,2.0,5,False,False,none
ORD006982,2025-06-25,Weighted Tee,1,54.0,Canada,3PL_International,Passport_Global,none,17.51,5.9,9,False,False,none
ORD006983,2025-02-25,Signature Hoodie,1,89.0,United States,3PL_West,Carrier_A,none,6.45,4.2,5,False,False,none
ORD006984,2025-05-24,Lounge Set,2,284.0,United States,3PL_East,Carrier_A,none,5.64,4.7,5,False,False,none
ORD006985,2025-03-04,Lounge Set,1,142.0,United States,3PL_Central,Carrier_B,none,4.71,3.7,5,False,False,none
ORD006986,2025-04-27,Signature Hoodie,1,75.65,United States,3PL_West,Carrier_B,influencer_drop,4.61,3.8,5,False,False,none
ORD006987,2025-04-20,Lounge Set,1,142.0,United States,3PL_West,Carrier_B,none,3.68,2.1,5,False,False,none
ORD006988,2025-01-11,Weighted Tee,4,216.0,United States,3PL_West,Carrier_B,none,8.28,2.5,5,False,False,none
ORD006989,2025-01-02,Weighted Tee,3,162.0,United Kingdom,3PL_International,Passport_Global,none,20.17,3.4,9,False,False,none
ORD006990,2025-01-12,Zip Hoodie,1,86.4,Germany,3PL_International,Passport_Global,holiday_sale,17.56,4.0,9,False,False,none
ORD006991,2025-01-26,Signature Hoodie,1,71.2,United States,3PL_West,Carrier_D,email_drop,6.18,3.8,5,False,False,none
ORD006992,2025-02-21,Signature Hoodie,3,267.0,United States,3PL_East,Carrier_D,none,7.53,2.1,5,False,False,none
ORD006993,2025-06-16,Signature Hoodie,3,240.3,United States,3PL_West,Carrier_B,holiday_sale,7.1,5.8,5,True,False,none
ORD006994,2025-04-05,Zip Hoodie,4,384.0,United States,3PL_West,Carrier_C,none,8.17,3.3,5,False,False,none
ORD006995,2025-05-31,Cloud Sweatpants,2,156.0,United States,3PL_West,Carrier_B,none,8.07,3.9,5,False,False,none
ORD006996,2025-06-06,Zip Hoodie,3,259.2,United States,3PL_Central,Carrier_B,email_drop,7.68,3.2,5,False,False,none
ORD006997,2025-05-18,Lounge Set,3,383.4,United States,3PL_East,Carrier_C,email_drop,9.1,4.6,5,False,False,none
ORD006998,2025-03-15,Signature Hoodie,1,89.0,United States,3PL_West,Carrier_B,none,4.83,4.0,5,False,False,none
ORD006999,2025-06-10,Lounge Set,2,284.0,United States,3PL_East,Carrier_B,none,7.39,5.4,5,True,False,none
ORD007000,2025-05-19,Signature Hoodie,1,89.0,United States,3PL_East,Carrier_A,none,5.6,3.3,5,False,False,none
ORD007001,2025-05-20,Signature Hoodie,3,267.0,United States,3PL_East,Carrier_D,none,8.85,5.1,5,True,False,none
ORD007002,2025-06-15,Lounge Set,4,482.8,United States,3PL_East,Carrier_A,product_launch,9.06,2.7,5,False,False,none
ORD007003,2025-04-21,Signature Hoodie,1,89.0,United States,3PL_West,Carrier_A,none,5.24,2.9,5,False,False,none
ORD007004,2025-04-06,Signature Hoodie,1,75.65,United States,3PL_East,Carrier_A,product_launch,5.16,3.9,5,False,False,none
ORD007005,2025-06-14,Weighted Tee,1,54.0,United States,3PL_Central,Carrier_B,none,4.07,3.2,5,False,False,none
ORD007006,2025-03-25,Lounge Set,1,120.7,United States,3PL_East,Carrier_A,influencer_drop,6.98,3.9,5,False,False,none
ORD007007,2025-06-02,Lounge Set,1,120.7,United States,3PL_East,Carrier_D,product_launch,7.63,3.6,5,False,False,none
ORD007008,2025-01-11,Signature Hoodie,4,302.6,United States,3PL_West,Carrier_B,email_drop,7.96,4.2,5,False,False,none
ORD007009,2025-01-01,Signature Hoodie,2,178.0,United States,3PL_East,Carrier_C,none,6.86,2.9,5,False,False,none
ORD007010,2025-04-06,Signature Hoodie,3,267.0,United States,3PL_West,Carrier_A,none,7.42,3.2,5,False,False,none
ORD007011,2025-01-15,Signature Hoodie,2,178.0,United States,3PL_West,Carrier_B,none,7.67,4.0,5,False,False,none
ORD007012,2025-06-27,Weighted Tee,3,162.0,United States,3PL_West,Carrier_B,none,7.47,5.6,5,True,False,none
ORD007013,2025-01-02,Signature Hoodie,2,160.2,United States,3PL_East,Carrier_A,product_launch,6.51,6.3,5,True,False,none
ORD007014,2025-05-15,Zip Hoodie,1,96.0,United States,3PL_East,Carrier_B,none,4.9,4.7,5,False,False,none
ORD007015,2025-02-18,Signature Hoodie,1,89.0,United States,3PL_Central,Carrier_C,none,5.79,4.2,5,False,False,none
ORD007016,2025-06-26,Cloud Sweatpants,2,156.0,United States,3PL_Central,Carrier_C,none,6.54,5.2,5,True,False,none
ORD007017,2025-03-14,Signature Hoodie,1,89.0,United States,3PL_West,Carrier_D,none,8.2,5.3,5,True,False,none
ORD007018,2025-01-06,Signature Hoodie,3,267.0,Canada,3PL_International,Passport_Global,none,20.35,2.7,9,False,False,none
ORD007019,2025-01-06,Signature Hoodie,1,89.0,United States,3PL_West,Carrier_A,none,7.36,4.5,5,False,False,none
ORD007020,2025-04-12,Weighted Tee,1,43.2,United States,3PL_West,Carrier_D,influencer_drop,7.09,4.3,5,False,False,none
ORD007021,2025-06-29,Zip Hoodie,2,192.0,United States,3PL_East,Carrier_D,none,7.72,4.4,5,False,False,none
ORD007022,2025-06-28,Zip Hoodie,1,76.8,United States,3PL_Central,Carrier_B,email_drop,4.82,2.5,5,False,False,none
ORD007023,2025-03-07,Signature Hoodie,4,356.0,United States,3PL_Central,Carrier_A,none,8.27,2.0,5,False,False,none
ORD007024,2025-03-29,Zip Hoodie,1,96.0,United States,3PL_East,Carrier_A,none,4.75,3.9,5,False,False,none
ORD007025,2025-01-21,Zip Hoodie,3,244.8,United States,3PL_East,Carrier_C,email_drop,8.92,1.2,5,False,False,none
ORD007026,2025-04-05,Cloud Sweatpants,2,132.6,United States,3PL_East,Carrier_A,email_drop,6.35,4.4,5,False,False,none
ORD007027,2025-04-21,Zip Hoodie,4,384.0,Germany,3PL_International,Passport_Global,none,21.49,3.9,9,False,False,none
ORD007028,2025-02-20,Lounge Set,1,127.8,Australia,3PL_International,Passport_Global,influencer_drop,16.78,6.4,9,False,False,none
ORD007029,2025-04-23,Weighted Tee,4,216.0,United States,3PL_West,Carrier_C,none,8.85,5.3,5,True,False,none
ORD007030,2025-06-15,Weighted Tee,4,216.0,United States,3PL_West,Carrier_B,none,6.98,4.6,5,False,False,none
ORD007031,2025-01-01,Cloud Sweatpants,2,132.6,United States,3PL_East,Carrier_B,product_launch,6.84,4.7,5,False,False,none
ORD007032,2025-02-15,Signature Hoodie,1,71.2,Canada,3PL_International,Passport_Global,product_launch,17.38,5.6,9,False,False,none
ORD007033,2025-02-12,Signature Hoodie,1,89.0,United States,3PL_East,Carrier_C,none,6.69,3.7,5,False,False,none
ORD007034,2025-01-25,Signature Hoodie,1,71.2,United States,3PL_West,Carrier_A,product_launch,6.07,4.0,5,False,False,none
ORD007035,2025-02-03,Signature Hoodie,2,151.3,Canada,3PL_International,Passport_Global,influencer_drop,19.6,1.3,9,False,False,none
ORD007036,2025-04-26,Signature Hoodie,4,356.0,United States,3PL_East,Carrier_A,none,8.16,4.7,5,False,True,changed_mind
ORD007037,2025-01-21,Zip Hoodie,2,192.0,Canada,3PL_International,Passport_Global,none,19.25,5.6,9,False,False,none
ORD007038,2025-05-19,Cloud Sweatpants,4,312.0,Canada,3PL_International,Passport_Global,none,22.82,5.3,9,False,False,none
ORD007039,2025-06-13,Zip Hoodie,3,288.0,Canada,3PL_International,Passport_Global,none,19.5,5.0,9,False,False,none
ORD007040,2025-06-20,Weighted Tee,2,97.2,United States,3PL_East,Carrier_A,product_launch,5.88,4.8,5,False,False,none
ORD007041,2025-05-03,Signature Hoodie,3,267.0,United States,3PL_East,Carrier_C,none,7.75,2.8,5,False,False,none
ORD007042,2025-02-09,Signature Hoodie,4,356.0,United States,3PL_West,Carrier_A,none,9.06,2.4,5,False,False,none
ORD007043,2025-01-18,Zip Hoodie,4,384.0,Canada,3PL_International,Passport_Global,none,21.8,4.0,9,False,False,none
ORD007044,2025-02-16,Cloud Sweatpants,1,78.0,United States,3PL_East,Carrier_A,none,5.84,4.3,5,False,False,none
ORD007045,2025-06-25,Cloud Sweatpants,2,140.4,United Kingdom,3PL_International,Passport_Global,influencer_drop,19.14,5.3,9,False,False,none
ORD007046,2025-06-25,Lounge Set,2,284.0,Germany,3PL_International,Passport_Global,none,18.39,4.3,9,False,False,none
ORD007047,2025-03-14,Signature Hoodie,4,356.0,United States,3PL_West,Carrier_D,none,12.25,2.3,5,False,False,none
ORD007048,2025-03-05,Cloud Sweatpants,1,78.0,Australia,3PL_International,Passport_Global,none,19.02,4.4,9,False,False,none
ORD007049,2025-04-03,Weighted Tee,3,129.6,United States,3PL_East,Carrier_C,email_drop,8.09,4.1,5,False,False,none
ORD007050,2025-02-28,Cloud Sweatpants,2,132.6,Germany,3PL_International,Passport_Global,email_drop,19.97,3.4,9,False,False,none
ORD007051,2025-06-28,Cloud Sweatpants,4,280.8,United Kingdom,3PL_International,Passport_Global,email_drop,21.24,6.1,9,False,False,none
ORD007052,2025-02-14,Signature Hoodie,3,267.0,United States,3PL_East,Carrier_B,none,6.76,5.6,5,True,False,none
ORD007053,2025-03-12,Signature Hoodie,1,89.0,United States,3PL_East,Carrier_B,none,6.15,3.4,5,False,False,none
ORD007054,2025-03-21,Signature Hoodie,3,240.3,United States,3PL_West,Carrier_A,email_drop,6.72,6.3,5,True,False,none
ORD007055,2025-01-26,Cloud Sweatpants,1,70.2,Canada,3PL_International,Passport_Global,email_drop,19.49,3.8,9,False,False,none
ORD007056,2025-03-14,Cloud Sweatpants,1,78.0,United States,3PL_West,Carrier_A,none,4.53,3.1,5,False,False,none
ORD007057,2025-06-09,Weighted Tee,2,91.8,United States,3PL_West,Carrier_B,holiday_sale,7.72,4.7,5,False,True,changed_mind
ORD007058,2025-01-29,Zip Hoodie,1,96.0,United States,3PL_West,Carrier_A,none,6.94,3.5,5,False,False,none
ORD007059,2025-04-18,Signature Hoodie,1,89.0,United States,3PL_East,Carrier_A,none,4.36,1.4,5,False,True,fit_issue
ORD007060,2025-03-18,Lounge Set,4,482.8,Germany,3PL_International,Passport_Global,product_launch,20.13,5.5,9,False,False,none
ORD007061,2025-02-04,Signature Hoodie,1,89.0,United States,3PL_East,Carrier_B,none,5.85,3.7,5,False,False,none
ORD007062,2025-01-03,Zip Hoodie,2,172.8,United States,3PL_Central,Carrier_C,holiday_sale,7.83,4.6,5,False,True,duplicate_order
ORD007063,2025-02-24,Signature Hoodie,1,89.0,Canada,3PL_International,Passport_Global,none,18.42,4.1,9,False,False,none
ORD007064,2025-01-13,Zip Hoodie,1,86.4,United States,3PL_West,Carrier_D,holiday_sale,6.59,5.4,5,True,False,none
ORD007065,2025-03-13,Weighted Tee,1,54.0,United States,3PL_Central,Carrier_D,none,8.49,2.8,5,False,False,none
ORD007066,2025-06-02,Signature Hoodie,1,71.2,United States,3PL_Central,Carrier_A,influencer_drop,7.25,4.3,5,False,False,none
ORD007067,2025-05-15,Cloud Sweatpants,2,124.8,Australia,3PL_International,Passport_Global,email_drop,18.25,3.9,9,False,False,none
ORD007068,2025-06-22,Cloud Sweatpants,1,78.0,United Kingdom,3PL_International,Passport_Global,none,18.16,7.1,9,False,False,none
ORD007069,2025-03-21,Signature Hoodie,3,267.0,United States,3PL_West,Carrier_A,none,8.26,4.5,5,False,False,none
ORD007070,2025-05-13,Signature Hoodie,2,178.0,United States,3PL_East,Carrier_A,none,6.39,2.4,5,False,False,none
ORD007071,2025-05-04,Zip Hoodie,3,288.0,United States,3PL_West,Carrier_C,none,7.04,5.1,5,True,False,none
ORD007072,2025-02-13,Signature Hoodie,2,151.3,United States,3PL_East,Carrier_B,product_launch,5.76,5.0,5,False,False,none
ORD007073,2025-03-02,Signature Hoodie,1,89.0,United States,3PL_West,Carrier_B,none,4.04,4.5,5,False,False,none
ORD007074,2025-04-07,Zip Hoodie,2,163.2,United States,3PL_East,Carrier_C,influencer_drop,7.3,3.4,5,False,False,none
ORD007075,2025-05-30,Zip Hoodie,2,192.0,United States,3PL_Central,Carrier_C,none,6.2,3.5,5,False,True,fit_issue
ORD007076,2025-03-26,Signature Hoodie,2,178.0,United Kingdom,3PL_International,Passport_Global,none,20.34,4.6,9,False,False,none
ORD007077,2025-02-15,Weighted Tee,4,194.4,United States,3PL_East,Carrier_D,product_launch,11.14,3.4,5,False,False,none
ORD007078,2025-06-29,Lounge Set,2,284.0,United States,3PL_West,Carrier_A,none,6.54,2.8,5,False,False,none
ORD007079,2025-01-24,Weighted Tee,1,54.0,Germany,3PL_International,Passport_Global,none,19.02,4.2,9,False,False,none
ORD007080,2025-06-24,Cloud Sweatpants,1,78.0,United States,3PL_Central,Carrier_A,none,5.4,2.8,5,False,False,none
ORD007081,2025-06-01,Signature Hoodie,1,89.0,United States,3PL_East,Carrier_D,none,6.81,3.1,5,False,False,none
ORD007082,2025-06-06,Signature Hoodie,1,89.0,United States,3PL_West,Carrier_A,none,6.04,3.5,5,False,False,none
ORD007083,2025-05-30,Weighted Tee,1,48.6,Australia,3PL_International,Passport_Global,email_drop,17.41,4.3,9,False,False,none
ORD007084,2025-02-11,Lounge Set,1,142.0,United States,3PL_Central,Carrier_D,none,7.38,2.9,5,False,False,none
ORD007085,2025-04-27,Zip Hoodie,1,81.6,Australia,3PL_International,Passport_Global,influencer_drop,18.13,3.8,9,False,True,fit_issue
ORD007086,2025-05-23,Cloud Sweatpants,4,265.2,United States,3PL_East,Carrier_A,email_drop,8.94,4.2,5,False,False,none
ORD007087,2025-05-20,Cloud Sweatpants,3,234.0,United States,3PL_East,Carrier_A,none,8.04,3.3,5,False,False,none
ORD007088,2025-02-24,Zip Hoodie,3,288.0,United States,3PL_East,Carrier_B,none,8.04,1.8,5,False,False,none
ORD007089,2025-02-06,Signature Hoodie,2,178.0,Canada,3PL_International,Passport_Global,none,19.13,5.5,9,False,False,none
ORD007090,2025-03-06,Cloud Sweatpants,1,70.2,United States,3PL_East,Carrier_C,influencer_drop,5.01,3.8,5,False,False,none
ORD007091,2025-03-29,Zip Hoodie,3,288.0,United States,3PL_West,Carrier_A,none,6.9,4.7,5,False,False,none
ORD007092,2025-04-16,Zip Hoodie,2,192.0,United States,3PL_West,Carrier_C,none,5.99,4.1,5,False,False,none
ORD007093,2025-06-06,Cloud Sweatpants,2,156.0,United States,3PL_West,Carrier_B,none,6.04,2.9,5,False,True,duplicate_order
ORD007094,2025-05-25,Zip Hoodie,2,192.0,United States,3PL_West,Carrier_D,none,8.9,3.1,5,False,False,none
ORD007095,2025-05-06,Signature Hoodie,1,80.1,United States,3PL_West,Carrier_C,email_drop,6.8,4.4,5,False,False,none
ORD007096,2025-02-22,Signature Hoodie,2,178.0,United States,3PL_East,Carrier_D,none,8.37,3.1,5,False,False,none
ORD007097,2025-03-29,Signature Hoodie,2,178.0,United States,3PL_West,Carrier_A,none,7.56,2.0,5,False,False,none
ORD007098,2025-03-07,Signature Hoodie,2,178.0,United States,3PL_West,Carrier_D,none,7.81,4.0,5,False,False,none
ORD007099,2025-02-17,Signature Hoodie,2,151.3,Australia,3PL_International,Passport_Global,email_drop,18.86,5.1,9,False,False,none
ORD007100,2025-01-03,Signature Hoodie,4,320.4,United States,3PL_East,Carrier_B,email_drop,8.74,3.5,5,False,False,none
ORD007101,2025-03-07,Cloud Sweatpants,4,312.0,United States,3PL_West,Carrier_D,none,11.15,5.1,5,True,False,none
ORD007102,2025-02-21,Cloud Sweatpants,1,78.0,United States,3PL_East,Carrier_C,none,4.93,3.9,5,False,False,none
ORD007103,2025-04-15,Cloud Sweatpants,1,62.4,United States,3PL_East,Carrier_D,email_drop,7.82,3.6,5,False,False,none
ORD007104,2025-01-13,Zip Hoodie,2,192.0,United States,3PL_West,Carrier_C,none,6.85,4.1,5,False,False,none
ORD007105,2025-02-24,Signature Hoodie,3,267.0,United States,3PL_Central,Carrier_D,none,9.65,3.4,5,False,False,none
ORD007106,2025-01-10,Signature Hoodie,2,178.0,United States,3PL_West,Carrier_A,none,6.11,4.5,5,False,False,none
ORD007107,2025-04-29,Signature Hoodie,1,89.0,United States,3PL_West,Carrier_A,none,4.09,2.5,5,False,False,none
ORD007108,2025-04-14,Signature Hoodie,2,178.0,United States,3PL_East,Carrier_B,none,6.21,1.8,5,False,False,none
ORD007109,2025-03-07,Zip Hoodie,4,384.0,United States,3PL_Central,Carrier_C,none,9.47,2.9,5,False,False,none
ORD007110,2025-01-30,Lounge Set,1,142.0,United States,3PL_East,Carrier_A,none,4.0,4.0,5,False,False,none
ORD007111,2025-06-24,Signature Hoodie,2,178.0,United States,3PL_Central,Carrier_B,none,5.31,3.0,5,False,False,none
ORD007112,2025-04-18,Cloud Sweatpants,2,156.0,United States,3PL_West,Carrier_A,none,6.33,3.8,5,False,True,late_delivery
ORD007113,2025-05-07,Signature Hoodie,1,89.0,United States,3PL_West,Carrier_D,none,6.54,3.9,5,False,False,none
ORD007114,2025-04-07,Signature Hoodie,1,89.0,United States,3PL_Central,Carrier_C,none,7.98,3.7,5,False,True,fit_issue
ORD007115,2025-06-01,Lounge Set,2,284.0,Australia,3PL_International,Passport_Global,none,19.15,4.9,9,False,True,late_delivery
ORD007116,2025-06-15,Cloud Sweatpants,3,210.6,United States,3PL_East,Carrier_A,influencer_drop,7.39,4.6,5,False,False,none
ORD007117,2025-03-14,Zip Hoodie,2,172.8,United States,3PL_East,Carrier_D,product_launch,9.27,5.8,5,True,False,none
ORD007118,2025-05-09,Lounge Set,2,284.0,United States,3PL_West,Carrier_B,none,6.5,3.1,5,False,False,none
ORD007119,2025-02-16,Cloud Sweatpants,2,156.0,United States,3PL_East,Carrier_B,none,6.49,4.1,5,False,False,none
ORD007120,2025-05-02,Signature Hoodie,1,89.0,Canada,3PL_International,Passport_Global,none,19.27,3.8,9,False,False,none
ORD007121,2025-03-16,Zip Hoodie,1,76.8,United States,3PL_East,Carrier_D,holiday_sale,5.54,3.6,5,False,False,none
ORD007122,2025-01-02,Zip Hoodie,4,384.0,United States,3PL_West,Carrier_A,none,8.08,2.2,5,False,False,none
ORD007123,2025-06-24,Cloud Sweatpants,1,78.0,United States,3PL_West,Carrier_B,none,5.83,5.0,5,False,False,none
ORD007124,2025-06-11,Zip Hoodie,3,259.2,United States,3PL_East,Carrier_D,email_drop,8.74,4.7,5,False,False,none
ORD007125,2025-02-28,Cloud Sweatpants,2,156.0,United States,3PL_West,Carrier_A,none,5.78,4.0,5,False,False,none
ORD007126,2025-06-30,Signature Hoodie,2,178.0,United States,3PL_East,Carrier_C,none,7.22,4.4,5,False,False,none
ORD007127,2025-03-04,Zip Hoodie,1,96.0,United States,3PL_Central,Carrier_C,none,4.86,2.4,5,False,False,none
ORD007128,2025-03-26,Signature Hoodie,4,284.8,United States,3PL_East,Carrier_A,email_drop,9.15,5.3,5,True,False,none
ORD007129,2025-06-08,Signature Hoodie,2,142.4,United States,3PL_Central,Carrier_B,email_drop,6.35,3.8,5,False,False,none
ORD007130,2025-03-02,Cloud Sweatpants,3,234.0,United States,3PL_Central,Carrier_A,none,7.99,3.0,5,False,False,none
ORD007131,2025-03-24,Zip Hoodie,3,230.4,United States,3PL_West,Carrier_A,email_drop,7.63,1.9,5,False,True,quality_issue
ORD007132,2025-05-04,Lounge Set,1,142.0,Germany,3PL_International,Passport_Global,none,18.47,3.2,9,False,False,none
ORD007133,2025-01-27,Zip Hoodie,4,384.0,United States,3PL_East,Carrier_B,none,9.62,4.4,5,False,False,none
ORD007134,2025-03-20,Zip Hoodie,2,163.2,United States,3PL_East,Carrier_B,holiday_sale,6.0,7.0,5,True,False,none
ORD007135,2025-03-03,Signature Hoodie,1,71.2,United Kingdom,3PL_International,Passport_Global,influencer_drop,16.51,3.0,9,False,False,none
ORD007136,2025-05-06,Cloud Sweatpants,2,124.8,Germany,3PL_International,Passport_Global,product_launch,18.84,3.0,9,False,False,none
ORD007137,2025-01-28,Signature Hoodie,2,151.3,Canada,3PL_International,Passport_Global,email_drop,18.49,5.8,9,False,False,none
ORD007138,2025-02-16,Cloud Sweatpants,2,156.0,United States,3PL_East,Carrier_C,none,5.98,3.3,5,False,False,none
ORD007139,2025-05-13,Zip Hoodie,1,96.0,United States,3PL_West,Carrier_A,none,4.01,2.9,5,False,False,none
ORD007140,2025-02-01,Signature Hoodie,4,356.0,United States,3PL_West,Carrier_B,none,8.52,2.7,5,False,False,none
ORD007141,2025-03-20,Lounge Set,1,142.0,United States,3PL_West,Carrier_C,none,5.43,1.8,5,False,False,none
ORD007142,2025-05-14,Cloud Sweatpants,2,156.0,United States,3PL_West,Carrier_D,none,7.88,5.5,5,True,False,none
ORD007143,2025-05-24,Zip Hoodie,3,288.0,United States,3PL_West,Carrier_B,none,7.66,4.5,5,False,False,none
ORD007144,2025-01-19,Cloud Sweatpants,1,78.0,United States,3PL_West,Carrier_C,none,5.92,1.3,5,False,False,none
ORD007145,2025-06-08,Zip Hoodie,1,76.8,United States,3PL_East,Carrier_D,holiday_sale,8.33,3.9,5,False,False,none
ORD007146,2025-05-16,Cloud Sweatpants,2,156.0,United States,3PL_West,Carrier_B,none,7.78,5.0,5,False,False,none
ORD007147,2025-03-07,Signature Hoodie,3,267.0,United States,3PL_West,Carrier_C,none,7.18,4.0,5,False,False,none
ORD007148,2025-05-24,Weighted Tee,3,137.7,United States,3PL_East,Carrier_D,influencer_drop,8.9,2.4,5,False,False,none
ORD007149,2025-05-17,Zip Hoodie,3,288.0,United Kingdom,3PL_International,Passport_Global,none,18.99,4.3,9,False,False,none
ORD007150,2025-04-21,Cloud Sweatpants,1,78.0,Australia,3PL_International,Passport_Global,none,18.45,4.6,9,False,False,none
ORD007151,2025-04-13,Zip Hoodie,2,192.0,United States,3PL_West,Carrier_D,none,8.5,4.2,5,False,False,none
ORD007152,2025-05-18,Signature Hoodie,1,71.2,United States,3PL_West,Carrier_C,influencer_drop,6.54,3.8,5,False,False,none
ORD007153,2025-06-30,Zip Hoodie,3,230.4,United Kingdom,3PL_International,Passport_Global,holiday_sale,20.24,6.9,9,False,False,none
ORD007154,2025-04-17,Cloud Sweatpants,1,78.0,United States,3PL_West,Carrier_D,none,6.75,3.8,5,False,False,none
ORD007155,2025-06-01,Lounge Set,2,284.0,United States,3PL_East,Carrier_A,none,6.51,1.0,5,False,False,none
ORD007156,2025-05-20,Signature Hoodie,2,178.0,United States,3PL_West,Carrier_D,none,8.18,4.4,5,False,False,none
ORD007157,2025-06-09,Lounge Set,3,426.0,United States,3PL_West,Carrier_C,none,7.12,3.9,5,False,False,none
ORD007158,2025-06-24,Lounge Set,1,120.7,United States,3PL_West,Carrier_A,influencer_drop,5.47,3.1,5,False,False,none
ORD007159,2025-02-08,Weighted Tee,3,145.8,United States,3PL_Central,Carrier_C,email_drop,7.0,4.1,5,False,False,none
ORD007160,2025-02-03,Lounge Set,1,120.7,United States,3PL_West,Carrier_A,influencer_drop,6.51,3.0,5,False,True,quality_issue
ORD007161,2025-04-18,Zip Hoodie,1,86.4,United States,3PL_East,Carrier_D,product_launch,5.82,4.7,5,False,False,none
ORD007162,2025-03-24,Cloud Sweatpants,1,78.0,United States,3PL_West,Carrier_B,none,6.36,2.5,5,False,False,none
ORD007163,2025-04-15,Signature Hoodie,3,226.95,United States,3PL_East,Carrier_B,holiday_sale,7.3,4.0,5,False,False,none
ORD007164,2025-05-31,Cloud Sweatpants,2,132.6,United States,3PL_West,Carrier_D,email_drop,6.03,5.4,5,True,False,none
ORD007165,2025-06-20,Cloud Sweatpants,1,78.0,Canada,3PL_International,Passport_Global,none,16.36,4.6,9,False,False,none
ORD007166,2025-03-19,Signature Hoodie,1,80.1,United States,3PL_West,Carrier_B,influencer_drop,5.35,4.5,5,False,False,none
ORD007167,2025-05-15,Zip Hoodie,3,244.8,United States,3PL_East,Carrier_C,email_drop,7.36,3.2,5,False,False,none
ORD007168,2025-02-09,Signature Hoodie,1,71.2,United States,3PL_East,Carrier_A,product_launch,5.73,4.8,5,False,True,late_delivery
ORD007169,2025-04-08,Cloud Sweatpants,2,156.0,United States,3PL_East,Carrier_A,none,6.21,3.3,5,False,False,none
ORD007170,2025-01-05,Cloud Sweatpants,2,156.0,United States,3PL_West,Carrier_B,none,7.01,3.3,5,False,False,none
ORD007171,2025-04-02,Lounge Set,4,482.8,United States,3PL_Central,Carrier_A,influencer_drop,8.86,4.8,5,False,False,none
ORD007172,2025-04-10,Signature Hoodie,1,89.0,Canada,3PL_International,Passport_Global,none,18.32,3.9,9,False,False,none
ORD007173,2025-05-18,Signature Hoodie,1,71.2,United States,3PL_Central,Carrier_B,email_drop,6.09,3.2,5,False,False,none
ORD007174,2025-05-01,Cloud Sweatpants,1,78.0,United Kingdom,3PL_International,Passport_Global,none,18.21,2.4,9,False,False,none
ORD007175,2025-03-10,Cloud Sweatpants,4,312.0,United States,3PL_East,Carrier_A,none,8.61,3.8,5,False,False,none
ORD007176,2025-01-02,Signature Hoodie,2,178.0,United States,3PL_West,Carrier_A,none,7.69,5.4,5,True,False,none
ORD007177,2025-01-24,Zip Hoodie,4,345.6,United States,3PL_East,Carrier_A,influencer_drop,8.8,3.2,5,False,False,none
ORD007178,2025-06-27,Lounge Set,1,142.0,United States,3PL_East,Carrier_C,none,4.82,3.1,5,False,False,none
ORD007179,2025-06-19,Zip Hoodie,2,153.6,United States,3PL_East,Carrier_A,email_drop,6.21,4.2,5,False,False,none
ORD007180,2025-03-05,Signature Hoodie,1,80.1,United Kingdom,3PL_International,Passport_Global,email_drop,18.11,3.6,9,False,False,none
ORD007181,2025-02-22,Signature Hoodie,1,75.65,United Kingdom,3PL_International,Passport_Global,email_drop,18.6,4.5,9,False,False,none
ORD007182,2025-03-22,Cloud Sweatpants,2,156.0,United States,3PL_Central,Carrier_A,none,7.08,3.4,5,False,False,none
ORD007183,2025-05-09,Zip Hoodie,1,96.0,United Kingdom,3PL_International,Passport_Global,none,18.34,4.1,9,False,False,none
ORD007184,2025-03-10,Weighted Tee,1,48.6,Canada,3PL_International,Passport_Global,influencer_drop,17.5,4.9,9,False,True,fit_issue
ORD007185,2025-01-14,Signature Hoodie,1,89.0,Australia,3PL_International,Passport_Global,none,18.67,4.8,9,False,False,none
ORD007186,2025-03-17,Cloud Sweatpants,2,156.0,United States,3PL_East,Carrier_A,none,6.56,4.5,5,False,False,none
ORD007187,2025-02-22,Weighted Tee,1,48.6,United States,3PL_West,Carrier_D,product_launch,6.76,5.8,5,True,False,none
ORD007188,2025-03-05,Signature Hoodie,4,356.0,Australia,3PL_International,Passport_Global,none,19.72,4.7,9,False,False,none
ORD007189,2025-02-02,Weighted Tee,3,162.0,United States,3PL_West,Carrier_A,none,8.18,3.9,5,False,False,none
ORD007190,2025-05-03,Cloud Sweatpants,2,124.8,United States,3PL_East,Carrier_B,product_launch,6.08,3.4,5,False,True,changed_mind
ORD007191,2025-04-06,Zip Hoodie,3,288.0,United States,3PL_West,Carrier_B,none,6.83,4.6,5,False,False,none
ORD007192,2025-02-24,Cloud Sweatpants,2,156.0,United States,3PL_West,Carrier_D,none,7.33,4.9,5,False,False,none
ORD007193,2025-04-12,Lounge Set,2,284.0,United States,3PL_West,Carrier_D,none,9.07,5.4,5,True,False,none
ORD007194,2025-03-31,Lounge Set,4,454.4,United States,3PL_West,Carrier_C,influencer_drop,8.99,3.3,5,False,False,none
ORD007195,2025-05-30,Signature Hoodie,2,160.2,United States,3PL_East,Carrier_A,holiday_sale,6.96,4.8,5,False,False,none
ORD007196,2025-06-24,Zip Hoodie,2,172.8,United States,3PL_East,Carrier_C,influencer_drop,6.38,4.0,5,False,False,none
ORD007197,2025-01-27,Signature Hoodie,2,151.3,United States,3PL_East,Carrier_A,product_launch,6.58,3.0,5,False,False,none
ORD007198,2025-06-13,Signature Hoodie,3,267.0,United States,3PL_West,Carrier_A,none,7.67,3.6,5,False,False,none
ORD007199,2025-05-12,Cloud Sweatpants,3,234.0,United States,3PL_East,Carrier_A,none,6.77,5.6,5,True,False,none
ORD007200,2025-05-10,Zip Hoodie,2,192.0,United States,3PL_Central,Carrier_B,none,7.2,2.6,5,False,True,fit_issue
ORD007201,2025-03-13,Signature Hoodie,1,71.2,United States,3PL_East,Carrier_B,holiday_sale,4.71,4.6,5,False,False,none
ORD007202,2025-03-08,Signature Hoodie,2,142.4,United Kingdom,3PL_International,Passport_Global,product_launch,18.52,5.2,9,False,False,none
ORD007203,2025-01-02,Signature Hoodie,2,178.0,United States,3PL_West,Carrier_B,none,6.85,5.2,5,True,False,none
ORD007204,2025-06-28,Signature Hoodie,4,284.8,United States,3PL_East,Carrier_A,influencer_drop,9.68,2.6,5,False,False,none
ORD007205,2025-04-22,Signature Hoodie,4,302.6,United States,3PL_East,Carrier_A,email_drop,8.35,4.2,5,False,False,none
ORD007206,2025-03-17,Signature Hoodie,1,89.0,United States,3PL_East,Carrier_B,none,6.01,3.2,5,False,False,none
ORD007207,2025-04-10,Lounge Set,4,568.0,United States,3PL_West,Carrier_C,none,9.11,3.4,5,False,False,none
ORD007208,2025-01-09,Signature Hoodie,4,302.6,United States,3PL_East,Carrier_A,product_launch,8.67,2.6,5,False,False,none
ORD007209,2025-02-04,Lounge Set,4,568.0,United States,3PL_East,Carrier_B,none,8.78,5.0,5,False,False,none
ORD007210,2025-04-26,Signature Hoodie,2,178.0,United States,3PL_East,Carrier_C,none,6.47,4.7,5,False,True,changed_mind
ORD007211,2025-04-04,Cloud Sweatpants,1,62.4,United States,3PL_West,Carrier_A,product_launch,5.58,2.8,5,False,False,none
ORD007212,2025-05-29,Signature Hoodie,2,178.0,United States,3PL_West,Carrier_C,none,7.47,3.1,5,False,False,none
ORD007213,2025-05-03,Signature Hoodie,4,356.0,United States,3PL_East,Carrier_D,none,10.88,2.8,5,False,False,none
ORD007214,2025-04-21,Zip Hoodie,2,153.6,Canada,3PL_International,Passport_Global,email_drop,18.73,5.5,9,False,False,none
ORD007215,2025-06-02,Signature Hoodie,4,356.0,United States,3PL_East,Carrier_A,none,8.49,4.2,5,False,False,none
ORD007216,2025-01-14,Signature Hoodie,1,89.0,United States,3PL_Central,Carrier_A,none,5.51,2.7,5,False,False,none
ORD007217,2025-05-09,Cloud Sweatpants,3,234.0,United States,3PL_Central,Carrier_C,none,7.32,3.9,5,False,False,none
ORD007218,2025-05-14,Lounge Set,1,120.7,United States,3PL_West,Carrier_B,influencer_drop,3.98,5.4,5,True,False,none
ORD007219,2025-02-25,Cloud Sweatpants,3,234.0,United States,3PL_East,Carrier_A,none,8.62,4.3,5,False,False,none
ORD007220,2025-02-09,Signature Hoodie,4,284.8,United States,3PL_Central,Carrier_B,email_drop,8.75,2.1,5,False,False,none
ORD007221,2025-02-13,Signature Hoodie,2,142.4,United States,3PL_West,Carrier_B,holiday_sale,6.41,3.4,5,False,False,none
ORD007222,2025-02-09,Cloud Sweatpants,2,156.0,United States,3PL_East,Carrier_A,none,7.63,4.3,5,False,False,none
ORD007223,2025-04-06,Weighted Tee,1,43.2,United States,3PL_Central,Carrier_A,holiday_sale,4.99,4.5,5,False,False,none
ORD007224,2025-01-28,Signature Hoodie,4,302.6,United Kingdom,3PL_International,Passport_Global,influencer_drop,21.59,5.6,9,False,False,none
ORD007225,2025-05-03,Signature Hoodie,1,71.2,United States,3PL_West,Carrier_B,product_launch,5.4,4.4,5,False,False,none
ORD007226,2025-01-22,Cloud Sweatpants,1,78.0,United States,3PL_West,Carrier_A,none,5.68,4.8,5,False,False,none
ORD007227,2025-01-06,Weighted Tee,1,54.0,United States,3PL_Central,Carrier_D,none,6.72,1.0,5,False,False,none
ORD007228,2025-03-04,Signature Hoodie,1,71.2,United States,3PL_West,Carrier_C,email_drop,6.12,4.3,5,False,False,none
ORD007229,2025-02-08,Lounge Set,2,241.4,United States,3PL_Central,Carrier_B,product_launch,7.97,5.6,5,True,True,changed_mind
ORD007230,2025-06-29,Zip Hoodie,1,76.8,United States,3PL_East,Carrier_A,product_launch,4.65,5.7,5,True,False,none
ORD007231,2025-03-02,Signature Hoodie,1,89.0,United States,3PL_West,Carrier_C,none,6.01,2.9,5,False,False,none
ORD007232,2025-02-14,Lounge Set,1,142.0,United States,3PL_West,Carrier_C,none,5.5,3.2,5,False,False,none
ORD007233,2025-02-09,Cloud Sweatpants,1,78.0,United States,3PL_East,Carrier_D,none,7.49,1.5,5,False,False,none
ORD007234,2025-03-13,Signature Hoodie,2,151.3,United States,3PL_East,Carrier_A,email_drop,6.92,3.2,5,False,False,none
ORD007235,2025-04-22,Signature Hoodie,1,71.2,United States,3PL_East,Carrier_B,influencer_drop,4.4,4.4,5,False,False,none
ORD007236,2025-05-27,Signature Hoodie,4,302.6,Canada,3PL_International,Passport_Global,influencer_drop,20.62,5.8,9,False,False,none
ORD007237,2025-03-11,Signature Hoodie,4,356.0,United States,3PL_West,Carrier_D,none,10.46,3.9,5,False,False,none
ORD007238,2025-04-26,Zip Hoodie,4,326.4,United Kingdom,3PL_International,Passport_Global,product_launch,22.23,5.3,9,False,False,none
ORD007239,2025-03-29,Zip Hoodie,1,96.0,Canada,3PL_International,Passport_Global,none,17.56,7.2,9,False,False,none
ORD007240,2025-06-07,Lounge Set,2,284.0,United Kingdom,3PL_International,Passport_Global,none,19.32,4.1,9,False,False,none
ORD007241,2025-04-15,Cloud Sweatpants,3,234.0,United States,3PL_West,Carrier_C,none,7.74,3.1,5,False,False,none
ORD007242,2025-02-28,Signature Hoodie,1,89.0,Canada,3PL_International,Passport_Global,none,17.85,4.5,9,False,False,none
ORD007243,2025-05-12,Signature Hoodie,1,80.1,United States,3PL_West,Carrier_B,influencer_drop,5.52,2.2,5,False,False,none
ORD007244,2025-06-03,Lounge Set,2,284.0,United States,3PL_Central,Carrier_D,none,7.7,4.7,5,False,False,none
ORD007245,2025-03-27,Signature Hoodie,1,89.0,United States,3PL_West,Carrier_B,none,5.28,4.2,5,False,False,none
ORD007246,2025-06-29,Signature Hoodie,2,178.0,United States,3PL_East,Carrier_B,none,6.22,4.3,5,False,False,none
ORD007247,2025-06-12,Zip Hoodie,2,192.0,Australia,3PL_International,Passport_Global,none,18.9,5.5,9,False,False,none
ORD007248,2025-02-09,Zip Hoodie,2,172.8,United States,3PL_West,Carrier_B,email_drop,6.01,3.8,5,False,False,none
ORD007249,2025-05-29,Signature Hoodie,2,178.0,United States,3PL_West,Carrier_B,none,8.0,4.1,5,False,False,none
ORD007250,2025-04-21,Zip Hoodie,2,192.0,United States,3PL_East,Carrier_A,none,5.18,4.9,5,False,False,none
ORD007251,2025-04-08,Signature Hoodie,2,178.0,United States,3PL_West,Carrier_A,none,5.21,3.4,5,False,False,none
ORD007252,2025-04-04,Zip Hoodie,1,86.4,Canada,3PL_International,Passport_Global,influencer_drop,18.14,3.6,9,False,True,duplicate_order
ORD007253,2025-06-08,Zip Hoodie,4,384.0,United Kingdom,3PL_International,Passport_Global,none,21.91,5.5,9,False,False,none
ORD007254,2025-04-23,Zip Hoodie,1,96.0,United States,3PL_East,Carrier_A,none,6.69,3.9,5,False,False,none
ORD007255,2025-04-08,Signature Hoodie,4,356.0,United States,3PL_West,Carrier_B,none,8.64,2.3,5,False,False,none
ORD007256,2025-01-10,Cloud Sweatpants,4,312.0,United States,3PL_East,Carrier_C,none,8.85,2.3,5,False,False,none
ORD007257,2025-03-24,Signature Hoodie,3,267.0,United States,3PL_West,Carrier_A,none,8.1,5.9,5,True,False,none
ORD007258,2025-06-17,Cloud Sweatpants,3,234.0,United States,3PL_East,Carrier_B,none,8.82,4.3,5,False,False,none
ORD007259,2025-05-13,Weighted Tee,1,48.6,United States,3PL_Central,Carrier_A,email_drop,4.35,3.7,5,False,False,none
ORD007260,2025-01-11,Signature Hoodie,4,356.0,United States,3PL_West,Carrier_A,none,9.0,2.4,5,False,False,none
ORD007261,2025-06-13,Cloud Sweatpants,2,156.0,United States,3PL_East,Carrier_A,none,7.06,4.3,5,False,False,none
ORD007262,2025-06-04,Signature Hoodie,1,75.65,United States,3PL_East,Carrier_C,product_launch,5.13,6.4,5,True,False,none
ORD007263,2025-04-10,Cloud Sweatpants,2,156.0,United States,3PL_West,Carrier_B,none,6.9,4.4,5,False,False,none
ORD007264,2025-01-05,Cloud Sweatpants,2,156.0,United States,3PL_West,Carrier_D,none,7.86,2.3,5,False,False,none
ORD007265,2025-04-13,Cloud Sweatpants,1,78.0,United States,3PL_West,Carrier_C,none,6.38,3.6,5,False,False,none
ORD007266,2025-01-11,Zip Hoodie,1,96.0,Australia,3PL_International,Passport_Global,none,16.39,3.5,9,False,False,none
ORD007267,2025-03-05,Weighted Tee,1,54.0,United States,3PL_West,Carrier_A,none,5.19,3.4,5,False,False,none
ORD007268,2025-04-27,Lounge Set,4,511.2,Australia,3PL_International,Passport_Global,holiday_sale,21.7,3.9,9,False,False,none
ORD007269,2025-06-17,Weighted Tee,2,108.0,United States,3PL_East,Carrier_B,none,6.32,2.7,5,False,False,none
ORD007270,2025-03-10,Signature Hoodie,1,75.65,United States,3PL_East,Carrier_B,email_drop,6.08,3.3,5,False,False,none
ORD007271,2025-06-09,Weighted Tee,3,129.6,United States,3PL_East,Carrier_D,product_launch,9.56,3.4,5,False,False,none
ORD007272,2025-06-18,Signature Hoodie,2,178.0,United States,3PL_West,Carrier_B,none,6.79,4.5,5,False,False,none
ORD007273,2025-01-05,Signature Hoodie,1,71.2,United States,3PL_East,Carrier_A,email_drop,5.85,4.0,5,False,False,none
ORD007274,2025-02-17,Cloud Sweatpants,1,78.0,United States,3PL_West,Carrier_C,none,5.36,5.4,5,True,False,none
ORD007275,2025-05-13,Signature Hoodie,1,89.0,United States,3PL_East,Carrier_A,none,4.08,3.3,5,False,False,none
ORD007276,2025-05-23,Zip Hoodie,1,76.8,Canada,3PL_International,Passport_Global,holiday_sale,19.2,5.9,9,False,False,none
ORD007277,2025-03-15,Signature Hoodie,3,267.0,United States,3PL_East,Carrier_B,none,8.79,3.4,5,False,False,none
ORD007278,2025-05-02,Cloud Sweatpants,1,62.4,Canada,3PL_International,Passport_Global,product_launch,18.38,3.7,9,False,False,none
ORD007279,2025-04-23,Signature Hoodie,3,267.0,United States,3PL_East,Carrier_C,none,7.41,3.9,5,False,False,none
ORD007280,2025-05-19,Signature Hoodie,2,178.0,Germany,3PL_International,Passport_Global,none,19.31,3.8,9,False,False,none
ORD007281,2025-05-15,Lounge Set,1,142.0,United States,3PL_East,Carrier_C,none,4.02,4.2,5,False,False,none
ORD007282,2025-01-18,Cloud Sweatpants,3,234.0,Germany,3PL_International,Passport_Global,none,18.85,4.3,9,False,False,none
ORD007283,2025-02-01,Signature Hoodie,1,89.0,United States,3PL_Central,Carrier_B,none,7.33,1.1,5,False,False,none
ORD007284,2025-01-27,Zip Hoodie,4,384.0,United States,3PL_East,Carrier_B,none,7.86,2.8,5,False,False,none
ORD007285,2025-06-20,Lounge Set,1,142.0,United States,3PL_West,Carrier_C,none,5.16,2.8,5,False,False,none
ORD007286,2025-06-17,Cloud Sweatpants,2,156.0,United States,3PL_West,Carrier_A,none,6.67,4.1,5,False,False,none
ORD007287,2025-05-31,Signature Hoodie,1,75.65,United States,3PL_East,Carrier_B,product_launch,5.68,3.9,5,False,False,none
ORD007288,2025-01-24,Weighted Tee,2,108.0,United States,3PL_East,Carrier_A,none,6.55,5.8,5,True,False,none
ORD007289,2025-04-16,Signature Hoodie,3,267.0,United States,3PL_West,Carrier_B,none,7.4,4.6,5,False,False,none
ORD007290,2025-02-07,Signature Hoodie,3,226.95,United Kingdom,3PL_International,Passport_Global,influencer_drop,20.02,4.2,9,False,False,none
ORD007291,2025-03-12,Signature Hoodie,1,71.2,United States,3PL_East,Carrier_B,email_drop,6.31,4.2,5,False,False,none
ORD007292,2025-02-23,Signature Hoodie,1,75.65,United States,3PL_East,Carrier_B,holiday_sale,5.91,4.7,5,False,False,none
ORD007293,2025-06-05,Weighted Tee,1,48.6,United States,3PL_East,Carrier_A,product_launch,5.95,5.2,5,True,True,changed_mind
ORD007294,2025-01-30,Weighted Tee,3,162.0,United States,3PL_Central,Carrier_B,none,6.15,2.9,5,False,False,none
ORD007295,2025-04-30,Cloud Sweatpants,2,156.0,United States,3PL_Central,Carrier_C,none,6.97,3.4,5,False,False,none
ORD007296,2025-06-28,Zip Hoodie,3,230.4,United States,3PL_Central,Carrier_B,email_drop,7.8,4.1,5,False,False,none
ORD007297,2025-05-09,Lounge Set,2,284.0,United States,3PL_East,Carrier_D,none,7.84,2.4,5,False,False,none
ORD007298,2025-01-17,Cloud Sweatpants,2,124.8,United States,3PL_Central,Carrier_B,email_drop,8.02,4.4,5,False,False,none
ORD007299,2025-06-17,Zip Hoodie,1,96.0,United States,3PL_West,Carrier_A,none,4.23,4.1,5,False,False,none
ORD007300,2025-04-30,Weighted Tee,1,43.2,United States,3PL_West,Carrier_C,holiday_sale,5.37,4.3,5,False,False,none
ORD007301,2025-03-25,Signature Hoodie,2,142.4,United States,3PL_West,Carrier_B,email_drop,7.5,4.1,5,False,False,none
ORD007302,2025-05-03,Signature Hoodie,1,89.0,United States,3PL_West,Carrier_B,none,5.52,4.1,5,False,False,none
ORD007303,2025-06-12,Zip Hoodie,1,96.0,United States,3PL_East,Carrier_D,none,5.63,5.9,5,True,False,none
ORD007304,2025-03-28,Zip Hoodie,1,86.4,United Kingdom,3PL_International,Passport_Global,product_launch,18.95,6.9,9,False,False,none
ORD007305,2025-04-07,Signature Hoodie,2,160.2,United States,3PL_West,Carrier_D,email_drop,6.99,1.9,5,False,False,none
ORD007306,2025-03-25,Signature Hoodie,4,320.4,United States,3PL_East,Carrier_C,influencer_drop,7.89,7.0,5,True,False,none
ORD007307,2025-01-15,Zip Hoodie,3,259.2,United States,3PL_East,Carrier_B,influencer_drop,8.47,2.6,5,False,False,none
ORD007308,2025-05-29,Cloud Sweatpants,2,156.0,Germany,3PL_International,Passport_Global,none,18.18,5.5,9,False,False,none
ORD007309,2025-01-26,Lounge Set,3,426.0,United States,3PL_West,Carrier_B,none,7.5,3.4,5,False,False,none
ORD007310,2025-03-16,Lounge Set,2,284.0,Canada,3PL_International,Passport_Global,none,18.17,4.4,9,False,False,none
ORD007311,2025-03-15,Cloud Sweatpants,1,70.2,Canada,3PL_International,Passport_Global,email_drop,17.86,5.5,9,False,False,none
ORD007312,2025-02-26,Zip Hoodie,2,153.6,Germany,3PL_International,Passport_Global,email_drop,19.91,5.0,9,False,False,none
ORD007313,2025-03-17,Zip Hoodie,4,384.0,Canada,3PL_International,Passport_Global,none,19.99,6.4,9,False,False,none
ORD007314,2025-04-25,Signature Hoodie,3,213.6,United States,3PL_West,Carrier_A,product_launch,7.89,3.7,5,False,True,late_delivery
ORD007315,2025-03-03,Cloud Sweatpants,1,78.0,United States,3PL_East,Carrier_A,none,4.02,4.0,5,False,False,none
ORD007316,2025-02-04,Cloud Sweatpants,1,66.3,Australia,3PL_International,Passport_Global,influencer_drop,19.48,5.4,9,False,True,changed_mind
ORD007317,2025-06-11,Lounge Set,4,568.0,United States,3PL_West,Carrier_B,none,8.11,6.4,5,True,False,none
ORD007318,2025-06-26,Lounge Set,1,142.0,United States,3PL_Central,Carrier_A,none,5.85,4.5,5,False,False,none
ORD007319,2025-03-25,Signature Hoodie,4,356.0,United Kingdom,3PL_International,Passport_Global,none,21.48,3.3,9,False,False,none
ORD007320,2025-03-06,Lounge Set,2,241.4,United States,3PL_West,Carrier_C,email_drop,6.66,5.2,5,True,True,quality_issue
ORD007321,2025-01-10,Zip Hoodie,3,244.8,United States,3PL_West,Carrier_B,influencer_drop,7.35,3.8,5,False,False,none
ORD007322,2025-01-08,Signature Hoodie,1,89.0,United States,3PL_East,Carrier_A,none,4.3,3.4,5,False,False,none
ORD007323,2025-03-15,Cloud Sweatpants,2,156.0,United States,3PL_West,Carrier_A,none,7.73,4.8,5,False,False,none
ORD007324,2025-06-20,Lounge Set,1,142.0,United States,3PL_East,Carrier_A,none,4.65,4.3,5,False,False,none
ORD007325,2025-05-17,Signature Hoodie,1,89.0,United States,3PL_East,Carrier_D,none,7.11,3.1,5,False,False,none
ORD007326,2025-03-09,Zip Hoodie,2,192.0,Germany,3PL_International,Passport_Global,none,18.67,6.4,9,False,False,none
ORD007327,2025-06-26,Cloud Sweatpants,4,312.0,United Kingdom,3PL_International,Passport_Global,none,22.04,4.2,9,False,False,none
ORD007328,2025-03-21,Cloud Sweatpants,1,62.4,United States,3PL_East,Carrier_A,holiday_sale,7.22,3.7,5,False,False,none
ORD007329,2025-02-25,Cloud Sweatpants,1,66.3,Canada,3PL_International,Passport_Global,email_drop,17.25,5.0,9,False,False,none
ORD007330,2025-03-21,Cloud Sweatpants,4,312.0,United States,3PL_East,Carrier_C,none,8.96,1.0,5,False,True,late_delivery
ORD007331,2025-02-12,Lounge Set,4,454.4,United States,3PL_East,Carrier_A,influencer_drop,9.71,4.1,5,False,False,none
ORD007332,2025-06-13,Cloud Sweatpants,3,234.0,Australia,3PL_International,Passport_Global,none,21.16,4.6,9,False,False,none
ORD007333,2025-03-11,Signature Hoodie,4,320.4,Australia,3PL_International,Passport_Global,product_launch,21.13,4.5,9,False,False,none
ORD007334,2025-05-03,Cloud Sweatpants,4,312.0,United States,3PL_West,Carrier_C,none,8.76,3.6,5,False,False,none
ORD007335,2025-03-15,Zip Hoodie,4,384.0,United States,3PL_East,Carrier_B,none,9.88,4.2,5,False,False,none
ORD007336,2025-06-16,Cloud Sweatpants,4,280.8,United States,3PL_West,Carrier_A,email_drop,7.37,3.9,5,False,False,none
ORD007337,2025-04-29,Zip Hoodie,3,288.0,United States,3PL_East,Carrier_A,none,8.43,3.9,5,False,False,none
ORD007338,2025-03-30,Signature Hoodie,1,80.1,United States,3PL_East,Carrier_C,holiday_sale,4.76,4.6,5,False,True,changed_mind
ORD007339,2025-01-27,Cloud Sweatpants,2,140.4,United States,3PL_West,Carrier_C,product_launch,6.67,4.0,5,False,False,none
ORD007340,2025-06-16,Lounge Set,1,120.7,Canada,3PL_International,Passport_Global,email_drop,17.85,5.3,9,False,False,none
ORD007341,2025-04-10,Cloud Sweatpants,2,156.0,United States,3PL_East,Carrier_A,none,6.06,4.2,5,False,False,none
ORD007342,2025-02-27,Zip Hoodie,2,192.0,United States,3PL_East,Carrier_B,none,6.8,6.7,5,True,False,none
ORD007343,2025-06-12,Zip Hoodie,1,96.0,United States,3PL_West,Carrier_A,none,5.11,5.1,5,True,False,none
ORD007344,2025-01-11,Zip Hoodie,1,96.0,United States,3PL_East,Carrier_B,none,6.21,3.6,5,False,False,none
ORD007345,2025-03-04,Signature Hoodie,2,151.3,United States,3PL_West,Carrier_C,product_launch,5.94,2.5,5,False,False,none
ORD007346,2025-04-08,Zip Hoodie,4,384.0,United States,3PL_West,Carrier_A,none,8.01,3.0,5,False,False,none
ORD007347,2025-03-08,Cloud Sweatpants,4,312.0,United States,3PL_East,Carrier_C,none,8.94,1.0,5,False,False,none
ORD007348,2025-03-28,Cloud Sweatpants,1,78.0,United States,3PL_West,Carrier_D,none,7.14,4.3,5,False,False,none
ORD007349,2025-02-23,Cloud Sweatpants,2,140.4,United States,3PL_Central,Carrier_D,product_launch,9.56,3.8,5,False,False,none
ORD007350,2025-01-26,Cloud Sweatpants,2,132.6,United States,3PL_Central,Carrier_A,product_launch,6.53,3.9,5,False,False,none
ORD007351,2025-01-08,Signature Hoodie,1,89.0,Canada,3PL_International,Passport_Global,none,17.8,5.4,9,False,False,none
ORD007352,2025-02-01,Zip Hoodie,2,192.0,United States,3PL_Central,Carrier_A,none,5.58,3.9,5,False,False,none
ORD007353,2025-06-23,Cloud Sweatpants,1,62.4,United States,3PL_East,Carrier_B,influencer_drop,5.55,3.8,5,False,False,none
ORD007354,2025-04-16,Signature Hoodie,4,356.0,United States,3PL_East,Carrier_B,none,7.94,3.6,5,False,False,none
ORD007355,2025-03-30,Signature Hoodie,4,284.8,United States,3PL_East,Carrier_A,product_launch,8.7,4.8,5,False,False,none
ORD007356,2025-03-14,Zip Hoodie,2,172.8,United States,3PL_East,Carrier_B,holiday_sale,5.82,6.7,5,True,False,none
ORD007357,2025-05-13,Cloud Sweatpants,2,124.8,United States,3PL_East,Carrier_D,influencer_drop,8.76,4.8,5,False,False,none
ORD007358,2025-01-29,Zip Hoodie,2,192.0,United States,3PL_East,Carrier_A,none,6.46,5.1,5,True,False,none
ORD007359,2025-02-25,Cloud Sweatpants,4,249.6,United States,3PL_West,Carrier_B,email_drop,9.77,4.3,5,False,False,none
ORD007360,2025-05-02,Lounge Set,1,127.8,United States,3PL_West,Carrier_C,product_launch,4.6,3.0,5,False,False,none
ORD007361,2025-03-29,Signature Hoodie,4,356.0,Australia,3PL_International,Passport_Global,none,21.28,4.5,9,False,False,none
ORD007362,2025-05-25,Zip Hoodie,2,172.8,United States,3PL_West,Carrier_D,holiday_sale,8.45,2.8,5,False,False,none
ORD007363,2025-06-15,Signature Hoodie,1,89.0,United States,3PL_East,Carrier_D,none,7.08,4.2,5,False,False,none
ORD007364,2025-06-04,Signature Hoodie,3,226.95,United States,3PL_West,Carrier_A,product_launch,8.56,5.8,5,True,False,none
ORD007365,2025-02-07,Weighted Tee,1,48.6,Canada,3PL_International,Passport_Global,email_drop,17.74,5.4,9,False,True,changed_mind
ORD007366,2025-01-19,Lounge Set,2,284.0,United States,3PL_East,Carrier_A,none,5.71,5.1,5,True,True,fit_issue
ORD007367,2025-02-03,Signature Hoodie,4,356.0,United States,3PL_Central,Carrier_D,none,10.96,3.7,5,False,False,none
ORD007368,2025-05-28,Signature Hoodie,3,267.0,United States,3PL_West,Carrier_A,none,9.12,5.7,5,True,False,none
ORD007369,2025-06-17,Lounge Set,2,284.0,United States,3PL_West,Carrier_B,none,5.99,4.3,5,False,False,none
ORD007370,2025-06-19,Signature Hoodie,1,71.2,Canada,3PL_International,Passport_Global,holiday_sale,17.73,6.7,9,False,False,none
ORD007371,2025-03-01,Weighted Tee,4,216.0,Canada,3PL_International,Passport_Global,none,21.4,5.1,9,False,False,none
ORD007372,2025-06-06,Signature Hoodie,1,71.2,United States,3PL_West,Carrier_C,product_launch,6.14,5.8,5,True,False,none
ORD007373,2025-04-08,Cloud Sweatpants,1,78.0,United States,3PL_West,Carrier_A,none,5.99,3.7,5,False,True,quality_issue
ORD007374,2025-06-04,Signature Hoodie,4,302.6,United States,3PL_East,Carrier_C,email_drop,8.94,2.1,5,False,True,quality_issue
ORD007375,2025-04-11,Cloud Sweatpants,1,62.4,United States,3PL_East,Carrier_C,product_launch,5.06,3.5,5,False,False,none
ORD007376,2025-01-30,Signature Hoodie,1,71.2,United Kingdom,3PL_International,Passport_Global,email_drop,17.41,4.0,9,False,False,none
ORD007377,2025-01-17,Cloud Sweatpants,1,66.3,United States,3PL_Central,Carrier_C,holiday_sale,5.78,3.5,5,False,False,none
ORD007378,2025-06-24,Lounge Set,2,227.2,United Kingdom,3PL_International,Passport_Global,product_launch,18.37,5.3,9,False,False,none
ORD007379,2025-03-21,Signature Hoodie,4,320.4,United Kingdom,3PL_International,Passport_Global,email_drop,20.14,4.3,9,False,False,none
ORD007380,2025-03-09,Zip Hoodie,2,163.2,United States,3PL_East,Carrier_A,influencer_drop,6.36,3.4,5,False,False,none
ORD007381,2025-03-10,Signature Hoodie,4,356.0,United States,3PL_West,Carrier_A,none,8.43,5.4,5,True,False,none
ORD007382,2025-03-14,Zip Hoodie,4,384.0,United States,3PL_Central,Carrier_A,none,8.54,5.6,5,True,False,none
ORD007383,2025-06-22,Signature Hoodie,4,356.0,United States,3PL_West,Carrier_A,none,9.27,2.8,5,False,False,none
ORD007384,2025-01-13,Zip Hoodie,1,76.8,United States,3PL_East,Carrier_B,influencer_drop,5.47,2.7,5,False,False,none
ORD007385,2025-01-24,Lounge Set,1,127.8,United States,3PL_Central,Carrier_B,email_drop,5.21,3.3,5,False,False,none
ORD007386,2025-05-29,Lounge Set,1,142.0,United States,3PL_Central,Carrier_B,none,4.45,4.1,5,False,False,none
ORD007387,2025-04-11,Lounge Set,2,241.4,United States,3PL_West,Carrier_C,product_launch,6.22,5.0,5,False,True,changed_mind
ORD007388,2025-01-26,Signature Hoodie,4,356.0,Australia,3PL_International,Passport_Global,none,19.95,3.3,9,False,False,none
ORD007389,2025-01-07,Signature Hoodie,1,80.1,United States,3PL_West,Carrier_B,product_launch,4.78,5.1,5,True,False,none
ORD007390,2025-02-15,Signature Hoodie,2,178.0,United States,3PL_West,Carrier_A,none,5.9,2.9,5,False,False,none
ORD007391,2025-02-22,Zip Hoodie,1,96.0,United States,3PL_Central,Carrier_C,none,5.41,3.2,5,False,False,none
ORD007392,2025-01-03,Signature Hoodie,2,151.3,United States,3PL_West,Carrier_B,email_drop,6.59,3.4,5,False,False,none
ORD007393,2025-02-13,Lounge Set,3,426.0,Australia,3PL_International,Passport_Global,none,19.9,4.6,9,False,True,changed_mind
ORD007394,2025-05-19,Weighted Tee,1,43.2,United States,3PL_East,Carrier_A,email_drop,4.49,5.2,5,True,False,none
ORD007395,2025-06-08,Signature Hoodie,1,80.1,United States,3PL_East,Carrier_A,influencer_drop,4.02,3.5,5,False,False,none
ORD007396,2025-06-15,Signature Hoodie,1,71.2,United States,3PL_East,Carrier_B,influencer_drop,6.48,4.8,5,False,False,none
ORD007397,2025-03-15,Cloud Sweatpants,3,234.0,Germany,3PL_International,Passport_Global,none,19.42,6.1,9,False,False,none
ORD007398,2025-03-04,Cloud Sweatpants,4,312.0,United States,3PL_Central,Carrier_C,none,8.62,4.2,5,False,False,none
ORD007399,2025-06-30,Cloud Sweatpants,2,156.0,Australia,3PL_International,Passport_Global,none,18.56,5.5,9,False,False,none
ORD007400,2025-05-25,Signature Hoodie,2,178.0,United States,3PL_West,Carrier_D,none,9.04,3.1,5,False,False,none
ORD007401,2025-04-08,Lounge Set,1,142.0,Australia,3PL_International,Passport_Global,none,18.03,2.3,9,False,False,none
ORD007402,2025-02-21,Zip Hoodie,4,384.0,United States,3PL_East,Carrier_B,none,8.28,3.4,5,False,False,none
ORD007403,2025-03-05,Signature Hoodie,4,284.8,United Kingdom,3PL_International,Passport_Global,holiday_sale,21.66,7.2,9,False,False,none
ORD007404,2025-04-04,Signature Hoodie,4,284.8,United States,3PL_West,Carrier_A,product_launch,7.77,5.2,5,True,False,none
ORD007405,2025-04-09,Zip Hoodie,4,345.6,United States,3PL_East,Carrier_C,influencer_drop,8.77,5.6,5,True,False,none
ORD007406,2025-01-03,Signature Hoodie,2,178.0,United States,3PL_West,Carrier_A,none,4.15,4.0,5,False,False,none
ORD007407,2025-06-24,Lounge Set,4,568.0,United States,3PL_West,Carrier_B,none,9.1,4.1,5,False,False,none
ORD007408,2025-04-16,Cloud Sweatpants,2,156.0,United States,3PL_West,Carrier_D,none,8.01,3.2,5,False,False,none
ORD007409,2025-04-19,Weighted Tee,2,108.0,United States,3PL_East,Carrier_A,none,6.37,3.7,5,False,False,none
ORD007410,2025-02-12,Lounge Set,2,284.0,United Kingdom,3PL_International,Passport_Global,none,19.92,4.2,9,False,False,none
ORD007411,2025-05-24,Lounge Set,1,127.8,United States,3PL_East,Carrier_A,product_launch,4.8,4.2,5,False,False,none
ORD007412,2025-05-18,Zip Hoodie,3,259.2,United States,3PL_West,Carrier_A,email_drop,7.13,4.6,5,False,False,none
ORD007413,2025-01-19,Cloud Sweatpants,1,78.0,United States,3PL_East,Carrier_B,none,4.21,3.0,5,False,False,none
ORD007414,2025-04-20,Signature Hoodie,2,160.2,United States,3PL_West,Carrier_C,email_drop,6.59,2.6,5,False,False,none
ORD007415,2025-05-03,Zip Hoodie,3,244.8,United States,3PL_West,Carrier_A,product_launch,7.65,5.9,5,True,False,none
ORD007416,2025-06-06,Cloud Sweatpants,1,78.0,United States,3PL_Central,Carrier_B,none,5.98,6.2,5,True,False,none
ORD007417,2025-02-11,Cloud Sweatpants,1,66.3,United States,3PL_Central,Carrier_C,influencer_drop,5.37,3.8,5,False,False,none
ORD007418,2025-06-12,Cloud Sweatpants,4,312.0,Canada,3PL_International,Passport_Global,none,21.52,4.5,9,False,False,none
ORD007419,2025-03-26,Signature Hoodie,1,89.0,United States,3PL_East,Carrier_D,none,7.62,3.5,5,False,False,none
ORD007420,2025-01-20,Cloud Sweatpants,2,140.4,United States,3PL_East,Carrier_C,holiday_sale,6.84,3.9,5,False,False,none
ORD007421,2025-01-22,Signature Hoodie,2,178.0,United States,3PL_West,Carrier_A,none,6.44,3.5,5,False,False,none
ORD007422,2025-02-09,Cloud Sweatpants,4,249.6,United States,3PL_West,Carrier_A,email_drop,9.28,3.6,5,False,False,none
ORD007423,2025-02-26,Cloud Sweatpants,2,156.0,United Kingdom,3PL_International,Passport_Global,none,19.47,5.5,9,False,False,none
ORD007424,2025-03-31,Lounge Set,1,142.0,Canada,3PL_International,Passport_Global,none,18.6,5.8,9,False,False,none
ORD007425,2025-05-21,Cloud Sweatpants,1,70.2,United Kingdom,3PL_International,Passport_Global,email_drop,19.62,4.6,9,False,False,none
ORD007426,2025-02-07,Lounge Set,2,227.2,United States,3PL_West,Carrier_C,holiday_sale,5.75,3.5,5,False,False,none
ORD007427,2025-06-29,Weighted Tee,2,86.4,United States,3PL_West,Carrier_B,influencer_drop,6.96,3.7,5,False,False,none
ORD007428,2025-02-02,Signature Hoodie,2,142.4,United States,3PL_East,Carrier_B,email_drop,6.54,4.2,5,False,False,none
ORD007429,2025-04-21,Cloud Sweatpants,3,234.0,United States,3PL_West,Carrier_B,none,7.86,3.0,5,False,False,none
ORD007430,2025-06-20,Signature Hoodie,3,267.0,United States,3PL_West,Carrier_A,none,8.31,2.8,5,False,False,none
ORD007431,2025-06-05,Lounge Set,2,241.4,United States,3PL_West,Carrier_A,email_drop,6.73,4.2,5,False,False,none
ORD007432,2025-05-01,Cloud Sweatpants,1,78.0,United States,3PL_West,Carrier_D,none,6.35,4.2,5,False,False,none
ORD007433,2025-05-14,Signature Hoodie,1,89.0,United States,3PL_East,Carrier_A,none,4.98,3.7,5,False,False,none
ORD007434,2025-01-27,Signature Hoodie,1,75.65,United States,3PL_West,Carrier_B,product_launch,5.86,4.9,5,False,False,none
ORD007435,2025-01-03,Zip Hoodie,4,384.0,United States,3PL_West,Carrier_A,none,8.23,3.1,5,False,True,fit_issue
ORD007436,2025-03-22,Signature Hoodie,3,267.0,United States,3PL_East,Carrier_A,none,6.82,3.3,5,False,False,none
ORD007437,2025-01-18,Signature Hoodie,4,320.4,United States,3PL_West,Carrier_A,holiday_sale,8.61,5.0,5,False,False,none
ORD007438,2025-03-10,Lounge Set,4,568.0,United States,3PL_West,Carrier_A,none,7.69,3.8,5,False,False,none
ORD007439,2025-02-14,Signature Hoodie,1,71.2,United States,3PL_East,Carrier_C,email_drop,4.79,4.5,5,False,False,none
ORD007440,2025-06-18,Zip Hoodie,1,96.0,United States,3PL_East,Carrier_A,none,6.95,3.8,5,False,False,none
ORD007441,2025-06-12,Zip Hoodie,2,192.0,United Kingdom,3PL_International,Passport_Global,none,18.51,3.8,9,False,False,none
ORD007442,2025-06-03,Signature Hoodie,1,75.65,Australia,3PL_International,Passport_Global,email_drop,18.11,4.1,9,False,False,none
ORD007443,2025-05-14,Signature Hoodie,4,356.0,United States,3PL_Central,Carrier_B,none,8.19,2.1,5,False,False,none
ORD007444,2025-01-31,Signature Hoodie,2,142.4,United States,3PL_East,Carrier_A,email_drop,7.05,5.0,5,False,False,none
ORD007445,2025-01-10,Weighted Tee,1,54.0,Canada,3PL_International,Passport_Global,none,17.59,4.7,9,False,False,none
ORD007446,2025-05-02,Zip Hoodie,1,96.0,Canada,3PL_International,Passport_Global,none,18.43,5.8,9,False,False,none
ORD007447,2025-04-29,Signature Hoodie,1,89.0,United States,3PL_East,Carrier_A,none,5.14,3.9,5,False,False,none
ORD007448,2025-03-12,Lounge Set,1,142.0,Australia,3PL_International,Passport_Global,none,17.43,4.3,9,False,False,none
ORD007449,2025-03-28,Signature Hoodie,1,89.0,Canada,3PL_International,Passport_Global,none,17.68,4.9,9,False,False,none
ORD007450,2025-03-30,Signature Hoodie,2,160.2,United Kingdom,3PL_International,Passport_Global,influencer_drop,18.95,3.8,9,False,False,none
ORD007451,2025-02-18,Signature Hoodie,4,356.0,United States,3PL_West,Carrier_A,none,9.03,3.2,5,False,False,none
ORD007452,2025-03-04,Zip Hoodie,2,192.0,United States,3PL_West,Carrier_B,none,5.99,3.6,5,False,False,none
ORD007453,2025-03-19,Cloud Sweatpants,1,78.0,United States,3PL_East,Carrier_A,none,4.68,3.5,5,False,False,none
ORD007454,2025-04-22,Zip Hoodie,1,96.0,United States,3PL_West,Carrier_B,none,4.27,2.9,5,False,False,none
ORD007455,2025-06-24,Signature Hoodie,3,267.0,United States,3PL_East,Carrier_D,none,9.03,3.0,5,False,False,none
ORD007456,2025-04-09,Lounge Set,1,120.7,United States,3PL_West,Carrier_C,holiday_sale,4.05,3.8,5,False,False,none
ORD007457,2025-05-17,Lounge Set,2,255.6,United Kingdom,3PL_International,Passport_Global,email_drop,17.93,4.0,9,False,False,none
ORD007458,2025-06-01,Cloud Sweatpants,4,280.8,United States,3PL_Central,Carrier_B,email_drop,8.66,2.6,5,False,False,none
ORD007459,2025-01-23,Signature Hoodie,1,89.0,United States,3PL_Central,Carrier_D,none,7.67,2.4,5,False,False,none
ORD007460,2025-05-02,Zip Hoodie,2,192.0,United States,3PL_Central,Carrier_C,none,6.28,2.5,5,False,True,changed_mind
ORD007461,2025-03-29,Signature Hoodie,2,160.2,Australia,3PL_International,Passport_Global,influencer_drop,20.54,4.1,9,False,True,late_delivery
ORD007462,2025-04-15,Signature Hoodie,3,267.0,Australia,3PL_International,Passport_Global,none,20.34,5.7,9,False,False,none
ORD007463,2025-01-08,Zip Hoodie,3,244.8,United States,3PL_West,Carrier_D,email_drop,9.66,5.5,5,True,False,none
ORD007464,2025-06-16,Cloud Sweatpants,1,62.4,United States,3PL_East,Carrier_A,product_launch,4.49,3.2,5,False,True,fit_issue
ORD007465,2025-06-23,Lounge Set,2,284.0,United States,3PL_West,Carrier_B,none,7.02,5.0,5,False,False,none
ORD007466,2025-01-01,Signature Hoodie,3,213.6,United States,3PL_West,Carrier_B,influencer_drop,8.16,6.0,5,True,False,none
ORD007467,2025-02-12,Signature Hoodie,3,267.0,Canada,3PL_International,Passport_Global,none,19.34,4.3,9,False,False,none
ORD007468,2025-02-06,Zip Hoodie,3,288.0,Australia,3PL_International,Passport_Global,none,20.13,4.7,9,False,False,none
ORD007469,2025-05-27,Zip Hoodie,2,192.0,United States,3PL_East,Carrier_C,none,7.77,5.8,5,True,False,none
ORD007470,2025-04-20,Cloud Sweatpants,1,78.0,United States,3PL_East,Carrier_A,none,5.61,3.7,5,False,False,none
ORD007471,2025-02-05,Cloud Sweatpants,1,78.0,United States,3PL_East,Carrier_B,none,6.08,5.3,5,True,False,none
ORD007472,2025-06-02,Signature Hoodie,2,151.3,United States,3PL_West,Carrier_D,email_drop,8.08,4.2,5,False,False,none
ORD007473,2025-03-09,Cloud Sweatpants,1,62.4,United States,3PL_West,Carrier_A,email_drop,4.0,4.7,5,False,False,none
ORD007474,2025-03-26,Weighted Tee,2,108.0,United States,3PL_East,Carrier_A,none,6.93,5.1,5,True,False,none
ORD007475,2025-03-15,Signature Hoodie,2,178.0,United Kingdom,3PL_International,Passport_Global,none,18.82,5.9,9,False,False,none
ORD007476,2025-04-05,Cloud Sweatpants,2,140.4,United States,3PL_East,Carrier_B,email_drop,6.74,3.2,5,False,False,none
ORD007477,2025-03-29,Signature Hoodie,1,89.0,United States,3PL_Central,Carrier_A,none,5.44,4.6,5,False,False,none
ORD007478,2025-02-25,Signature Hoodie,3,226.95,United States,3PL_East,Carrier_C,holiday_sale,7.07,3.6,5,False,False,none
ORD007479,2025-03-20,Zip Hoodie,2,192.0,Canada,3PL_International,Passport_Global,none,19.0,3.0,9,False,False,none
ORD007480,2025-06-17,Cloud Sweatpants,1,70.2,Canada,3PL_International,Passport_Global,product_launch,17.29,4.5,9,False,False,none
ORD007481,2025-04-01,Signature Hoodie,1,89.0,Canada,3PL_International,Passport_Global,none,16.98,5.3,9,False,False,none
ORD007482,2025-06-18,Cloud Sweatpants,2,156.0,United States,3PL_West,Carrier_B,none,7.18,3.4,5,False,True,changed_mind
ORD007483,2025-04-11,Signature Hoodie,2,151.3,United States,3PL_Central,Carrier_B,email_drop,5.87,4.8,5,False,False,none
ORD007484,2025-05-25,Signature Hoodie,4,356.0,United States,3PL_East,Carrier_D,none,10.53,3.8,5,False,False,none
ORD007485,2025-02-28,Zip Hoodie,1,96.0,Australia,3PL_International,Passport_Global,none,17.09,3.0,9,False,False,none
ORD007486,2025-05-29,Signature Hoodie,1,89.0,United States,3PL_West,Carrier_A,none,6.56,3.9,5,False,False,none
ORD007487,2025-02-23,Cloud Sweatpants,4,280.8,United States,3PL_East,Carrier_B,email_drop,9.24,2.5,5,False,False,none
ORD007488,2025-01-04,Cloud Sweatpants,1,78.0,United States,3PL_East,Carrier_B,none,4.6,4.4,5,False,False,none
ORD007489,2025-02-02,Lounge Set,4,568.0,United States,3PL_East,Carrier_B,none,8.85,3.9,5,False,False,none
ORD007490,2025-01-05,Signature Hoodie,1,89.0,United States,3PL_East,Carrier_A,none,5.42,3.5,5,False,False,none
ORD007491,2025-06-22,Cloud Sweatpants,1,78.0,United States,3PL_East,Carrier_A,none,5.49,4.8,5,False,False,none
ORD007492,2025-06-30,Signature Hoodie,4,320.4,United States,3PL_Central,Carrier_C,product_launch,8.36,3.5,5,False,False,none
ORD007493,2025-05-24,Signature Hoodie,1,89.0,United States,3PL_East,Carrier_A,none,4.86,1.8,5,False,False,none
ORD007494,2025-01-22,Signature Hoodie,1,89.0,United States,3PL_Central,Carrier_A,none,6.58,2.6,5,False,False,none
ORD007495,2025-06-15,Zip Hoodie,2,192.0,United States,3PL_West,Carrier_D,none,7.63,2.2,5,False,False,none
ORD007496,2025-05-20,Signature Hoodie,1,89.0,United States,3PL_West,Carrier_C,none,4.57,2.5,5,False,False,none
ORD007497,2025-03-06,Weighted Tee,1,48.6,United States,3PL_West,Carrier_A,product_launch,3.94,5.2,5,True,False,none
ORD007498,2025-04-01,Cloud Sweatpants,2,156.0,United States,3PL_Central,Carrier_A,none,6.35,5.0,5,False,False,none
ORD007499,2025-05-03,Lounge Set,4,511.2,United States,3PL_Central,Carrier_B,email_drop,7.82,2.3,5,False,False,none
ORD007500,2025-01-05,Signature Hoodie,3,267.0,United States,3PL_East,Carrier_B,none,9.46,2.1,5,False,False,none
ORD007501,2025-04-01,Signature Hoodie,4,302.6,United States,3PL_East,Carrier_A,email_drop,7.76,3.8,5,False,False,none
ORD007502,2025-05-17,Zip Hoodie,2,192.0,United States,3PL_East,Carrier_C,none,5.93,4.2,5,False,False,none
ORD007503,2025-02-07,Signature Hoodie,2,178.0,United States,3PL_East,Carrier_A,none,8.29,3.9,5,False,True,late_delivery
ORD007504,2025-03-23,Cloud Sweatpants,4,312.0,United States,3PL_East,Carrier_A,none,9.71,4.5,5,False,False,none
ORD007505,2025-04-07,Lounge Set,2,284.0,Canada,3PL_International,Passport_Global,none,17.49,4.0,9,False,False,none
ORD007506,2025-05-18,Zip Hoodie,1,86.4,United States,3PL_East,Carrier_C,product_launch,5.41,5.4,5,True,False,none
ORD007507,2025-06-25,Lounge Set,1,120.7,United States,3PL_Central,Carrier_C,influencer_drop,5.59,4.0,5,False,False,none
ORD007508,2025-06-07,Signature Hoodie,2,178.0,United States,3PL_West,Carrier_A,none,5.76,5.1,5,True,False,none
ORD007509,2025-04-25,Zip Hoodie,4,384.0,United Kingdom,3PL_International,Passport_Global,none,21.74,3.3,9,False,False,none
ORD007510,2025-04-18,Zip Hoodie,2,163.2,United States,3PL_West,Carrier_A,email_drop,5.41,4.7,5,False,False,none
ORD007511,2025-04-22,Zip Hoodie,1,96.0,United States,3PL_West,Carrier_A,none,4.03,4.6,5,False,False,none
ORD007512,2025-04-10,Cloud Sweatpants,1,78.0,United States,3PL_East,Carrier_B,none,6.16,1.5,5,False,False,none
ORD007513,2025-01-12,Zip Hoodie,2,172.8,United States,3PL_East,Carrier_B,email_drop,7.0,2.6,5,False,False,none
ORD007514,2025-05-11,Lounge Set,4,568.0,United States,3PL_East,Carrier_C,none,10.32,2.3,5,False,False,none
ORD007515,2025-05-14,Signature Hoodie,1,89.0,United States,3PL_East,Carrier_D,none,7.11,2.9,5,False,False,none
ORD007516,2025-04-04,Signature Hoodie,2,178.0,United States,3PL_West,Carrier_B,none,7.79,3.9,5,False,False,none
ORD007517,2025-06-11,Signature Hoodie,1,89.0,United States,3PL_East,Carrier_C,none,4.94,2.0,5,False,False,none
ORD007518,2025-05-05,Signature Hoodie,1,75.65,United States,3PL_East,Carrier_A,email_drop,6.31,4.9,5,False,False,none
ORD007519,2025-03-11,Zip Hoodie,1,86.4,Canada,3PL_International,Passport_Global,email_drop,19.29,6.0,9,False,False,none
ORD007520,2025-01-04,Cloud Sweatpants,1,62.4,United States,3PL_West,Carrier_A,product_launch,4.66,5.5,5,True,False,none
ORD007521,2025-01-12,Signature Hoodie,2,178.0,United States,3PL_East,Carrier_B,none,5.11,2.8,5,False,False,none
ORD007522,2025-03-09,Lounge Set,1,127.8,United States,3PL_East,Carrier_A,email_drop,5.57,4.1,5,False,False,none
ORD007523,2025-03-26,Lounge Set,2,241.4,United States,3PL_East,Carrier_B,product_launch,6.7,6.2,5,True,False,none
ORD007524,2025-02-03,Cloud Sweatpants,4,280.8,Canada,3PL_International,Passport_Global,email_drop,21.12,5.3,9,False,False,none
ORD007525,2025-02-08,Cloud Sweatpants,1,70.2,United States,3PL_West,Carrier_A,product_launch,6.17,2.2,5,False,False,none
ORD007526,2025-02-16,Signature Hoodie,1,71.2,United States,3PL_West,Carrier_C,product_launch,4.49,3.0,5,False,False,none
ORD007527,2025-05-27,Cloud Sweatpants,3,210.6,Canada,3PL_International,Passport_Global,influencer_drop,20.0,3.8,9,False,False,none
ORD007528,2025-05-25,Cloud Sweatpants,4,265.2,Canada,3PL_International,Passport_Global,product_launch,20.62,5.0,9,False,False,none
ORD007529,2025-03-14,Signature Hoodie,4,320.4,United States,3PL_East,Carrier_A,email_drop,10.15,1.5,5,False,False,none
ORD007530,2025-02-04,Zip Hoodie,1,96.0,United States,3PL_East,Carrier_C,none,6.01,3.6,5,False,False,none
ORD007531,2025-01-23,Cloud Sweatpants,1,62.4,United States,3PL_Central,Carrier_A,holiday_sale,4.83,2.3,5,False,False,none
ORD007532,2025-01-18,Signature Hoodie,4,284.8,Australia,3PL_International,Passport_Global,influencer_drop,21.28,4.4,9,False,False,none
ORD007533,2025-03-15,Zip Hoodie,2,192.0,United States,3PL_West,Carrier_A,none,6.4,3.8,5,False,False,none
ORD007534,2025-01-10,Cloud Sweatpants,3,234.0,Australia,3PL_International,Passport_Global,none,19.04,6.3,9,False,False,none
ORD007535,2025-03-07,Signature Hoodie,1,89.0,United States,3PL_West,Carrier_A,none,6.66,4.0,5,False,False,none
ORD007536,2025-06-25,Signature Hoodie,1,75.65,Canada,3PL_International,Passport_Global,holiday_sale,17.45,4.9,9,False,False,none
ORD007537,2025-04-02,Signature Hoodie,1,89.0,United States,3PL_East,Carrier_B,none,7.86,4.9,5,False,False,none
ORD007538,2025-06-04,Cloud Sweatpants,1,78.0,Australia,3PL_International,Passport_Global,none,17.82,5.3,9,False,False,none
ORD007539,2025-01-26,Signature Hoodie,4,356.0,Canada,3PL_International,Passport_Global,none,22.24,4.3,9,False,False,none
ORD007540,2025-02-23,Signature Hoodie,3,267.0,Canada,3PL_International,Passport_Global,none,20.12,4.0,9,False,False,none
ORD007541,2025-06-22,Lounge Set,1,113.6,Australia,3PL_International,Passport_Global,product_launch,18.04,6.8,9,False,False,none
ORD007542,2025-03-14,Lounge Set,1,142.0,Canada,3PL_International,Passport_Global,none,17.46,4.0,9,False,False,none
ORD007543,2025-05-01,Cloud Sweatpants,1,78.0,United States,3PL_Central,Carrier_B,none,3.96,2.8,5,False,False,none
ORD007544,2025-06-27,Lounge Set,1,142.0,United States,3PL_Central,Carrier_A,none,6.73,2.8,5,False,False,none
ORD007545,2025-04-11,Cloud Sweatpants,3,187.2,Canada,3PL_International,Passport_Global,influencer_drop,19.61,4.4,9,False,False,none
ORD007546,2025-03-02,Signature Hoodie,3,213.6,United States,3PL_East,Carrier_B,email_drop,8.87,4.8,5,False,False,none
ORD007547,2025-04-07,Cloud Sweatpants,2,156.0,United States,3PL_East,Carrier_B,none,8.22,3.7,5,False,False,none
ORD007548,2025-01-11,Signature Hoodie,4,356.0,United States,3PL_West,Carrier_C,none,8.32,4.5,5,False,False,none
ORD007549,2025-01-23,Cloud Sweatpants,4,249.6,United Kingdom,3PL_International,Passport_Global,holiday_sale,20.57,3.3,9,False,False,none
ORD007550,2025-01-02,Weighted Tee,3,137.7,United States,3PL_West,Carrier_A,influencer_drop,7.23,2.5,5,False,False,none
ORD007551,2025-06-13,Signature Hoodie,1,75.65,United States,3PL_East,Carrier_C,email_drop,3.87,4.6,5,False,False,none
ORD007552,2025-05-05,Signature Hoodie,4,356.0,United States,3PL_Central,Carrier_C,none,9.13,3.0,5,False,True,changed_mind
ORD007553,2025-03-01,Signature Hoodie,4,302.6,Canada,3PL_International,Passport_Global,product_launch,22.28,5.6,9,False,False,none
ORD007554,2025-02-14,Lounge Set,2,241.4,United States,3PL_Central,Carrier_B,email_drop,5.79,5.2,5,True,False,none
ORD007555,2025-05-08,Signature Hoodie,2,178.0,United States,3PL_West,Carrier_C,none,6.92,3.5,5,False,False,none
ORD007556,2025-06-18,Lounge Set,3,340.8,United States,3PL_West,Carrier_A,product_launch,7.52,5.6,5,True,True,quality_issue
ORD007557,2025-03-01,Signature Hoodie,2,160.2,United States,3PL_East,Carrier_B,holiday_sale,6.37,3.0,5,False,False,none
ORD007558,2025-03-05,Zip Hoodie,1,76.8,United States,3PL_East,Carrier_D,email_drop,7.18,3.6,5,False,False,none
ORD007559,2025-06-08,Signature Hoodie,2,142.4,United States,3PL_Central,Carrier_C,influencer_drop,6.81,4.5,5,False,False,none
ORD007560,2025-06-14,Signature Hoodie,3,267.0,United States,3PL_West,Carrier_A,none,7.19,2.5,5,False,True,fit_issue
ORD007561,2025-06-18,Signature Hoodie,1,89.0,United States,3PL_West,Carrier_D,none,7.21,3.0,5,False,False,none
ORD007562,2025-02-28,Signature Hoodie,2,178.0,United States,3PL_West,Carrier_A,none,6.07,5.3,5,True,False,none
ORD007563,2025-01-25,Signature Hoodie,1,89.0,United Kingdom,3PL_International,Passport_Global,none,17.9,4.5,9,False,False,none
ORD007564,2025-03-23,Signature Hoodie,2,178.0,United States,3PL_West,Carrier_B,none,5.81,4.1,5,False,False,none
ORD007565,2025-03-01,Cloud Sweatpants,1,78.0,United States,3PL_East,Carrier_A,none,6.13,4.6,5,False,False,none
ORD007566,2025-06-13,Cloud Sweatpants,4,265.2,United States,3PL_East,Carrier_A,product_launch,8.57,4.8,5,False,False,none
ORD007567,2025-01-08,Signature Hoodie,2,178.0,United States,3PL_East,Carrier_B,none,5.55,3.8,5,False,False,none
ORD007568,2025-04-28,Zip Hoodie,2,153.6,United States,3PL_West,Carrier_A,influencer_drop,6.38,5.9,5,True,False,none
ORD007569,2025-06-16,Zip Hoodie,2,192.0,United States,3PL_East,Carrier_B,none,6.49,5.7,5,True,False,none
ORD007570,2025-06-27,Weighted Tee,2,108.0,United Kingdom,3PL_International,Passport_Global,none,18.56,5.1,9,False,False,none
ORD007571,2025-05-01,Cloud Sweatpants,1,78.0,United Kingdom,3PL_International,Passport_Global,none,16.51,4.2,9,False,False,none
ORD007572,2025-06-23,Signature Hoodie,2,178.0,United States,3PL_Central,Carrier_D,none,8.25,4.2,5,False,False,none
ORD007573,2025-01-16,Weighted Tee,3,162.0,United States,3PL_West,Carrier_D,none,9.63,3.2,5,False,False,none
ORD007574,2025-03-10,Weighted Tee,1,54.0,United States,3PL_East,Carrier_D,none,7.54,4.8,5,False,False,none
ORD007575,2025-01-02,Weighted Tee,2,97.2,Canada,3PL_International,Passport_Global,email_drop,19.76,4.5,9,False,False,none
ORD007576,2025-06-28,Zip Hoodie,1,96.0,United States,3PL_East,Carrier_A,none,5.8,2.8,5,False,False,none
ORD007577,2025-06-16,Zip Hoodie,1,96.0,United States,3PL_Central,Carrier_C,none,5.66,2.7,5,False,False,none
ORD007578,2025-01-06,Weighted Tee,4,216.0,United States,3PL_East,Carrier_D,none,11.1,2.5,5,False,False,none
ORD007579,2025-01-04,Cloud Sweatpants,2,156.0,United States,3PL_Central,Carrier_C,none,6.1,5.3,5,True,False,none
ORD007580,2025-03-12,Signature Hoodie,1,89.0,United States,3PL_West,Carrier_C,none,6.15,4.5,5,False,False,none
ORD007581,2025-02-21,Weighted Tee,1,54.0,Australia,3PL_International,Passport_Global,none,17.74,4.5,9,False,False,none
ORD007582,2025-06-07,Lounge Set,2,241.4,United States,3PL_West,Carrier_B,email_drop,6.4,5.9,5,True,False,none
ORD007583,2025-02-02,Signature Hoodie,1,75.65,United States,3PL_East,Carrier_B,email_drop,4.4,4.5,5,False,False,none
ORD007584,2025-05-29,Signature Hoodie,2,142.4,United States,3PL_East,Carrier_A,holiday_sale,6.9,4.7,5,False,False,none
ORD007585,2025-04-12,Lounge Set,1,113.6,United States,3PL_East,Carrier_C,influencer_drop,5.67,2.2,5,False,False,none
ORD007586,2025-03-13,Signature Hoodie,4,356.0,United States,3PL_Central,Carrier_B,none,9.44,3.2,5,False,False,none
ORD007587,2025-01-30,Zip Hoodie,3,288.0,United States,3PL_West,Carrier_A,none,6.59,2.7,5,False,False,none
ORD007588,2025-06-30,Signature Hoodie,3,267.0,United States,3PL_East,Carrier_A,none,8.27,3.0,5,False,False,none
ORD007589,2025-04-25,Signature Hoodie,1,71.2,United States,3PL_East,Carrier_B,email_drop,5.26,2.2,5,False,False,none
ORD007590,2025-03-23,Zip Hoodie,1,96.0,United States,3PL_Central,Carrier_B,none,4.68,3.7,5,False,False,none
ORD007591,2025-03-12,Weighted Tee,2,108.0,United States,3PL_Central,Carrier_C,none,6.18,4.0,5,False,False,none
ORD007592,2025-06-16,Cloud Sweatpants,1,70.2,Germany,3PL_International,Passport_Global,product_launch,17.15,5.2,9,False,False,none
ORD007593,2025-06-03,Signature Hoodie,3,267.0,Germany,3PL_International,Passport_Global,none,20.36,5.8,9,False,False,none
ORD007594,2025-06-02,Signature Hoodie,2,178.0,United States,3PL_West,Carrier_A,none,6.2,4.6,5,False,False,none
ORD007595,2025-04-24,Signature Hoodie,1,75.65,United States,3PL_East,Carrier_A,product_launch,5.33,3.7,5,False,True,duplicate_order
ORD007596,2025-06-14,Weighted Tee,1,54.0,United States,3PL_West,Carrier_A,none,5.03,3.7,5,False,False,none
ORD007597,2025-03-01,Cloud Sweatpants,1,78.0,United States,3PL_Central,Carrier_C,none,5.3,3.8,5,False,True,fit_issue
ORD007598,2025-05-12,Weighted Tee,2,108.0,United States,3PL_East,Carrier_B,none,5.64,4.9,5,False,True,changed_mind
ORD007599,2025-03-17,Lounge Set,1,142.0,United States,3PL_West,Carrier_A,none,3.79,5.2,5,True,False,none
ORD007600,2025-04-21,Cloud Sweatpants,1,62.4,United States,3PL_East,Carrier_B,product_launch,7.53,4.1,5,False,False,none
ORD007601,2025-06-30,Signature Hoodie,1,80.1,United States,3PL_West,Carrier_C,email_drop,5.43,5.8,5,True,False,none
ORD007602,2025-06-28,Weighted Tee,1,54.0,United Kingdom,3PL_International,Passport_Global,none,20.16,4.5,9,False,False,none
ORD007603,2025-04-04,Signature Hoodie,2,178.0,United States,3PL_East,Carrier_D,none,8.29,4.3,5,False,False,none
ORD007604,2025-04-16,Lounge Set,4,568.0,United States,3PL_East,Carrier_A,none,8.83,5.3,5,True,False,none
ORD007605,2025-06-15,Cloud Sweatpants,4,312.0,United States,3PL_East,Carrier_A,none,8.61,4.7,5,False,False,none
ORD007606,2025-06-28,Signature Hoodie,4,356.0,United States,3PL_West,Carrier_B,none,9.3,4.0,5,False,False,none
ORD007607,2025-05-27,Cloud Sweatpants,2,156.0,United States,3PL_West,Carrier_A,none,6.63,4.6,5,False,False,none
ORD007608,2025-01-14,Signature Hoodie,3,240.3,United States,3PL_Central,Carrier_A,email_drop,6.62,1.4,5,False,False,none
ORD007609,2025-03-05,Zip Hoodie,1,86.4,United States,3PL_East,Carrier_A,holiday_sale,4.55,2.8,5,False,False,none
ORD007610,2025-06-15,Cloud Sweatpants,1,62.4,United States,3PL_West,Carrier_A,holiday_sale,4.42,4.3,5,False,False,none
ORD007611,2025-05-25,Signature Hoodie,2,142.4,United States,3PL_Central,Carrier_B,holiday_sale,6.63,3.4,5,False,False,none
ORD007612,2025-05-19,Cloud Sweatpants,4,312.0,United Kingdom,3PL_International,Passport_Global,none,21.37,4.1,9,False,False,none
ORD007613,2025-05-04,Cloud Sweatpants,4,249.6,United States,3PL_West,Carrier_A,influencer_drop,8.93,4.5,5,False,False,none
ORD007614,2025-03-19,Weighted Tee,2,97.2,United States,3PL_Central,Carrier_B,product_launch,5.97,3.8,5,False,False,none
ORD007615,2025-03-17,Lounge Set,1,142.0,Canada,3PL_International,Passport_Global,none,16.82,3.6,9,False,True,fit_issue
ORD007616,2025-06-01,Zip Hoodie,4,384.0,United States,3PL_East,Carrier_C,none,9.75,2.6,5,False,False,none
ORD007617,2025-03-01,Weighted Tee,1,54.0,United States,3PL_East,Carrier_B,none,5.55,2.5,5,False,False,none
ORD007618,2025-05-08,Signature Hoodie,1,75.65,United States,3PL_East,Carrier_D,product_launch,7.65,3.0,5,False,False,none
ORD007619,2025-05-16,Signature Hoodie,3,213.6,United States,3PL_West,Carrier_A,product_launch,8.45,4.7,5,False,False,none
ORD007620,2025-06-07,Signature Hoodie,1,75.65,United States,3PL_West,Carrier_C,influencer_drop,3.75,4.9,5,False,True,fit_issue
ORD007621,2025-03-04,Lounge Set,1,142.0,United States,3PL_East,Carrier_B,none,5.44,4.7,5,False,False,none
ORD007622,2025-05-19,Cloud Sweatpants,2,124.8,United States,3PL_West,Carrier_D,product_launch,9.23,5.5,5,True,False,none
ORD007623,2025-01-22,Lounge Set,4,568.0,United States,3PL_West,Carrier_A,none,7.85,3.6,5,False,False,none
ORD007624,2025-01-28,Cloud Sweatpants,4,312.0,United Kingdom,3PL_International,Passport_Global,none,20.33,4.0,9,False,True,changed_mind
ORD007625,2025-03-19,Signature Hoodie,1,89.0,Australia,3PL_International,Passport_Global,none,16.86,6.3,9,False,False,none
ORD007626,2025-01-12,Cloud Sweatpants,1,66.3,United States,3PL_East,Carrier_A,influencer_drop,4.16,3.4,5,False,False,none
ORD007627,2025-06-23,Cloud Sweatpants,3,187.2,United States,3PL_West,Carrier_B,holiday_sale,8.14,5.8,5,True,False,none
ORD007628,2025-06-16,Cloud Sweatpants,1,78.0,United States,3PL_East,Carrier_A,none,5.53,1.7,5,False,False,none
ORD007629,2025-01-10,Lounge Set,1,142.0,United Kingdom,3PL_International,Passport_Global,none,16.78,4.2,9,False,False,none
ORD007630,2025-06-06,Zip Hoodie,2,192.0,United States,3PL_West,Carrier_B,none,5.06,3.5,5,False,False,none
ORD007631,2025-04-03,Signature Hoodie,2,178.0,Canada,3PL_International,Passport_Global,none,18.24,3.9,9,False,False,none
ORD007632,2025-05-11,Zip Hoodie,4,326.4,Canada,3PL_International,Passport_Global,holiday_sale,22.09,4.0,9,False,False,none
ORD007633,2025-06-13,Signature Hoodie,2,178.0,United States,3PL_East,Carrier_A,none,5.58,4.2,5,False,False,none
ORD007634,2025-04-16,Lounge Set,3,426.0,United States,3PL_East,Carrier_A,none,6.27,4.0,5,False,False,none
ORD007635,2025-01-24,Signature Hoodie,2,178.0,United States,3PL_Central,Carrier_A,none,6.39,5.9,5,True,False,none
ORD007636,2025-01-01,Zip Hoodie,4,345.6,United States,3PL_West,Carrier_A,email_drop,7.82,5.3,5,True,False,none
ORD007637,2025-03-31,Cloud Sweatpants,2,140.4,United Kingdom,3PL_International,Passport_Global,holiday_sale,20.23,6.6,9,False,False,none
ORD007638,2025-06-23,Signature Hoodie,2,178.0,United States,3PL_West,Carrier_A,none,6.59,5.1,5,True,False,none
ORD007639,2025-04-15,Zip Hoodie,4,384.0,United States,3PL_West,Carrier_C,none,8.47,5.4,5,True,False,none
ORD007640,2025-03-13,Cloud Sweatpants,4,280.8,United States,3PL_West,Carrier_C,product_launch,8.48,4.6,5,False,False,none
ORD007641,2025-01-07,Zip Hoodie,1,96.0,United States,3PL_West,Carrier_D,none,6.64,3.9,5,False,False,none
ORD007642,2025-06-18,Cloud Sweatpants,2,156.0,United States,3PL_East,Carrier_A,none,6.07,2.4,5,False,False,none
ORD007643,2025-03-06,Signature Hoodie,2,178.0,United States,3PL_West,Carrier_A,none,8.4,4.0,5,False,False,none
ORD007644,2025-05-12,Signature Hoodie,1,75.65,United States,3PL_East,Carrier_A,product_launch,6.08,5.3,5,True,False,none
ORD007645,2025-05-10,Zip Hoodie,1,81.6,United States,3PL_West,Carrier_B,email_drop,5.14,3.9,5,False,False,none
ORD007646,2025-02-21,Cloud Sweatpants,2,156.0,United States,3PL_East,Carrier_D,none,8.44,3.4,5,False,False,none
ORD007647,2025-01-13,Cloud Sweatpants,1,78.0,United States,3PL_Central,Carrier_B,none,4.71,1.5,5,False,False,none
ORD007648,2025-03-14,Signature Hoodie,2,178.0,United States,3PL_West,Carrier_D,none,9.06,2.1,5,False,False,none
ORD007649,2025-03-04,Signature Hoodie,2,178.0,Canada,3PL_International,Passport_Global,none,16.16,5.4,9,False,False,none
ORD007650,2025-05-11,Zip Hoodie,2,192.0,United States,3PL_East,Carrier_B,none,5.97,2.9,5,False,False,none
ORD007651,2025-06-03,Lounge Set,3,426.0,United States,3PL_East,Carrier_B,none,6.72,4.0,5,False,False,none
ORD007652,2025-02-14,Cloud Sweatpants,1,78.0,United States,3PL_West,Carrier_A,none,5.99,3.5,5,False,False,none
ORD007653,2025-04-06,Cloud Sweatpants,3,234.0,United States,3PL_East,Carrier_C,none,7.55,1.8,5,False,False,none
ORD007654,2025-01-09,Cloud Sweatpants,3,234.0,United States,3PL_Central,Carrier_B,none,6.15,2.3,5,False,False,none
ORD007655,2025-02-13,Zip Hoodie,4,384.0,United States,3PL_West,Carrier_A,none,8.6,3.1,5,False,False,none
ORD007656,2025-05-23,Lounge Set,3,340.8,United States,3PL_Central,Carrier_D,influencer_drop,9.32,3.0,5,False,False,none
ORD007657,2025-05-30,Signature Hoodie,2,178.0,United States,3PL_East,Carrier_C,none,7.56,3.6,5,False,True,quality_issue
ORD007658,2025-05-26,Zip Hoodie,1,76.8,United States,3PL_East,Carrier_D,holiday_sale,7.25,4.3,5,False,False,none
ORD007659,2025-01-29,Signature Hoodie,3,226.95,United States,3PL_East,Carrier_A,holiday_sale,7.49,5.4,5,True,False,none
ORD007660,2025-04-11,Signature Hoodie,4,302.6,Canada,3PL_International,Passport_Global,product_launch,21.11,5.4,9,False,False,none
ORD007661,2025-03-20,Signature Hoodie,1,89.0,United States,3PL_East,Carrier_B,none,3.38,4.8,5,False,False,none
ORD007662,2025-06-29,Signature Hoodie,1,89.0,United States,3PL_West,Carrier_A,none,4.56,4.3,5,False,False,none
ORD007663,2025-05-02,Signature Hoodie,2,151.3,United States,3PL_West,Carrier_A,email_drop,4.79,3.3,5,False,False,none
ORD007664,2025-06-21,Signature Hoodie,1,89.0,United States,3PL_Central,Carrier_A,none,6.83,1.0,5,False,False,none
ORD007665,2025-01-30,Signature Hoodie,1,89.0,Germany,3PL_International,Passport_Global,none,17.23,4.8,9,False,False,none
ORD007666,2025-03-24,Signature Hoodie,1,89.0,United States,3PL_Central,Carrier_B,none,5.73,4.0,5,False,False,none
ORD007667,2025-05-25,Signature Hoodie,3,267.0,United States,3PL_East,Carrier_C,none,6.69,3.0,5,False,False,none
ORD007668,2025-03-12,Signature Hoodie,2,142.4,United States,3PL_Central,Carrier_D,influencer_drop,7.85,4.5,5,False,False,none
ORD007669,2025-04-27,Lounge Set,2,284.0,United States,3PL_West,Carrier_A,none,6.09,1.9,5,False,False,none
ORD007670,2025-04-03,Cloud Sweatpants,1,70.2,United States,3PL_West,Carrier_C,product_launch,5.63,6.1,5,True,True,changed_mind
ORD007671,2025-06-29,Signature Hoodie,2,142.4,United States,3PL_East,Carrier_A,influencer_drop,6.23,4.8,5,False,False,none
ORD007672,2025-02-04,Signature Hoodie,3,267.0,Canada,3PL_International,Passport_Global,none,19.38,4.5,9,False,False,none
ORD007673,2025-06-21,Cloud Sweatpants,2,156.0,United States,3PL_West,Carrier_C,none,4.71,3.1,5,False,False,none
ORD007674,2025-03-17,Signature Hoodie,3,267.0,Australia,3PL_International,Passport_Global,none,21.68,4.6,9,False,False,none
ORD007675,2025-03-27,Signature Hoodie,1,75.65,United States,3PL_West,Carrier_D,holiday_sale,6.58,6.2,5,True,False,none
ORD007676,2025-04-06,Signature Hoodie,2,142.4,United States,3PL_West,Carrier_B,email_drop,6.03,3.8,5,False,True,late_delivery
ORD007677,2025-02-23,Cloud Sweatpants,2,140.4,United States,3PL_East,Carrier_C,email_drop,5.88,2.2,5,False,False,none
ORD007678,2025-06-25,Zip Hoodie,4,345.6,Australia,3PL_International,Passport_Global,email_drop,22.17,4.6,9,False,False,none
ORD007679,2025-06-17,Cloud Sweatpants,2,156.0,Canada,3PL_International,Passport_Global,none,18.22,3.4,9,False,False,none
ORD007680,2025-06-27,Signature Hoodie,4,284.8,United States,3PL_West,Carrier_A,product_launch,8.26,5.1,5,True,False,none
ORD007681,2025-06-30,Signature Hoodie,1,80.1,United Kingdom,3PL_International,Passport_Global,product_launch,17.76,5.5,9,False,False,none
ORD007682,2025-05-05,Lounge Set,2,241.4,United States,3PL_West,Carrier_D,email_drop,9.12,5.4,5,True,False,none
ORD007683,2025-03-24,Zip Hoodie,2,192.0,United States,3PL_West,Carrier_A,none,6.34,4.9,5,False,False,none
ORD007684,2025-06-08,Zip Hoodie,1,96.0,United States,3PL_West,Carrier_D,none,7.04,2.9,5,False,False,none
ORD007685,2025-01-05,Lounge Set,2,284.0,United States,3PL_West,Carrier_A,none,6.25,3.5,5,False,False,none
ORD007686,2025-06-06,Cloud Sweatpants,1,78.0,United States,3PL_Central,Carrier_C,none,4.82,3.7,5,False,False,none
ORD007687,2025-03-31,Signature Hoodie,1,89.0,United States,3PL_East,Carrier_D,none,8.48,5.4,5,True,False,none
ORD007688,2025-05-06,Zip Hoodie,2,163.2,United States,3PL_West,Carrier_A,influencer_drop,5.7,4.3,5,False,False,none
ORD007689,2025-03-13,Signature Hoodie,1,80.1,United States,3PL_West,Carrier_B,product_launch,5.52,2.6,5,False,False,none
ORD007690,2025-03-12,Zip Hoodie,1,96.0,United States,3PL_West,Carrier_C,none,4.75,3.6,5,False,False,none
ORD007691,2025-01-07,Cloud Sweatpants,1,78.0,United States,3PL_East,Carrier_A,none,5.68,3.7,5,False,False,none
ORD007692,2025-03-20,Signature Hoodie,2,178.0,United States,3PL_East,Carrier_A,none,6.3,3.5,5,False,False,none
ORD007693,2025-03-18,Signature Hoodie,2,142.4,United States,3PL_Central,Carrier_A,product_launch,6.55,4.9,5,False,False,none
ORD007694,2025-02-15,Cloud Sweatpants,2,132.6,United States,3PL_Central,Carrier_A,influencer_drop,6.42,3.7,5,False,False,none
ORD007695,2025-02-19,Cloud Sweatpants,3,234.0,United States,3PL_Central,Carrier_A,none,6.62,4.1,5,False,False,none
ORD007696,2025-04-18,Signature Hoodie,2,178.0,United States,3PL_West,Carrier_A,none,6.3,4.9,5,False,False,none
ORD007697,2025-03-04,Signature Hoodie,1,89.0,United States,3PL_East,Carrier_A,none,3.74,3.4,5,False,False,none
ORD007698,2025-06-05,Signature Hoodie,1,89.0,United States,3PL_West,Carrier_D,none,7.18,4.2,5,False,False,none
ORD007699,2025-01-23,Lounge Set,4,568.0,Australia,3PL_International,Passport_Global,none,20.64,4.1,9,False,False,none
ORD007700,2025-04-17,Lounge Set,1,142.0,United States,3PL_East,Carrier_A,none,5.02,3.2,5,False,False,none
ORD007701,2025-02-02,Zip Hoodie,1,96.0,United States,3PL_East,Carrier_C,none,5.22,5.9,5,True,True,changed_mind
ORD007702,2025-04-06,Cloud Sweatpants,1,78.0,Canada,3PL_International,Passport_Global,none,17.72,4.1,9,False,True,changed_mind
ORD007703,2025-04-11,Cloud Sweatpants,4,312.0,United States,3PL_East,Carrier_B,none,6.8,3.3,5,False,False,none
ORD007704,2025-04-29,Signature Hoodie,3,213.6,United States,3PL_East,Carrier_B,email_drop,7.2,6.3,5,True,False,none
ORD007705,2025-03-21,Signature Hoodie,2,178.0,United States,3PL_West,Carrier_B,none,6.56,2.9,5,False,False,none
ORD007706,2025-04-03,Signature Hoodie,2,178.0,United States,3PL_Central,Carrier_D,none,9.41,3.6,5,False,False,none
ORD007707,2025-02-06,Lounge Set,2,227.2,United Kingdom,3PL_International,Passport_Global,product_launch,20.82,3.7,9,False,True,late_delivery
ORD007708,2025-03-26,Cloud Sweatpants,2,156.0,United States,3PL_East,Carrier_A,none,7.94,2.9,5,False,False,none
ORD007709,2025-03-13,Signature Hoodie,4,302.6,United States,3PL_East,Carrier_B,email_drop,8.06,4.7,5,False,False,none
ORD007710,2025-05-04,Cloud Sweatpants,2,156.0,United States,3PL_West,Carrier_C,none,6.79,2.2,5,False,False,none
ORD007711,2025-03-22,Signature Hoodie,1,75.65,United States,3PL_East,Carrier_C,email_drop,6.11,5.2,5,True,False,none
ORD007712,2025-05-27,Cloud Sweatpants,2,156.0,United States,3PL_West,Carrier_A,none,6.9,2.7,5,False,False,none
ORD007713,2025-03-21,Zip Hoodie,3,288.0,United States,3PL_East,Carrier_D,none,9.29,3.6,5,False,False,none
ORD007714,2025-02-17,Lounge Set,1,142.0,United Kingdom,3PL_International,Passport_Global,none,17.86,1.9,9,False,False,none
ORD007715,2025-02-24,Zip Hoodie,1,76.8,United States,3PL_West,Carrier_B,email_drop,5.56,2.8,5,False,False,none
ORD007716,2025-01-10,Lounge Set,1,127.8,United States,3PL_East,Carrier_B,email_drop,4.76,2.0,5,False,False,none
ORD007717,2025-04-09,Signature Hoodie,3,240.3,United States,3PL_Central,Carrier_B,email_drop,7.77,3.7,5,False,False,none
ORD007718,2025-06-05,Zip Hoodie,1,96.0,United States,3PL_West,Carrier_C,none,4.27,4.9,5,False,False,none
ORD007719,2025-05-25,Lounge Set,2,227.2,United States,3PL_East,Carrier_B,email_drop,8.32,2.1,5,False,False,none
ORD007720,2025-03-22,Signature Hoodie,1,89.0,United States,3PL_West,Carrier_C,none,4.99,4.6,5,False,False,none
ORD007721,2025-02-09,Lounge Set,4,568.0,United States,3PL_East,Carrier_C,none,9.19,1.9,5,False,False,none
ORD007722,2025-06-10,Weighted Tee,1,54.0,United States,3PL_Central,Carrier_C,none,5.49,5.5,5,True,False,none
ORD007723,2025-01-12,Zip Hoodie,1,96.0,Canada,3PL_International,Passport_Global,none,17.81,5.1,9,False,False,none
ORD007724,2025-03-16,Signature Hoodie,3,226.95,United States,3PL_Central,Carrier_B,influencer_drop,8.1,2.2,5,False,False,none
ORD007725,2025-06-09,Signature Hoodie,1,89.0,United States,3PL_West,Carrier_A,none,6.22,3.8,5,False,False,none
ORD007726,2025-03-16,Zip Hoodie,1,96.0,United States,3PL_West,Carrier_A,none,5.4,3.3,5,False,False,none
ORD007727,2025-01-24,Lounge Set,4,482.8,Australia,3PL_International,Passport_Global,product_launch,21.82,3.4,9,False,False,none
ORD007728,2025-02-23,Signature Hoodie,1,75.65,United States,3PL_East,Carrier_B,holiday_sale,5.71,6.1,5,True,False,none
ORD007729,2025-04-21,Signature Hoodie,2,178.0,United States,3PL_Central,Carrier_A,none,5.45,3.2,5,False,False,none
ORD007730,2025-01-31,Signature Hoodie,1,71.2,United States,3PL_West,Carrier_B,holiday_sale,5.36,4.5,5,False,False,none
ORD007731,2025-05-02,Cloud Sweatpants,2,156.0,United States,3PL_Central,Carrier_A,none,6.31,3.8,5,False,False,none
ORD007732,2025-03-22,Zip Hoodie,1,76.8,United States,3PL_West,Carrier_D,holiday_sale,7.63,3.3,5,False,False,none
ORD007733,2025-03-07,Cloud Sweatpants,4,312.0,United States,3PL_West,Carrier_C,none,9.35,3.5,5,False,False,none
ORD007734,2025-02-18,Cloud Sweatpants,1,78.0,United States,3PL_Central,Carrier_A,none,5.44,4.1,5,False,False,none
ORD007735,2025-06-04,Zip Hoodie,2,172.8,United States,3PL_West,Carrier_D,product_launch,8.6,5.0,5,False,True,late_delivery
ORD007736,2025-03-16,Cloud Sweatpants,1,78.0,United States,3PL_East,Carrier_A,none,5.47,3.9,5,False,False,none
ORD007737,2025-05-19,Zip Hoodie,1,76.8,United States,3PL_Central,Carrier_A,influencer_drop,4.89,4.3,5,False,False,none
ORD007738,2025-03-23,Signature Hoodie,1,89.0,United Kingdom,3PL_International,Passport_Global,none,18.74,4.0,9,False,False,none
ORD007739,2025-01-19,Signature Hoodie,4,356.0,United Kingdom,3PL_International,Passport_Global,none,21.67,6.2,9,False,False,none
ORD007740,2025-03-23,Lounge Set,4,454.4,United States,3PL_East,Carrier_C,product_launch,10.33,5.4,5,True,False,none
ORD007741,2025-04-03,Cloud Sweatpants,2,156.0,United States,3PL_Central,Carrier_D,none,8.16,4.8,5,False,False,none
ORD007742,2025-03-25,Signature Hoodie,1,71.2,United States,3PL_Central,Carrier_C,holiday_sale,4.9,4.8,5,False,False,none
ORD007743,2025-06-03,Cloud Sweatpants,1,70.2,United States,3PL_Central,Carrier_B,holiday_sale,3.68,2.5,5,False,False,none
ORD007744,2025-06-17,Zip Hoodie,1,96.0,United States,3PL_East,Carrier_A,none,7.22,3.6,5,False,False,none
ORD007745,2025-05-29,Signature Hoodie,1,89.0,United States,3PL_West,Carrier_B,none,5.8,3.5,5,False,False,none
ORD007746,2025-04-18,Cloud Sweatpants,2,156.0,United Kingdom,3PL_International,Passport_Global,none,19.56,5.9,9,False,False,none
ORD007747,2025-04-09,Signature Hoodie,2,178.0,United States,3PL_East,Carrier_D,none,9.7,4.9,5,False,False,none
ORD007748,2025-04-30,Lounge Set,1,142.0,United States,3PL_Central,Carrier_A,none,5.5,3.1,5,False,False,none
ORD007749,2025-02-27,Cloud Sweatpants,1,78.0,United States,3PL_East,Carrier_A,none,4.82,2.8,5,False,False,none
ORD007750,2025-06-02,Lounge Set,2,227.2,Canada,3PL_International,Passport_Global,influencer_drop,19.66,5.7,9,False,False,none
ORD007751,2025-06-09,Zip Hoodie,1,96.0,United States,3PL_West,Carrier_B,none,5.2,4.3,5,False,False,none
ORD007752,2025-02-23,Lounge Set,1,113.6,United States,3PL_West,Carrier_D,email_drop,5.73,5.5,5,True,False,none
ORD007753,2025-06-16,Signature Hoodie,2,178.0,United States,3PL_East,Carrier_D,none,9.55,3.5,5,False,False,none
ORD007754,2025-06-08,Signature Hoodie,4,356.0,United States,3PL_West,Carrier_B,none,7.96,4.1,5,False,False,none
ORD007755,2025-03-20,Lounge Set,2,284.0,United States,3PL_Central,Carrier_D,none,7.75,3.7,5,False,False,none
ORD007756,2025-06-17,Lounge Set,4,568.0,Germany,3PL_International,Passport_Global,none,21.86,5.2,9,False,False,none
ORD007757,2025-01-25,Lounge Set,1,142.0,United States,3PL_Central,Carrier_C,none,3.78,1.4,5,False,False,none
ORD007758,2025-01-06,Weighted Tee,2,108.0,United States,3PL_West,Carrier_D,none,8.41,2.9,5,False,False,none
ORD007759,2025-03-09,Cloud Sweatpants,4,249.6,United States,3PL_West,Carrier_B,influencer_drop,9.04,5.2,5,True,False,none
ORD007760,2025-04-14,Cloud Sweatpants,1,62.4,United States,3PL_East,Carrier_A,influencer_drop,6.24,2.1,5,False,False,none
ORD007761,2025-03-09,Lounge Set,3,426.0,Canada,3PL_International,Passport_Global,none,20.57,5.2,9,False,False,none
ORD007762,2025-06-22,Signature Hoodie,2,160.2,United States,3PL_West,Carrier_A,holiday_sale,7.12,4.3,5,False,False,none
ORD007763,2025-02-21,Lounge Set,4,482.8,Australia,3PL_International,Passport_Global,product_launch,21.95,3.7,9,False,False,none
ORD007764,2025-02-26,Lounge Set,1,142.0,United States,3PL_East,Carrier_B,none,6.56,3.6,5,False,False,none
ORD007765,2025-04-28,Cloud Sweatpants,4,280.8,Canada,3PL_International,Passport_Global,product_launch,20.87,4.1,9,False,False,none
ORD007766,2025-01-01,Cloud Sweatpants,3,234.0,United States,3PL_Central,Carrier_C,none,6.89,1.7,5,False,False,none
ORD007767,2025-05-17,Zip Hoodie,2,172.8,United Kingdom,3PL_International,Passport_Global,email_drop,18.18,5.7,9,False,False,none
ORD007768,2025-03-13,Lounge Set,1,142.0,United States,3PL_East,Carrier_A,none,5.88,5.6,5,True,False,none
ORD007769,2025-06-27,Signature Hoodie,1,71.2,United States,3PL_Central,Carrier_C,influencer_drop,5.15,4.3,5,False,False,none
ORD007770,2025-05-09,Signature Hoodie,2,151.3,United States,3PL_East,Carrier_A,holiday_sale,6.05,5.2,5,True,False,none
ORD007771,2025-01-11,Zip Hoodie,2,172.8,United States,3PL_West,Carrier_C,product_launch,7.39,5.8,5,True,False,none
ORD007772,2025-01-19,Lounge Set,1,113.6,United States,3PL_East,Carrier_D,product_launch,7.64,3.9,5,False,False,none
ORD007773,2025-01-18,Zip Hoodie,3,288.0,United States,3PL_East,Carrier_B,none,8.94,4.9,5,False,False,none
ORD007774,2025-06-23,Cloud Sweatpants,2,124.8,Canada,3PL_International,Passport_Global,email_drop,19.16,3.8,9,False,False,none
ORD007775,2025-05-08,Signature Hoodie,2,178.0,United States,3PL_Central,Carrier_A,none,6.98,5.2,5,True,False,none
ORD007776,2025-03-21,Cloud Sweatpants,1,78.0,United States,3PL_West,Carrier_C,none,5.06,3.7,5,False,False,none
ORD007777,2025-02-10,Lounge Set,4,568.0,United States,3PL_East,Carrier_B,none,7.14,3.2,5,False,False,none
ORD007778,2025-06-11,Signature Hoodie,1,71.2,United States,3PL_West,Carrier_A,product_launch,4.96,3.8,5,False,False,none
ORD007779,2025-02-10,Cloud Sweatpants,1,66.3,United States,3PL_Central,Carrier_D,email_drop,6.6,1.5,5,False,False,none
ORD007780,2025-05-12,Signature Hoodie,2,178.0,United Kingdom,3PL_International,Passport_Global,none,17.86,5.5,9,False,False,none
ORD007781,2025-05-24,Signature Hoodie,1,71.2,United States,3PL_West,Carrier_C,product_launch,5.53,6.2,5,True,False,none
ORD007782,2025-03-01,Cloud Sweatpants,2,124.8,United States,3PL_West,Carrier_B,influencer_drop,7.28,2.5,5,False,True,late_delivery
ORD007783,2025-04-02,Lounge Set,2,284.0,United States,3PL_East,Carrier_D,none,7.97,3.7,5,False,False,none
ORD007784,2025-02-14,Cloud Sweatpants,1,78.0,United States,3PL_Central,Carrier_C,none,5.71,4.6,5,False,False,none
ORD007785,2025-03-14,Zip Hoodie,3,230.4,United States,3PL_West,Carrier_C,email_drop,7.24,2.8,5,False,False,none
ORD007786,2025-06-25,Cloud Sweatpants,1,62.4,Australia,3PL_International,Passport_Global,email_drop,17.67,2.0,9,False,False,none
ORD007787,2025-05-10,Lounge Set,4,568.0,United States,3PL_Central,Carrier_C,none,8.36,3.7,5,False,False,none
ORD007788,2025-06-07,Signature Hoodie,3,267.0,United States,3PL_West,Carrier_B,none,7.94,3.4,5,False,False,none
ORD007789,2025-04-09,Signature Hoodie,1,89.0,United States,3PL_West,Carrier_C,none,5.86,3.1,5,False,False,none
ORD007790,2025-02-17,Cloud Sweatpants,2,156.0,United States,3PL_Central,Carrier_C,none,7.92,4.7,5,False,False,none
ORD007791,2025-05-14,Weighted Tee,1,54.0,United States,3PL_West,Carrier_C,none,4.94,2.5,5,False,False,none
ORD007792,2025-04-01,Zip Hoodie,2,192.0,United Kingdom,3PL_International,Passport_Global,none,18.78,7.2,9,False,False,none
ORD007793,2025-02-05,Zip Hoodie,1,96.0,United States,3PL_Central,Carrier_C,none,6.3,2.1,5,False,False,none
ORD007794,2025-03-18,Cloud Sweatpants,2,132.6,Canada,3PL_International,Passport_Global,email_drop,18.68,4.0,9,False,False,none
ORD007795,2025-04-28,Signature Hoodie,4,356.0,United States,3PL_West,Carrier_C,none,9.25,3.5,5,False,False,none
ORD007796,2025-05-18,Weighted Tee,2,108.0,United Kingdom,3PL_International,Passport_Global,none,18.55,4.3,9,False,False,none
ORD007797,2025-02-18,Cloud Sweatpants,4,312.0,United Kingdom,3PL_International,Passport_Global,none,21.56,5.0,9,False,False,none
ORD007798,2025-06-12,Zip Hoodie,2,163.2,Canada,3PL_International,Passport_Global,product_launch,19.43,4.1,9,False,False,none
ORD007799,2025-03-14,Lounge Set,2,284.0,United States,3PL_East,Carrier_A,none,7.59,2.2,5,False,False,none
ORD007800,2025-02-24,Zip Hoodie,1,96.0,United States,3PL_East,Carrier_C,none,4.79,3.7,5,False,False,none
ORD007801,2025-02-09,Signature Hoodie,1,89.0,United States,3PL_West,Carrier_B,none,5.79,3.6,5,False,False,none
ORD007802,2025-06-01,Signature Hoodie,2,142.4,United States,3PL_East,Carrier_C,email_drop,6.44,4.2,5,False,False,none
ORD007803,2025-03-10,Signature Hoodie,2,178.0,United States,3PL_West,Carrier_A,none,5.24,4.1,5,False,False,none
ORD007804,2025-03-29,Weighted Tee,2,108.0,Australia,3PL_International,Passport_Global,none,18.45,3.0,9,False,False,none
ORD007805,2025-02-14,Lounge Set,3,362.1,United States,3PL_East,Carrier_A,holiday_sale,7.1,4.3,5,False,False,none
ORD007806,2025-05-08,Cloud Sweatpants,1,66.3,United States,3PL_East,Carrier_B,influencer_drop,5.74,5.1,5,True,False,none
ORD007807,2025-05-27,Lounge Set,2,284.0,United States,3PL_East,Carrier_B,none,5.85,5.6,5,True,False,none
ORD007808,2025-03-07,Signature Hoodie,3,267.0,United States,3PL_West,Carrier_C,none,7.77,4.0,5,False,False,none
ORD007809,2025-06-22,Signature Hoodie,2,160.2,United States,3PL_West,Carrier_B,product_launch,6.56,4.2,5,False,False,none
ORD007810,2025-01-07,Signature Hoodie,1,71.2,United States,3PL_West,Carrier_C,product_launch,5.92,4.8,5,False,True,late_delivery
ORD007811,2025-01-27,Lounge Set,1,127.8,United States,3PL_East,Carrier_A,email_drop,5.02,4.3,5,False,False,none
ORD007812,2025-04-19,Signature Hoodie,1,75.65,Canada,3PL_International,Passport_Global,influencer_drop,16.62,5.8,9,False,False,none
ORD007813,2025-05-11,Signature Hoodie,1,80.1,United States,3PL_Central,Carrier_B,holiday_sale,6.14,4.5,5,False,False,none
ORD007814,2025-02-20,Signature Hoodie,3,213.6,Australia,3PL_International,Passport_Global,product_launch,19.65,3.9,9,False,False,none
ORD007815,2025-04-12,Cloud Sweatpants,2,156.0,United States,3PL_West,Carrier_C,none,7.43,2.3,5,False,False,none
ORD007816,2025-03-04,Cloud Sweatpants,4,280.8,United States,3PL_East,Carrier_D,product_launch,10.63,5.0,5,False,False,none
ORD007817,2025-04-12,Signature Hoodie,2,142.4,Canada,3PL_International,Passport_Global,email_drop,19.01,3.7,9,False,False,none
ORD007818,2025-05-03,Lounge Set,1,142.0,United Kingdom,3PL_International,Passport_Global,none,18.29,5.1,9,False,False,none
ORD007819,2025-06-27,Weighted Tee,3,162.0,United States,3PL_East,Carrier_C,none,8.22,2.3,5,False,False,none
ORD007820,2025-03-25,Signature Hoodie,2,178.0,United States,3PL_West,Carrier_D,none,8.29,2.4,5,False,False,none
ORD007821,2025-05-01,Weighted Tee,1,48.6,United States,3PL_East,Carrier_B,influencer_drop,5.05,3.9,5,False,False,none
ORD007822,2025-04-17,Lounge Set,1,113.6,United States,3PL_Central,Carrier_C,email_drop,5.36,3.2,5,False,False,none
ORD007823,2025-03-04,Lounge Set,3,426.0,United States,3PL_West,Carrier_A,none,6.26,4.7,5,False,False,none
ORD007824,2025-02-20,Signature Hoodie,3,267.0,United States,3PL_Central,Carrier_A,none,8.49,4.4,5,False,False,none
ORD007825,2025-06-29,Lounge Set,1,142.0,United States,3PL_Central,Carrier_A,none,4.71,2.1,5,False,False,none
ORD007826,2025-02-11,Cloud Sweatpants,2,156.0,Australia,3PL_International,Passport_Global,none,18.54,5.1,9,False,False,none
ORD007827,2025-05-29,Signature Hoodie,4,356.0,Canada,3PL_International,Passport_Global,none,20.93,5.5,9,False,False,none
ORD007828,2025-01-30,Zip Hoodie,3,244.8,United States,3PL_Central,Carrier_C,email_drop,8.0,3.9,5,False,False,none
ORD007829,2025-06-01,Signature Hoodie,3,267.0,United States,3PL_East,Carrier_A,none,7.6,5.3,5,True,False,none
ORD007830,2025-02-07,Lounge Set,1,142.0,United States,3PL_East,Carrier_A,none,5.93,3.3,5,False,False,none
ORD007831,2025-06-26,Zip Hoodie,1,96.0,United States,3PL_East,Carrier_B,none,5.81,5.0,5,False,False,none
ORD007832,2025-05-08,Cloud Sweatpants,1,78.0,United States,3PL_West,Carrier_B,none,4.75,4.4,5,False,False,none
ORD007833,2025-01-19,Signature Hoodie,2,142.4,United Kingdom,3PL_International,Passport_Global,product_launch,18.3,3.1,9,False,False,none
ORD007834,2025-05-10,Lounge Set,3,383.4,United States,3PL_East,Carrier_C,influencer_drop,7.48,2.3,5,False,False,none
ORD007835,2025-04-22,Signature Hoodie,2,160.2,United States,3PL_West,Carrier_B,email_drop,7.12,3.4,5,False,False,none
ORD007836,2025-03-07,Lounge Set,1,142.0,Canada,3PL_International,Passport_Global,none,18.23,6.1,9,False,True,fit_issue
ORD007837,2025-02-22,Zip Hoodie,2,192.0,United States,3PL_Central,Carrier_C,none,7.06,2.9,5,False,False,none
ORD007838,2025-05-15,Signature Hoodie,1,71.2,Australia,3PL_International,Passport_Global,holiday_sale,17.59,5.0,9,False,False,none
ORD007839,2025-05-19,Cloud Sweatpants,2,156.0,Australia,3PL_International,Passport_Global,none,19.75,3.7,9,False,False,none
ORD007840,2025-03-06,Weighted Tee,1,54.0,United States,3PL_Central,Carrier_B,none,5.68,3.4,5,False,False,none
ORD007841,2025-06-12,Weighted Tee,2,108.0,United States,3PL_East,Carrier_B,none,6.08,5.2,5,True,False,none
ORD007842,2025-02-23,Signature Hoodie,2,160.2,United States,3PL_West,Carrier_C,email_drop,6.34,2.8,5,False,False,none
ORD007843,2025-01-15,Signature Hoodie,2,178.0,United States,3PL_East,Carrier_D,none,9.0,3.9,5,False,False,none
ORD007844,2025-04-21,Signature Hoodie,1,89.0,United Kingdom,3PL_International,Passport_Global,none,19.0,3.9,9,False,False,none
ORD007845,2025-01-22,Zip Hoodie,4,345.6,United States,3PL_Central,Carrier_A,email_drop,7.47,5.6,5,True,False,none
ORD007846,2025-02-25,Signature Hoodie,2,178.0,Australia,3PL_International,Passport_Global,none,19.16,4.6,9,False,False,none
ORD007847,2025-04-02,Signature Hoodie,2,178.0,Germany,3PL_International,Passport_Global,none,17.67,4.5,9,False,False,none
ORD007848,2025-02-27,Cloud Sweatpants,1,62.4,United States,3PL_East,Carrier_C,influencer_drop,4.8,3.5,5,False,False,none
ORD007849,2025-02-13,Weighted Tee,1,43.2,United States,3PL_Central,Carrier_B,product_launch,5.77,4.8,5,False,False,none
ORD007850,2025-05-12,Signature Hoodie,2,178.0,United States,3PL_West,Carrier_D,none,8.44,2.8,5,False,False,none
ORD007851,2025-04-10,Zip Hoodie,1,96.0,United States,3PL_East,Carrier_A,none,4.75,3.8,5,False,False,none
ORD007852,2025-06-06,Signature Hoodie,4,356.0,United States,3PL_Central,Carrier_D,none,10.3,3.5,5,False,False,none
ORD007853,2025-04-17,Zip Hoodie,2,192.0,United States,3PL_West,Carrier_C,none,7.29,3.6,5,False,True,fit_issue
ORD007854,2025-03-29,Cloud Sweatpants,2,132.6,United States,3PL_East,Carrier_D,holiday_sale,8.41,6.1,5,True,False,none
ORD007855,2025-02-22,Lounge Set,1,113.6,United States,3PL_West,Carrier_A,email_drop,5.4,5.1,5,True,True,changed_mind
ORD007856,2025-05-30,Zip Hoodie,2,192.0,United States,3PL_East,Carrier_B,none,7.37,4.7,5,False,False,none
ORD007857,2025-02-09,Signature Hoodie,3,213.6,United States,3PL_Central,Carrier_A,influencer_drop,8.32,4.0,5,False,False,none
ORD007858,2025-02-18,Cloud Sweatpants,2,156.0,United States,3PL_East,Carrier_C,none,6.24,5.3,5,True,False,none
ORD007859,2025-06-07,Signature Hoodie,2,178.0,United States,3PL_West,Carrier_A,none,7.04,6.1,5,True,False,none
ORD007860,2025-05-19,Signature Hoodie,1,75.65,United States,3PL_West,Carrier_B,product_launch,5.2,5.4,5,True,False,none
ORD007861,2025-04-24,Weighted Tee,1,54.0,United States,3PL_West,Carrier_A,none,5.48,4.7,5,False,False,none
ORD007862,2025-01-08,Cloud Sweatpants,3,234.0,United States,3PL_West,Carrier_C,none,6.33,5.0,5,False,True,quality_issue
ORD007863,2025-01-26,Lounge Set,1,113.6,United States,3PL_West,Carrier_C,holiday_sale,4.95,4.9,5,False,False,none
ORD007864,2025-04-01,Signature Hoodie,4,356.0,United States,3PL_West,Carrier_A,none,8.97,4.2,5,False,False,none
ORD007865,2025-05-20,Lounge Set,1,142.0,United States,3PL_East,Carrier_C,none,4.5,4.1,5,False,False,none
ORD007866,2025-03-26,Lounge Set,3,426.0,United States,3PL_West,Carrier_A,none,7.44,4.3,5,False,False,none
ORD007867,2025-01-04,Zip Hoodie,2,192.0,United States,3PL_East,Carrier_D,none,7.06,4.2,5,False,False,none
ORD007868,2025-02-07,Signature Hoodie,4,356.0,United States,3PL_Central,Carrier_D,none,11.21,4.6,5,False,False,none
ORD007869,2025-04-19,Lounge Set,2,284.0,United States,3PL_West,Carrier_A,none,7.66,2.7,5,False,False,none
ORD007870,2025-05-10,Lounge Set,2,284.0,United States,3PL_West,Carrier_B,none,5.74,2.4,5,False,False,none
ORD007871,2025-01-07,Signature Hoodie,1,89.0,Australia,3PL_International,Passport_Global,none,16.53,5.3,9,False,False,none
ORD007872,2025-01-09,Weighted Tee,2,91.8,Canada,3PL_International,Passport_Global,email_drop,19.38,4.9,9,False,False,none
ORD007873,2025-02-22,Lounge Set,4,511.2,United States,3PL_West,Carrier_D,holiday_sale,10.85,4.7,5,False,False,none
ORD007874,2025-01-17,Signature Hoodie,1,80.1,United States,3PL_Central,Carrier_B,email_drop,5.76,3.6,5,False,False,none
ORD007875,2025-04-09,Cloud Sweatpants,4,265.2,United States,3PL_East,Carrier_B,email_drop,9.41,1.4,5,False,False,none
ORD007876,2025-01-25,Signature Hoodie,4,284.8,United States,3PL_West,Carrier_A,influencer_drop,8.96,3.4,5,False,False,none
ORD007877,2025-05-01,Cloud Sweatpants,3,234.0,United States,3PL_West,Carrier_B,none,8.79,2.9,5,False,False,none
ORD007878,2025-05-26,Lounge Set,2,284.0,Germany,3PL_International,Passport_Global,none,20.13,4.8,9,False,False,none
ORD007879,2025-06-26,Lounge Set,4,568.0,Australia,3PL_International,Passport_Global,none,22.78,5.8,9,False,False,none
ORD007880,2025-06-23,Signature Hoodie,1,89.0,United States,3PL_East,Carrier_B,none,7.05,3.1,5,False,False,none
ORD007881,2025-02-24,Cloud Sweatpants,2,132.6,Germany,3PL_International,Passport_Global,product_launch,18.38,6.1,9,False,False,none
ORD007882,2025-01-06,Cloud Sweatpants,3,234.0,United States,3PL_East,Carrier_B,none,8.56,3.1,5,False,False,none
ORD007883,2025-03-06,Cloud Sweatpants,3,187.2,United States,3PL_West,Carrier_B,holiday_sale,7.85,5.9,5,True,False,none
ORD007884,2025-05-13,Zip Hoodie,2,192.0,United Kingdom,3PL_International,Passport_Global,none,17.42,3.9,9,False,False,none
ORD007885,2025-01-12,Zip Hoodie,1,96.0,United States,3PL_Central,Carrier_B,none,5.81,4.3,5,False,False,none
ORD007886,2025-03-10,Signature Hoodie,4,356.0,United States,3PL_West,Carrier_C,none,8.28,4.0,5,False,False,none
ORD007887,2025-03-01,Signature Hoodie,2,178.0,United Kingdom,3PL_International,Passport_Global,none,18.95,3.5,9,False,False,none
ORD007888,2025-02-14,Lounge Set,3,426.0,United States,3PL_Central,Carrier_B,none,6.79,3.5,5,False,False,none
ORD007889,2025-05-12,Signature Hoodie,2,142.4,United States,3PL_East,Carrier_C,email_drop,7.59,3.3,5,False,False,none
ORD007890,2025-05-03,Cloud Sweatpants,4,312.0,Canada,3PL_International,Passport_Global,none,20.53,5.3,9,False,False,none
ORD007891,2025-04-08,Weighted Tee,2,91.8,United Kingdom,3PL_International,Passport_Global,holiday_sale,18.36,5.8,9,False,False,none
ORD007892,2025-06-17,Lounge Set,2,227.2,United States,3PL_East,Carrier_D,holiday_sale,9.26,4.9,5,False,True,duplicate_order
ORD007893,2025-01-21,Zip Hoodie,3,288.0,United States,3PL_East,Carrier_A,none,7.92,3.1,5,False,False,none
ORD007894,2025-01-31,Signature Hoodie,2,142.4,United States,3PL_West,Carrier_A,product_launch,7.99,3.6,5,False,False,none
ORD007895,2025-03-14,Zip Hoodie,1,96.0,United Kingdom,3PL_International,Passport_Global,none,18.51,5.1,9,False,False,none
ORD007896,2025-05-02,Zip Hoodie,3,288.0,United States,3PL_Central,Carrier_C,none,8.58,3.8,5,False,False,none
ORD007897,2025-04-18,Cloud Sweatpants,1,78.0,United States,3PL_Central,Carrier_A,none,4.57,5.3,5,True,False,none
ORD007898,2025-01-15,Signature Hoodie,1,89.0,Canada,3PL_International,Passport_Global,none,18.08,5.4,9,False,False,none
ORD007899,2025-06-24,Signature Hoodie,1,89.0,United States,3PL_Central,Carrier_A,none,6.86,3.8,5,False,False,none
ORD007900,2025-03-02,Cloud Sweatpants,1,78.0,United States,3PL_Central,Carrier_D,none,6.33,4.5,5,False,False,none
ORD007901,2025-03-10,Weighted Tee,4,172.8,United States,3PL_East,Carrier_B,holiday_sale,8.86,5.1,5,True,False,none
ORD007902,2025-04-26,Zip Hoodie,4,384.0,United States,3PL_West,Carrier_A,none,8.77,2.7,5,False,True,fit_issue
ORD007903,2025-06-22,Signature Hoodie,1,75.65,United States,3PL_Central,Carrier_B,influencer_drop,5.62,4.1,5,False,False,none
ORD007904,2025-05-03,Signature Hoodie,4,356.0,Canada,3PL_International,Passport_Global,none,21.86,4.3,9,False,False,none
ORD007905,2025-06-24,Cloud Sweatpants,2,156.0,United States,3PL_Central,Carrier_C,none,6.66,4.5,5,False,False,none
ORD007906,2025-02-07,Cloud Sweatpants,4,312.0,United States,3PL_Central,Carrier_D,none,12.27,5.9,5,True,False,none
ORD007907,2025-04-25,Signature Hoodie,1,89.0,United States,3PL_East,Carrier_C,none,3.52,4.1,5,False,False,none
ORD007908,2025-06-05,Weighted Tee,1,54.0,United States,3PL_West,Carrier_B,none,3.25,3.1,5,False,False,none
ORD007909,2025-04-03,Lounge Set,4,482.8,United States,3PL_East,Carrier_D,influencer_drop,10.45,2.6,5,False,False,none
ORD007910,2025-03-11,Weighted Tee,1,54.0,United States,3PL_Central,Carrier_A,none,6.42,4.7,5,False,False,none
ORD007911,2025-06-28,Cloud Sweatpants,2,156.0,United States,3PL_Central,Carrier_C,none,6.43,1.8,5,False,False,none
ORD007912,2025-01-29,Lounge Set,4,482.8,United States,3PL_West,Carrier_B,influencer_drop,8.51,4.4,5,False,False,none
ORD007913,2025-03-18,Zip Hoodie,1,76.8,United States,3PL_East,Carrier_B,email_drop,3.88,3.1,5,False,False,none
ORD007914,2025-06-11,Cloud Sweatpants,1,70.2,United States,3PL_East,Carrier_A,product_launch,5.16,6.9,5,True,False,none
ORD007915,2025-06-15,Signature Hoodie,3,267.0,United States,3PL_East,Carrier_A,none,7.28,2.9,5,False,False,none
ORD007916,2025-06-28,Signature Hoodie,2,151.3,United States,3PL_West,Carrier_C,email_drop,6.41,3.1,5,False,False,none
ORD007917,2025-06-13,Signature Hoodie,1,89.0,United States,3PL_Central,Carrier_C,none,5.29,4.6,5,False,True,quality_issue
ORD007918,2025-01-11,Lounge Set,1,120.7,United States,3PL_East,Carrier_D,email_drop,7.75,2.8,5,False,False,none
ORD007919,2025-06-20,Zip Hoodie,2,192.0,United States,3PL_West,Carrier_C,none,6.2,3.5,5,False,True,duplicate_order
ORD007920,2025-03-21,Weighted Tee,4,216.0,United States,3PL_Central,Carrier_A,none,8.17,2.3,5,False,False,none
ORD007921,2025-05-01,Cloud Sweatpants,1,66.3,United States,3PL_Central,Carrier_A,product_launch,5.41,4.0,5,False,False,none
ORD007922,2025-03-16,Signature Hoodie,2,151.3,United States,3PL_East,Carrier_C,email_drop,6.53,3.3,5,False,False,none
ORD007923,2025-06-02,Cloud Sweatpants,1,78.0,United States,3PL_East,Carrier_A,none,4.42,3.8,5,False,False,none
ORD007924,2025-04-16,Signature Hoodie,1,89.0,Canada,3PL_International,Passport_Global,none,18.1,7.0,9,False,False,none
ORD007925,2025-06-07,Lounge Set,1,120.7,United States,3PL_East,Carrier_B,email_drop,4.39,5.2,5,True,True,changed_mind
ORD007926,2025-02-08,Signature Hoodie,2,178.0,United States,3PL_East,Carrier_C,none,7.07,5.7,5,True,False,none
ORD007927,2025-02-07,Signature Hoodie,2,178.0,United States,3PL_West,Carrier_B,none,6.13,3.4,5,False,False,none
ORD007928,2025-03-23,Cloud Sweatpants,1,78.0,United States,3PL_West,Carrier_A,none,4.49,4.3,5,False,False,none
ORD007929,2025-01-02,Lounge Set,1,142.0,United States,3PL_East,Carrier_D,none,9.42,3.1,5,False,False,none
ORD007930,2025-05-10,Cloud Sweatpants,3,234.0,United States,3PL_West,Carrier_D,none,9.58,3.1,5,False,False,none
ORD007931,2025-03-01,Signature Hoodie,1,75.65,United States,3PL_West,Carrier_C,influencer_drop,6.25,2.5,5,False,False,none
ORD007932,2025-04-12,Zip Hoodie,2,192.0,Canada,3PL_International,Passport_Global,none,18.89,3.4,9,False,False,none
ORD007933,2025-01-15,Signature Hoodie,1,71.2,United States,3PL_East,Carrier_C,influencer_drop,6.45,3.3,5,False,True,changed_mind
ORD007934,2025-02-04,Zip Hoodie,2,163.2,United States,3PL_East,Carrier_B,holiday_sale,7.14,2.8,5,False,True,late_delivery
ORD007935,2025-04-26,Zip Hoodie,4,384.0,United States,3PL_West,Carrier_A,none,8.63,2.7,5,False,False,none
ORD007936,2025-03-02,Signature Hoodie,2,151.3,United States,3PL_West,Carrier_C,email_drop,7.33,3.9,5,False,False,none
ORD007937,2025-02-13,Cloud Sweatpants,2,156.0,United States,3PL_East,Carrier_D,none,9.3,1.2,5,False,False,none
ORD007938,2025-02-15,Signature Hoodie,1,75.65,United States,3PL_East,Carrier_B,holiday_sale,5.07,5.9,5,True,False,none
ORD007939,2025-02-13,Signature Hoodie,1,89.0,United States,3PL_East,Carrier_A,none,5.39,3.6,5,False,False,none
ORD007940,2025-04-26,Zip Hoodie,1,96.0,Australia,3PL_International,Passport_Global,none,19.47,3.6,9,False,False,none
ORD007941,2025-02-03,Signature Hoodie,2,178.0,United States,3PL_West,Carrier_B,none,6.71,3.6,5,False,False,none
ORD007942,2025-03-11,Signature Hoodie,4,284.8,United States,3PL_West,Carrier_C,holiday_sale,9.74,5.2,5,True,False,none
ORD007943,2025-05-09,Zip Hoodie,1,96.0,United States,3PL_West,Carrier_A,none,6.06,3.1,5,False,False,none
ORD007944,2025-04-04,Zip Hoodie,1,76.8,United Kingdom,3PL_International,Passport_Global,influencer_drop,18.67,6.1,9,False,False,none
ORD007945,2025-04-20,Lounge Set,3,426.0,Canada,3PL_International,Passport_Global,none,20.9,5.7,9,False,False,none
ORD007946,2025-02-20,Lounge Set,2,255.6,United States,3PL_East,Carrier_D,email_drop,6.17,3.0,5,False,False,none
ORD007947,2025-06-20,Cloud Sweatpants,3,234.0,United States,3PL_West,Carrier_D,none,9.08,3.3,5,False,True,duplicate_order
ORD007948,2025-03-19,Cloud Sweatpants,1,78.0,Australia,3PL_International,Passport_Global,none,17.56,6.5,9,False,False,none
ORD007949,2025-02-27,Cloud Sweatpants,2,156.0,United States,3PL_Central,Carrier_D,none,8.58,4.3,5,False,False,none
ORD007950,2025-06-16,Lounge Set,4,568.0,United States,3PL_West,Carrier_A,none,8.15,3.2,5,False,False,none
ORD007951,2025-05-02,Cloud Sweatpants,2,124.8,United States,3PL_West,Carrier_B,influencer_drop,6.46,2.7,5,False,False,none
ORD007952,2025-04-24,Weighted Tee,3,129.6,United States,3PL_Central,Carrier_B,email_drop,6.69,4.4,5,False,False,none
ORD007953,2025-06-13,Zip Hoodie,2,192.0,United States,3PL_West,Carrier_D,none,6.73,3.4,5,False,True,changed_mind
ORD007954,2025-01-12,Signature Hoodie,1,89.0,Canada,3PL_International,Passport_Global,none,19.95,4.6,9,False,False,none
ORD007955,2025-06-06,Lounge Set,1,142.0,Australia,3PL_International,Passport_Global,none,17.46,4.0,9,False,False,none
ORD007956,2025-05-07,Signature Hoodie,2,142.4,United States,3PL_East,Carrier_D,email_drop,9.37,2.9,5,False,False,none
ORD007957,2025-03-10,Weighted Tee,1,43.2,United States,3PL_West,Carrier_D,influencer_drop,7.92,4.7,5,False,False,none
ORD007958,2025-02-21,Signature Hoodie,2,142.4,United States,3PL_East,Carrier_B,holiday_sale,6.22,5.0,5,False,False,none
ORD007959,2025-01-22,Zip Hoodie,2,172.8,United Kingdom,3PL_International,Passport_Global,holiday_sale,20.17,5.4,9,False,False,none
ORD007960,2025-06-22,Zip Hoodie,3,288.0,United Kingdom,3PL_International,Passport_Global,none,19.39,3.3,9,False,False,none
ORD007961,2025-01-29,Signature Hoodie,4,356.0,United Kingdom,3PL_International,Passport_Global,none,21.19,5.1,9,False,False,none
ORD007962,2025-02-22,Zip Hoodie,4,345.6,United States,3PL_West,Carrier_A,holiday_sale,9.34,3.8,5,False,False,none
ORD007963,2025-05-09,Signature Hoodie,1,89.0,United States,3PL_East,Carrier_B,none,5.43,2.7,5,False,False,none
ORD007964,2025-05-13,Cloud Sweatpants,3,234.0,United States,3PL_West,Carrier_C,none,7.57,3.8,5,False,False,none
ORD007965,2025-02-02,Signature Hoodie,3,267.0,United States,3PL_West,Carrier_D,none,7.94,3.5,5,False,False,none
ORD007966,2025-06-02,Lounge Set,4,454.4,United States,3PL_East,Carrier_B,influencer_drop,9.47,2.0,5,False,False,none
ORD007967,2025-04-03,Lounge Set,1,127.8,United States,3PL_East,Carrier_B,email_drop,6.13,3.6,5,False,False,none
ORD007968,2025-06-08,Signature Hoodie,2,151.3,United States,3PL_West,Carrier_B,product_launch,6.17,3.8,5,False,False,none
ORD007969,2025-01-18,Lounge Set,2,284.0,United States,3PL_Central,Carrier_D,none,9.1,3.3,5,False,False,none
ORD007970,2025-01-09,Lounge Set,1,142.0,Canada,3PL_International,Passport_Global,none,18.0,6.7,9,False,True,fit_issue
ORD007971,2025-04-28,Signature Hoodie,1,89.0,United States,3PL_East,Carrier_A,none,6.28,2.6,5,False,False,none
ORD007972,2025-01-31,Weighted Tee,2,97.2,United States,3PL_East,Carrier_A,influencer_drop,7.18,4.3,5,False,False,none
ORD007973,2025-04-06,Signature Hoodie,1,89.0,United States,3PL_East,Carrier_C,none,5.16,4.5,5,False,False,none
ORD007974,2025-01-03,Lounge Set,3,340.8,United States,3PL_West,Carrier_B,product_launch,9.38,4.4,5,False,False,none
ORD007975,2025-05-27,Cloud Sweatpants,3,234.0,United States,3PL_East,Carrier_D,none,8.79,4.2,5,False,False,none
ORD007976,2025-06-15,Weighted Tee,1,43.2,Canada,3PL_International,Passport_Global,influencer_drop,15.38,3.9,9,False,False,none
ORD007977,2025-06-06,Signature Hoodie,1,75.65,United States,3PL_Central,Carrier_D,influencer_drop,5.1,4.3,5,False,False,none
ORD007978,2025-06-24,Signature Hoodie,2,178.0,Canada,3PL_International,Passport_Global,none,19.31,5.4,9,False,False,none
ORD007979,2025-06-16,Lounge Set,3,362.1,United States,3PL_West,Carrier_D,email_drop,7.69,5.3,5,True,False,none
ORD007980,2025-03-23,Zip Hoodie,1,96.0,United States,3PL_Central,Carrier_B,none,4.89,4.4,5,False,False,none
ORD007981,2025-03-16,Zip Hoodie,2,172.8,United Kingdom,3PL_International,Passport_Global,influencer_drop,19.85,5.2,9,False,False,none
ORD007982,2025-06-15,Zip Hoodie,1,81.6,United States,3PL_East,Carrier_B,influencer_drop,3.39,6.9,5,True,False,none
ORD007983,2025-06-20,Zip Hoodie,3,288.0,United States,3PL_East,Carrier_C,none,7.51,5.0,5,False,False,none
ORD007984,2025-06-27,Signature Hoodie,4,356.0,United States,3PL_Central,Carrier_A,none,8.79,5.2,5,True,False,none
ORD007985,2025-05-25,Signature Hoodie,1,71.2,United States,3PL_Central,Carrier_B,product_launch,4.17,3.5,5,False,False,none
ORD007986,2025-02-10,Signature Hoodie,1,71.2,Canada,3PL_International,Passport_Global,product_launch,18.0,4.6,9,False,False,none
ORD007987,2025-06-22,Signature Hoodie,1,89.0,Germany,3PL_International,Passport_Global,none,17.65,5.1,9,False,False,none
ORD007988,2025-06-22,Lounge Set,3,362.1,United States,3PL_East,Carrier_A,product_launch,8.19,2.9,5,False,False,none
ORD007989,2025-05-04,Cloud Sweatpants,4,312.0,Canada,3PL_International,Passport_Global,none,21.21,4.3,9,False,False,none
ORD007990,2025-06-09,Cloud Sweatpants,1,78.0,United States,3PL_Central,Carrier_C,none,5.01,4.5,5,False,False,none
ORD007991,2025-04-13,Signature Hoodie,1,89.0,United States,3PL_East,Carrier_A,none,5.69,5.0,5,False,False,none
ORD007992,2025-06-22,Lounge Set,2,284.0,United States,3PL_East,Carrier_B,none,7.57,4.9,5,False,False,none
ORD007993,2025-01-19,Signature Hoodie,4,356.0,United States,3PL_West,Carrier_A,none,9.95,3.1,5,False,False,none
ORD007994,2025-06-10,Signature Hoodie,4,284.8,United States,3PL_Central,Carrier_A,email_drop,9.33,2.9,5,False,False,none
ORD007995,2025-01-12,Lounge Set,2,284.0,United States,3PL_Central,Carrier_A,none,7.21,5.8,5,True,False,none
ORD007996,2025-03-07,Signature Hoodie,3,267.0,United States,3PL_West,Carrier_A,none,7.17,1.7,5,False,False,none
ORD007997,2025-01-28,Lounge Set,4,511.2,Germany,3PL_International,Passport_Global,email_drop,21.04,3.2,9,False,False,none
ORD007998,2025-03-29,Signature Hoodie,3,213.6,Canada,3PL_International,Passport_Global,influencer_drop,20.47,4.5,9,False,False,none
ORD007999,2025-02-16,Lounge Set,2,227.2,Canada,3PL_International,Passport_Global,product_launch,19.15,5.0,9,False,False,none
ORD008000,2025-06-23,Signature Hoodie,1,89.0,Canada,3PL_International,Passport_Global,none,18.29,3.6,9,False,False,none
ORD008001,2025-04-13,Signature Hoodie,1,71.2,Canada,3PL_International,Passport_Global,holiday_sale,18.95,3.6,9,False,False,none
ORD008002,2025-06-15,Cloud Sweatpants,1,78.0,United States,3PL_Central,Carrier_B,none,5.31,2.0,5,False,False,none
ORD008003,2025-02-25,Zip Hoodie,4,384.0,United States,3PL_East,Carrier_C,none,7.67,5.1,5,True,False,none
ORD008004,2025-01-06,Lounge Set,3,340.8,Canada,3PL_International,Passport_Global,email_drop,19.39,6.2,9,False,False,none
ORD008005,2025-05-26,Signature Hoodie,4,356.0,United States,3PL_Central,Carrier_A,none,9.02,4.5,5,False,False,none
ORD008006,2025-05-11,Zip Hoodie,3,244.8,United States,3PL_Central,Carrier_A,influencer_drop,7.4,3.0,5,False,False,none
ORD008007,2025-04-10,Signature Hoodie,2,178.0,United States,3PL_West,Carrier_C,none,5.57,3.6,5,False,False,none
ORD008008,2025-06-02,Lounge Set,3,426.0,United States,3PL_West,Carrier_A,none,7.67,3.4,5,False,False,none
ORD008009,2025-06-06,Weighted Tee,2,108.0,United States,3PL_Central,Carrier_B,none,5.96,2.9,5,False,False,none
ORD008010,2025-04-19,Signature Hoodie,3,267.0,United States,3PL_West,Carrier_C,none,8.17,3.4,5,False,False,none
ORD008011,2025-06-25,Signature Hoodie,1,89.0,Canada,3PL_International,Passport_Global,none,19.02,4.0,9,False,False,none
ORD008012,2025-05-15,Lounge Set,1,142.0,United States,3PL_East,Carrier_B,none,6.33,2.0,5,False,True,late_delivery
ORD008013,2025-05-06,Lounge Set,1,142.0,United States,3PL_East,Carrier_B,none,4.66,5.7,5,True,False,none
ORD008014,2025-03-11,Zip Hoodie,1,81.6,Australia,3PL_International,Passport_Global,influencer_drop,17.3,4.7,9,False,False,none
ORD008015,2025-01-01,Cloud Sweatpants,4,312.0,United States,3PL_East,Carrier_A,none,7.62,3.7,5,False,False,none
ORD008016,2025-02-18,Zip Hoodie,4,384.0,United States,3PL_West,Carrier_A,none,9.75,2.4,5,False,False,none
ORD008017,2025-05-24,Signature Hoodie,1,89.0,Canada,3PL_International,Passport_Global,none,17.91,5.1,9,False,False,none
ORD008018,2025-05-13,Weighted Tee,2,108.0,United States,3PL_East,Carrier_A,none,7.83,2.5,5,False,True,changed_mind
ORD008019,2025-03-06,Lounge Set,4,568.0,United States,3PL_West,Carrier_A,none,9.34,3.5,5,False,False,none
ORD008020,2025-04-26,Lounge Set,3,383.4,United States,3PL_East,Carrier_B,email_drop,7.34,3.4,5,False,False,none
ORD008021,2025-02-09,Lounge Set,2,227.2,Australia,3PL_International,Passport_Global,holiday_sale,17.53,5.9,9,False,False,none
ORD008022,2025-02-22,Weighted Tee,2,108.0,United States,3PL_East,Carrier_A,none,6.8,2.0,5,False,False,none
ORD008023,2025-06-22,Signature Hoodie,1,80.1,United States,3PL_Central,Carrier_D,influencer_drop,8.88,3.8,5,False,False,none
ORD008024,2025-03-19,Lounge Set,4,568.0,United States,3PL_East,Carrier_A,none,9.53,3.9,5,False,True,changed_mind
ORD008025,2025-02-19,Signature Hoodie,1,89.0,Germany,3PL_International,Passport_Global,none,17.7,4.8,9,False,False,none
ORD008026,2025-03-30,Signature Hoodie,4,356.0,United States,3PL_West,Carrier_D,none,11.33,4.9,5,False,False,none
ORD008027,2025-03-15,Signature Hoodie,4,356.0,United States,3PL_Central,Carrier_A,none,9.44,4.4,5,False,False,none
ORD008028,2025-05-17,Signature Hoodie,1,89.0,United States,3PL_West,Carrier_A,none,6.42,5.6,5,True,True,fit_issue
ORD008029,2025-06-25,Cloud Sweatpants,2,156.0,Australia,3PL_International,Passport_Global,none,18.27,3.2,9,False,False,none
ORD008030,2025-04-19,Cloud Sweatpants,4,312.0,United States,3PL_East,Carrier_C,none,9.2,5.8,5,True,False,none
ORD008031,2025-04-19,Signature Hoodie,2,178.0,United States,3PL_West,Carrier_D,none,7.16,4.5,5,False,False,none
ORD008032,2025-03-11,Signature Hoodie,1,89.0,United States,3PL_East,Carrier_B,none,3.9,3.6,5,False,False,none
ORD008033,2025-04-14,Signature Hoodie,1,75.65,United Kingdom,3PL_International,Passport_Global,influencer_drop,18.36,6.5,9,False,False,none
ORD008034,2025-03-04,Zip Hoodie,2,172.8,United States,3PL_West,Carrier_C,holiday_sale,7.55,5.9,5,True,False,none
ORD008035,2025-01-01,Cloud Sweatpants,1,78.0,United States,3PL_West,Carrier_B,none,5.4,5.0,5,False,False,none
ORD008036,2025-06-10,Zip Hoodie,3,288.0,United States,3PL_East,Carrier_D,none,9.43,2.4,5,False,False,none
ORD008037,2025-03-21,Lounge Set,4,568.0,United States,3PL_East,Carrier_B,none,9.13,3.9,5,False,False,none
ORD008038,2025-03-30,Zip Hoodie,1,76.8,United States,3PL_West,Carrier_B,holiday_sale,6.32,5.5,5,True,False,none
ORD008039,2025-01-17,Signature Hoodie,1,89.0,Canada,3PL_International,Passport_Global,none,18.52,4.6,9,False,False,none
ORD008040,2025-06-06,Cloud Sweatpants,1,78.0,United States,3PL_East,Carrier_C,none,5.66,3.8,5,False,False,none
ORD008041,2025-02-04,Cloud Sweatpants,1,66.3,United States,3PL_Central,Carrier_B,product_launch,5.95,4.6,5,False,False,none
ORD008042,2025-03-18,Signature Hoodie,2,178.0,United States,3PL_East,Carrier_B,none,7.21,2.3,5,False,False,none
ORD008043,2025-06-06,Lounge Set,1,142.0,United States,3PL_West,Carrier_A,none,4.54,4.3,5,False,False,none
ORD008044,2025-03-25,Signature Hoodie,4,320.4,United States,3PL_East,Carrier_A,holiday_sale,9.28,5.0,5,False,False,none
ORD008045,2025-06-20,Weighted Tee,2,97.2,United States,3PL_West,Carrier_B,product_launch,5.52,4.9,5,False,False,none
ORD008046,2025-02-12,Signature Hoodie,1,89.0,Australia,3PL_International,Passport_Global,none,18.66,4.3,9,False,False,none
ORD008047,2025-05-14,Zip Hoodie,1,96.0,Australia,3PL_International,Passport_Global,none,18.48,4.2,9,False,False,none
ORD008048,2025-06-27,Signature Hoodie,2,178.0,United States,3PL_West,Carrier_A,none,6.6,5.0,5,False,False,none
ORD008049,2025-04-11,Lounge Set,2,284.0,United States,3PL_East,Carrier_A,none,6.4,3.5,5,False,False,none
ORD008050,2025-05-10,Lounge Set,2,284.0,United States,3PL_East,Carrier_D,none,9.27,4.1,5,False,False,none
ORD008051,2025-03-16,Signature Hoodie,1,89.0,Australia,3PL_International,Passport_Global,none,18.02,5.5,9,False,False,none
ORD008052,2025-05-21,Signature Hoodie,1,71.2,United States,3PL_West,Carrier_A,email_drop,5.61,3.8,5,False,False,none
ORD008053,2025-06-17,Zip Hoodie,2,163.2,United States,3PL_East,Carrier_C,influencer_drop,6.82,2.4,5,False,False,none
ORD008054,2025-05-11,Signature Hoodie,3,240.3,United States,3PL_West,Carrier_B,product_launch,8.03,5.1,5,True,False,none
ORD008055,2025-06-21,Signature Hoodie,2,151.3,United States,3PL_West,Carrier_B,holiday_sale,7.49,3.8,5,False,False,none
ORD008056,2025-04-19,Weighted Tee,2,108.0,United States,3PL_West,Carrier_C,none,5.26,4.1,5,False,False,none
ORD008057,2025-04-16,Zip Hoodie,1,96.0,United States,3PL_East,Carrier_B,none,5.31,1.7,5,False,False,none
ORD008058,2025-03-02,Signature Hoodie,3,267.0,United States,3PL_Central,Carrier_A,none,6.08,6.5,5,True,False,none
ORD008059,2025-05-13,Cloud Sweatpants,2,156.0,United States,3PL_Central,Carrier_C,none,6.87,2.9,5,False,False,none
ORD008060,2025-06-13,Signature Hoodie,3,267.0,United States,3PL_East,Carrier_A,none,7.19,3.7,5,False,False,none
ORD008061,2025-04-30,Lounge Set,2,255.6,United States,3PL_Central,Carrier_D,influencer_drop,8.46,4.1,5,False,True,fit_issue
ORD008062,2025-02-16,Signature Hoodie,4,356.0,United States,3PL_West,Carrier_D,none,10.03,3.1,5,False,False,none
ORD008063,2025-04-10,Signature Hoodie,4,356.0,United States,3PL_East,Carrier_B,none,8.2,4.6,5,False,False,none
ORD008064,2025-05-22,Signature Hoodie,3,267.0,United States,3PL_West,Carrier_C,none,7.35,5.0,5,False,False,none
ORD008065,2025-06-21,Weighted Tee,1,43.2,Germany,3PL_International,Passport_Global,product_launch,17.87,5.7,9,False,False,none
ORD008066,2025-02-01,Signature Hoodie,1,80.1,United States,3PL_Central,Carrier_D,email_drop,7.75,5.0,5,False,False,none
ORD008067,2025-01-26,Zip Hoodie,1,96.0,United States,3PL_Central,Carrier_A,none,4.81,3.8,5,False,False,none
ORD008068,2025-03-19,Cloud Sweatpants,3,234.0,United States,3PL_West,Carrier_A,none,7.81,4.8,5,False,False,none
ORD008069,2025-01-26,Lounge Set,4,511.2,United States,3PL_West,Carrier_B,holiday_sale,9.17,6.5,5,True,False,none
ORD008070,2025-06-28,Signature Hoodie,2,178.0,United States,3PL_West,Carrier_B,none,6.16,4.3,5,False,False,none
ORD008071,2025-03-20,Lounge Set,3,340.8,United Kingdom,3PL_International,Passport_Global,email_drop,20.4,4.4,9,False,False,none
ORD008072,2025-04-08,Weighted Tee,1,45.9,United States,3PL_West,Carrier_A,email_drop,4.36,3.9,5,False,True,fit_issue
ORD008073,2025-02-15,Signature Hoodie,2,142.4,United States,3PL_West,Carrier_B,email_drop,5.83,3.3,5,False,False,none
ORD008074,2025-03-24,Signature Hoodie,2,178.0,United Kingdom,3PL_International,Passport_Global,none,19.8,3.8,9,False,False,none
ORD008075,2025-06-28,Weighted Tee,1,43.2,Canada,3PL_International,Passport_Global,holiday_sale,16.01,6.1,9,False,False,none
ORD008076,2025-03-30,Cloud Sweatpants,3,234.0,United States,3PL_East,Carrier_A,none,7.43,4.2,5,False,True,fit_issue
ORD008077,2025-01-02,Lounge Set,1,142.0,United States,3PL_East,Carrier_B,none,5.46,3.1,5,False,False,none
ORD008078,2025-02-18,Lounge Set,1,142.0,United States,3PL_East,Carrier_B,none,5.6,1.9,5,False,False,none
ORD008079,2025-06-27,Signature Hoodie,2,178.0,United States,3PL_West,Carrier_B,none,6.78,4.1,5,False,False,none
ORD008080,2025-06-29,Signature Hoodie,2,178.0,United States,3PL_East,Carrier_A,none,6.37,2.4,5,False,False,none
ORD008081,2025-02-12,Signature Hoodie,2,142.4,United States,3PL_East,Carrier_B,influencer_drop,6.25,2.2,5,False,False,none
ORD008082,2025-04-24,Cloud Sweatpants,2,132.6,Canada,3PL_International,Passport_Global,holiday_sale,18.27,4.8,9,False,False,none
ORD008083,2025-01-16,Cloud Sweatpants,2,156.0,United States,3PL_Central,Carrier_A,none,7.79,3.3,5,False,False,none
ORD008084,2025-04-17,Zip Hoodie,1,81.6,United States,3PL_West,Carrier_B,influencer_drop,6.02,2.8,5,False,False,none
ORD008085,2025-01-26,Cloud Sweatpants,3,210.6,United States,3PL_West,Carrier_B,product_launch,7.93,5.1,5,True,True,changed_mind
ORD008086,2025-06-03,Lounge Set,4,568.0,United Kingdom,3PL_International,Passport_Global,none,21.19,5.5,9,False,True,fit_issue
ORD008087,2025-06-21,Signature Hoodie,2,160.2,United States,3PL_West,Carrier_D,email_drop,7.87,4.1,5,False,False,none
ORD008088,2025-02-04,Cloud Sweatpants,1,70.2,United States,3PL_East,Carrier_C,product_launch,5.36,1.4,5,False,False,none
ORD008089,2025-03-26,Signature Hoodie,1,80.1,United States,3PL_West,Carrier_D,influencer_drop,6.43,3.9,5,False,False,none
ORD008090,2025-01-21,Signature Hoodie,3,267.0,United States,3PL_West,Carrier_B,none,8.8,4.5,5,False,False,none
ORD008091,2025-03-07,Signature Hoodie,1,71.2,United States,3PL_West,Carrier_B,holiday_sale,4.7,4.2,5,False,False,none
ORD008092,2025-01-13,Lounge Set,3,340.8,United States,3PL_West,Carrier_C,email_drop,6.7,4.9,5,False,False,none
ORD008093,2025-02-23,Cloud Sweatpants,2,156.0,United States,3PL_East,Carrier_B,none,8.93,4.6,5,False,False,none
ORD008094,2025-06-29,Signature Hoodie,2,178.0,United States,3PL_East,Carrier_C,none,6.44,3.0,5,False,False,none
ORD008095,2025-01-10,Zip Hoodie,1,96.0,United States,3PL_Central,Carrier_B,none,4.71,5.2,5,True,False,none
ORD008096,2025-06-09,Zip Hoodie,2,192.0,United States,3PL_East,Carrier_A,none,7.16,3.4,5,False,False,none
ORD008097,2025-01-16,Cloud Sweatpants,2,156.0,United Kingdom,3PL_International,Passport_Global,none,17.88,4.4,9,False,False,none
ORD008098,2025-04-07,Signature Hoodie,1,89.0,United States,3PL_West,Carrier_B,none,4.84,4.5,5,False,False,none
ORD008099,2025-03-24,Signature Hoodie,3,213.6,Canada,3PL_International,Passport_Global,holiday_sale,20.74,4.0,9,False,True,quality_issue
ORD008100,2025-06-20,Signature Hoodie,1,75.65,United States,3PL_West,Carrier_B,email_drop,7.12,5.1,5,True,False,none
ORD008101,2025-02-09,Signature Hoodie,1,89.0,Canada,3PL_International,Passport_Global,none,18.62,3.9,9,False,True,fit_issue
ORD008102,2025-02-06,Signature Hoodie,2,178.0,United States,3PL_Central,Carrier_B,none,7.13,5.4,5,True,False,none
ORD008103,2025-05-21,Zip Hoodie,3,288.0,United States,3PL_East,Carrier_B,none,8.82,5.0,5,False,False,none
ORD008104,2025-05-16,Lounge Set,1,142.0,United States,3PL_East,Carrier_A,none,5.17,3.1,5,False,False,none
ORD008105,2025-05-11,Signature Hoodie,1,75.65,United States,3PL_West,Carrier_A,email_drop,4.23,3.9,5,False,False,none
ORD008106,2025-01-06,Signature Hoodie,3,267.0,United Kingdom,3PL_International,Passport_Global,none,19.54,3.7,9,False,False,none
ORD008107,2025-02-22,Lounge Set,1,113.6,United Kingdom,3PL_International,Passport_Global,product_launch,18.9,4.3,9,False,False,none
ORD008108,2025-06-06,Cloud Sweatpants,2,156.0,United States,3PL_East,Carrier_B,none,5.6,1.0,5,False,False,none
ORD008109,2025-04-21,Zip Hoodie,1,96.0,United Kingdom,3PL_International,Passport_Global,none,17.69,5.9,9,False,False,none
ORD008110,2025-04-21,Lounge Set,1,113.6,United States,3PL_West,Carrier_A,holiday_sale,5.44,3.8,5,False,False,none
ORD008111,2025-03-01,Zip Hoodie,2,192.0,United States,3PL_Central,Carrier_C,none,6.89,5.0,5,False,False,none
ORD008112,2025-02-22,Zip Hoodie,1,96.0,Canada,3PL_International,Passport_Global,none,18.29,4.2,9,False,False,none
ORD008113,2025-06-22,Cloud Sweatpants,1,78.0,United States,3PL_West,Carrier_B,none,5.92,2.0,5,False,False,none
ORD008114,2025-05-17,Weighted Tee,4,183.6,United States,3PL_West,Carrier_B,email_drop,11.22,4.5,5,False,False,none
ORD008115,2025-01-26,Zip Hoodie,3,288.0,United States,3PL_East,Carrier_B,none,8.32,4.3,5,False,False,none
ORD008116,2025-06-21,Signature Hoodie,1,71.2,United States,3PL_West,Carrier_A,influencer_drop,6.56,3.5,5,False,False,none
ORD008117,2025-04-18,Cloud Sweatpants,2,140.4,United States,3PL_Central,Carrier_C,email_drop,6.6,5.2,5,True,False,none
ORD008118,2025-03-07,Signature Hoodie,3,240.3,United States,3PL_East,Carrier_A,holiday_sale,9.3,3.8,5,False,False,none
ORD008119,2025-03-16,Cloud Sweatpants,1,62.4,United States,3PL_East,Carrier_B,email_drop,4.78,3.3,5,False,False,none
ORD008120,2025-05-16,Signature Hoodie,1,75.65,United States,3PL_East,Carrier_B,influencer_drop,6.22,2.7,5,False,False,none
ORD008121,2025-03-13,Zip Hoodie,2,163.2,Australia,3PL_International,Passport_Global,email_drop,18.87,3.8,9,False,False,none
ORD008122,2025-04-17,Cloud Sweatpants,4,312.0,United States,3PL_Central,Carrier_B,none,9.65,2.0,5,False,False,none
ORD008123,2025-05-13,Cloud Sweatpants,4,280.8,United States,3PL_East,Carrier_D,email_drop,11.1,1.0,5,False,False,none
ORD008124,2025-02-09,Zip Hoodie,2,163.2,United States,3PL_East,Carrier_B,email_drop,7.58,5.5,5,True,False,none
ORD008125,2025-06-22,Signature Hoodie,2,178.0,Germany,3PL_International,Passport_Global,none,19.36,5.4,9,False,False,none
ORD008126,2025-03-10,Signature Hoodie,2,151.3,United States,3PL_Central,Carrier_B,email_drop,6.52,5.5,5,True,False,none
ORD008127,2025-03-20,Cloud Sweatpants,4,312.0,United States,3PL_West,Carrier_B,none,9.66,5.1,5,True,False,none
ORD008128,2025-05-11,Cloud Sweatpants,2,156.0,United States,3PL_East,Carrier_A,none,5.9,2.9,5,False,False,none
ORD008129,2025-04-23,Weighted Tee,4,216.0,United States,3PL_East,Carrier_D,none,9.24,3.3,5,False,False,none
ORD008130,2025-03-23,Signature Hoodie,1,89.0,United States,3PL_East,Carrier_A,none,3.65,3.0,5,False,False,none
ORD008131,2025-05-01,Cloud Sweatpants,4,312.0,United States,3PL_Central,Carrier_D,none,12.11,4.8,5,False,False,none
ORD008132,2025-06-16,Weighted Tee,3,162.0,United States,3PL_West,Carrier_B,none,7.91,3.9,5,False,False,none
ORD008133,2025-05-31,Zip Hoodie,3,288.0,United States,3PL_East,Carrier_B,none,8.09,2.3,5,False,False,none
ORD008134,2025-06-04,Signature Hoodie,1,89.0,United States,3PL_Central,Carrier_C,none,5.13,3.8,5,False,False,none
ORD008135,2025-02-21,Cloud Sweatpants,3,234.0,United States,3PL_Central,Carrier_A,none,7.96,4.3,5,False,False,none
ORD008136,2025-03-20,Lounge Set,1,142.0,United States,3PL_East,Carrier_B,none,4.84,3.0,5,False,False,none
ORD008137,2025-04-12,Cloud Sweatpants,4,280.8,United States,3PL_East,Carrier_A,product_launch,8.84,3.2,5,False,False,none
ORD008138,2025-01-10,Signature Hoodie,1,71.2,United States,3PL_Central,Carrier_A,influencer_drop,3.97,3.5,5,False,False,none
ORD008139,2025-05-25,Cloud Sweatpants,3,234.0,Germany,3PL_International,Passport_Global,none,18.6,3.5,9,False,False,none
ORD008140,2025-03-05,Signature Hoodie,2,178.0,United States,3PL_East,Carrier_A,none,5.51,2.3,5,False,False,none
ORD008141,2025-02-26,Cloud Sweatpants,1,78.0,United States,3PL_West,Carrier_B,none,4.73,5.5,5,True,False,none
ORD008142,2025-02-22,Weighted Tee,4,216.0,United States,3PL_West,Carrier_B,none,9.95,4.9,5,False,False,none
ORD008143,2025-02-26,Weighted Tee,1,54.0,United States,3PL_East,Carrier_D,none,9.23,3.4,5,False,False,none
ORD008144,2025-03-07,Zip Hoodie,1,86.4,United States,3PL_East,Carrier_D,email_drop,8.12,2.3,5,False,False,none
ORD008145,2025-04-22,Lounge Set,1,127.8,United States,3PL_West,Carrier_A,email_drop,3.0,6.5,5,True,False,none
ORD008146,2025-04-18,Lounge Set,3,426.0,United States,3PL_Central,Carrier_C,none,9.12,3.4,5,False,False,none
ORD008147,2025-02-21,Weighted Tee,1,43.2,Australia,3PL_International,Passport_Global,email_drop,17.5,4.9,9,False,False,none
ORD008148,2025-02-11,Lounge Set,3,426.0,United States,3PL_East,Carrier_B,none,6.45,2.5,5,False,False,none
ORD008149,2025-06-04,Lounge Set,1,120.7,United States,3PL_West,Carrier_C,influencer_drop,6.93,2.3,5,False,False,none
ORD008150,2025-01-19,Signature Hoodie,1,80.1,United States,3PL_East,Carrier_A,product_launch,5.08,4.4,5,False,False,none
ORD008151,2025-04-04,Signature Hoodie,4,356.0,United States,3PL_West,Carrier_C,none,8.08,3.1,5,False,False,none
ORD008152,2025-04-05,Signature Hoodie,1,75.65,Canada,3PL_International,Passport_Global,influencer_drop,17.37,4.8,9,False,False,none
ORD008153,2025-04-16,Zip Hoodie,2,172.8,United States,3PL_Central,Carrier_D,influencer_drop,8.09,2.0,5,False,False,none
ORD008154,2025-06-13,Weighted Tee,1,54.0,Canada,3PL_International,Passport_Global,none,18.29,4.9,9,False,False,none
ORD008155,2025-04-26,Weighted Tee,2,108.0,United States,3PL_East,Carrier_A,none,6.72,2.8,5,False,False,none
ORD008156,2025-06-27,Lounge Set,1,113.6,United States,3PL_East,Carrier_A,influencer_drop,4.89,3.9,5,False,False,none
ORD008157,2025-06-11,Lounge Set,1,142.0,United States,3PL_East,Carrier_B,none,3.85,4.1,5,False,False,none
ORD008158,2025-02-13,Cloud Sweatpants,3,234.0,United States,3PL_West,Carrier_C,none,7.08,3.9,5,False,False,none
ORD008159,2025-02-18,Cloud Sweatpants,2,140.4,United States,3PL_West,Carrier_C,email_drop,6.75,3.5,5,False,False,none
ORD008160,2025-03-08,Zip Hoodie,2,192.0,United States,3PL_Central,Carrier_B,none,5.97,3.5,5,False,True,duplicate_order
ORD008161,2025-03-15,Signature Hoodie,4,356.0,Germany,3PL_International,Passport_Global,none,21.37,4.1,9,False,False,none
ORD008162,2025-04-12,Lounge Set,1,127.8,United States,3PL_West,Carrier_B,product_launch,5.41,5.1,5,True,False,none
ORD008163,2025-02-16,Zip Hoodie,3,288.0,United States,3PL_Central,Carrier_A,none,8.62,3.0,5,False,False,none
ORD008164,2025-02-14,Signature Hoodie,3,267.0,United States,3PL_East,Carrier_A,none,7.93,3.4,5,False,False,none
ORD008165,2025-03-14,Zip Hoodie,2,172.8,United States,3PL_West,Carrier_A,email_drop,7.25,2.5,5,False,False,none
ORD008166,2025-05-05,Cloud Sweatpants,1,78.0,Canada,3PL_International,Passport_Global,none,17.62,2.4,9,False,True,changed_mind
ORD008167,2025-05-09,Lounge Set,1,127.8,Australia,3PL_International,Passport_Global,email_drop,19.12,5.3,9,False,False,none
ORD008168,2025-06-27,Lounge Set,4,511.2,United States,3PL_West,Carrier_A,email_drop,8.49,5.7,5,True,False,none
ORD008169,2025-02-10,Signature Hoodie,1,89.0,Australia,3PL_International,Passport_Global,none,17.13,5.2,9,False,False,none
ORD008170,2025-03-15,Lounge Set,2,284.0,United States,3PL_East,Carrier_B,none,7.62,6.2,5,True,False,none
ORD008171,2025-06-25,Signature Hoodie,1,75.65,United States,3PL_West,Carrier_A,product_launch,4.9,3.8,5,False,False,none
ORD008172,2025-05-09,Cloud Sweatpants,1,70.2,United States,3PL_West,Carrier_B,holiday_sale,4.53,2.7,5,False,False,none
ORD008173,2025-04-19,Cloud Sweatpants,4,312.0,United States,3PL_East,Carrier_D,none,9.76,5.7,5,True,False,none
ORD008174,2025-04-09,Lounge Set,2,284.0,United States,3PL_East,Carrier_C,none,6.15,5.1,5,True,False,none
ORD008175,2025-01-16,Lounge Set,3,426.0,United States,3PL_East,Carrier_B,none,7.49,5.5,5,True,False,none
ORD008176,2025-06-14,Signature Hoodie,1,71.2,United States,3PL_East,Carrier_C,holiday_sale,5.73,2.8,5,False,False,none
ORD008177,2025-04-26,Zip Hoodie,3,230.4,United States,3PL_West,Carrier_B,influencer_drop,8.32,3.6,5,False,False,none
ORD008178,2025-04-15,Lounge Set,4,568.0,United States,3PL_East,Carrier_C,none,8.87,2.1,5,False,False,none
ORD008179,2025-04-09,Weighted Tee,4,183.6,United States,3PL_West,Carrier_C,holiday_sale,9.61,7.1,5,True,False,none
ORD008180,2025-03-15,Signature Hoodie,2,178.0,Germany,3PL_International,Passport_Global,none,19.6,3.9,9,False,False,none
ORD008181,2025-02-21,Signature Hoodie,2,178.0,Canada,3PL_International,Passport_Global,none,18.21,3.3,9,False,False,none
ORD008182,2025-05-22,Cloud Sweatpants,4,312.0,Germany,3PL_International,Passport_Global,none,20.47,4.6,9,False,False,none
ORD008183,2025-04-03,Lounge Set,3,426.0,United States,3PL_West,Carrier_C,none,7.34,3.8,5,False,False,none
ORD008184,2025-01-07,Signature Hoodie,4,302.6,United States,3PL_West,Carrier_A,email_drop,7.13,4.9,5,False,False,none
ORD008185,2025-03-16,Cloud Sweatpants,1,78.0,United States,3PL_West,Carrier_B,none,5.47,3.4,5,False,True,changed_mind
ORD008186,2025-06-20,Weighted Tee,2,91.8,United States,3PL_West,Carrier_D,influencer_drop,8.17,2.9,5,False,False,none
ORD008187,2025-03-13,Cloud Sweatpants,3,198.9,United States,3PL_East,Carrier_B,product_launch,9.01,3.9,5,False,False,none
ORD008188,2025-03-19,Zip Hoodie,3,288.0,United States,3PL_East,Carrier_A,none,8.58,3.3,5,False,False,none
ORD008189,2025-04-26,Weighted Tee,1,54.0,Canada,3PL_International,Passport_Global,none,17.56,6.0,9,False,False,none
ORD008190,2025-05-31,Signature Hoodie,2,160.2,United States,3PL_West,Carrier_D,email_drop,9.13,3.7,5,False,False,none
ORD008191,2025-05-05,Signature Hoodie,1,89.0,United States,3PL_East,Carrier_C,none,5.27,4.8,5,False,False,none
ORD008192,2025-06-08,Signature Hoodie,1,75.65,United States,3PL_West,Carrier_C,influencer_drop,5.78,3.9,5,False,False,none
ORD008193,2025-01-24,Zip Hoodie,1,96.0,United States,3PL_East,Carrier_B,none,3.86,1.6,5,False,False,none
ORD008194,2025-06-19,Signature Hoodie,4,356.0,United States,3PL_West,Carrier_B,none,8.4,5.0,5,False,False,none
ORD008195,2025-06-16,Signature Hoodie,1,75.65,Germany,3PL_International,Passport_Global,holiday_sale,17.93,5.9,9,False,False,none
ORD008196,2025-04-05,Signature Hoodie,2,178.0,United States,3PL_Central,Carrier_C,none,6.34,3.7,5,False,False,none
ORD008197,2025-04-26,Cloud Sweatpants,1,78.0,United States,3PL_Central,Carrier_B,none,6.44,1.1,5,False,False,none
ORD008198,2025-02-12,Lounge Set,4,568.0,United States,3PL_Central,Carrier_A,none,9.14,3.8,5,False,False,none
ORD008199,2025-03-24,Cloud Sweatpants,4,265.2,United States,3PL_West,Carrier_B,influencer_drop,9.34,5.9,5,True,False,none
ORD008200,2025-02-10,Lounge Set,2,227.2,Australia,3PL_International,Passport_Global,product_launch,19.12,6.6,9,False,False,none
ORD008201,2025-01-05,Weighted Tee,3,162.0,Canada,3PL_International,Passport_Global,none,20.12,4.4,9,False,False,none
ORD008202,2025-06-28,Zip Hoodie,1,96.0,United States,3PL_West,Carrier_B,none,6.14,4.7,5,False,False,none
ORD008203,2025-02-22,Zip Hoodie,4,384.0,Australia,3PL_International,Passport_Global,none,22.68,5.7,9,False,False,none
ORD008204,2025-04-20,Signature Hoodie,1,71.2,United States,3PL_West,Carrier_D,email_drop,5.53,4.1,5,False,False,none
ORD008205,2025-03-01,Cloud Sweatpants,1,78.0,United Kingdom,3PL_International,Passport_Global,none,16.99,5.3,9,False,False,none
ORD008206,2025-03-12,Signature Hoodie,1,89.0,United States,3PL_West,Carrier_B,none,5.45,4.8,5,False,False,none
ORD008207,2025-03-16,Cloud Sweatpants,4,312.0,Canada,3PL_International,Passport_Global,none,22.33,5.1,9,False,False,none
ORD008208,2025-03-07,Weighted Tee,1,54.0,United Kingdom,3PL_International,Passport_Global,none,18.43,5.7,9,False,False,none
ORD008209,2025-04-28,Signature Hoodie,4,302.6,United States,3PL_East,Carrier_D,email_drop,10.0,2.7,5,False,False,none
ORD008210,2025-06-25,Signature Hoodie,3,267.0,United States,3PL_East,Carrier_A,none,7.39,4.2,5,False,False,none
ORD008211,2025-03-21,Lounge Set,3,426.0,United States,3PL_East,Carrier_A,none,8.3,4.1,5,False,False,none
ORD008212,2025-06-27,Weighted Tee,1,54.0,United States,3PL_West,Carrier_C,none,4.92,3.7,5,False,False,none
ORD008213,2025-05-04,Lounge Set,3,426.0,United States,3PL_West,Carrier_B,none,7.93,5.5,5,True,False,none
ORD008214,2025-04-22,Signature Hoodie,4,356.0,United States,3PL_East,Carrier_B,none,8.31,3.6,5,False,False,none
ORD008215,2025-02-17,Cloud Sweatpants,1,78.0,United States,3PL_Central,Carrier_B,none,5.79,3.6,5,False,False,none
ORD008216,2025-01-13,Cloud Sweatpants,2,156.0,United States,3PL_West,Carrier_C,none,7.06,4.0,5,False,False,none
ORD008217,2025-06-08,Zip Hoodie,1,96.0,United Kingdom,3PL_International,Passport_Global,none,15.65,2.5,9,False,False,none
ORD008218,2025-04-16,Zip Hoodie,2,192.0,United States,3PL_Central,Carrier_B,none,7.99,3.7,5,False,False,none
ORD008219,2025-03-19,Lounge Set,2,227.2,United States,3PL_West,Carrier_A,email_drop,8.08,4.6,5,False,False,none
ORD008220,2025-06-02,Signature Hoodie,1,89.0,United States,3PL_Central,Carrier_D,none,5.57,3.3,5,False,True,fit_issue
ORD008221,2025-03-03,Weighted Tee,3,162.0,Germany,3PL_International,Passport_Global,none,19.92,4.1,9,False,False,none
ORD008222,2025-05-28,Signature Hoodie,1,80.1,United States,3PL_East,Carrier_A,email_drop,4.09,4.3,5,False,False,none
ORD008223,2025-03-06,Signature Hoodie,2,178.0,United States,3PL_East,Carrier_D,none,6.65,4.6,5,False,False,none
ORD008224,2025-06-19,Lounge Set,2,284.0,United States,3PL_Central,Carrier_C,none,7.2,1.6,5,False,False,none
ORD008225,2025-02-23,Cloud Sweatpants,1,70.2,United States,3PL_West,Carrier_B,influencer_drop,6.85,2.8,5,False,False,none
ORD008226,2025-01-28,Cloud Sweatpants,1,78.0,Germany,3PL_International,Passport_Global,none,17.78,4.6,9,False,False,none
ORD008227,2025-05-11,Signature Hoodie,1,71.2,United States,3PL_Central,Carrier_A,holiday_sale,6.65,6.3,5,True,False,none
ORD008228,2025-02-02,Signature Hoodie,2,178.0,United States,3PL_West,Carrier_B,none,6.02,4.8,5,False,False,none
ORD008229,2025-06-23,Signature Hoodie,2,142.4,United States,3PL_East,Carrier_A,holiday_sale,5.39,2.7,5,False,False,none
ORD008230,2025-05-02,Zip Hoodie,2,153.6,United States,3PL_East,Carrier_C,influencer_drop,6.24,4.5,5,False,False,none
ORD008231,2025-02-16,Signature Hoodie,1,89.0,United States,3PL_Central,Carrier_A,none,4.77,3.3,5,False,False,none
ORD008232,2025-02-11,Weighted Tee,1,54.0,United States,3PL_Central,Carrier_A,none,5.74,1.5,5,False,False,none
ORD008233,2025-06-19,Lounge Set,3,383.4,United States,3PL_Central,Carrier_A,email_drop,8.57,1.8,5,False,True,quality_issue
ORD008234,2025-04-23,Lounge Set,2,284.0,United States,3PL_West,Carrier_B,none,5.63,5.0,5,False,False,none
ORD008235,2025-06-14,Lounge Set,2,284.0,United States,3PL_East,Carrier_A,none,5.47,5.0,5,False,False,none
ORD008236,2025-01-23,Zip Hoodie,1,76.8,United States,3PL_East,Carrier_B,product_launch,6.1,4.5,5,False,False,none
ORD008237,2025-06-19,Cloud Sweatpants,4,249.6,United States,3PL_East,Carrier_C,email_drop,8.57,5.8,5,True,True,changed_mind
ORD008238,2025-04-05,Lounge Set,1,127.8,United States,3PL_East,Carrier_A,product_launch,6.02,5.4,5,True,False,none
ORD008239,2025-05-05,Cloud Sweatpants,3,198.9,Canada,3PL_International,Passport_Global,holiday_sale,19.44,4.2,9,False,False,none
ORD008240,2025-03-13,Signature Hoodie,3,240.3,Canada,3PL_International,Passport_Global,influencer_drop,19.57,6.1,9,False,False,none
ORD008241,2025-01-12,Cloud Sweatpants,1,70.2,United Kingdom,3PL_International,Passport_Global,email_drop,18.62,3.9,9,False,False,none
ORD008242,2025-06-24,Signature Hoodie,1,75.65,United States,3PL_Central,Carrier_A,email_drop,6.06,5.1,5,True,False,none
ORD008243,2025-06-30,Zip Hoodie,1,81.6,United Kingdom,3PL_International,Passport_Global,holiday_sale,18.91,5.4,9,False,False,none
ORD008244,2025-03-11,Weighted Tee,1,54.0,United States,3PL_East,Carrier_A,none,5.23,2.3,5,False,False,none
ORD008245,2025-06-22,Zip Hoodie,3,288.0,United States,3PL_East,Carrier_B,none,8.74,4.2,5,False,False,none
ORD008246,2025-02-03,Signature Hoodie,2,178.0,United States,3PL_East,Carrier_B,none,6.91,6.4,5,True,False,none
ORD008247,2025-02-01,Signature Hoodie,2,178.0,United States,3PL_West,Carrier_B,none,6.87,2.7,5,False,False,none
ORD008248,2025-01-15,Signature Hoodie,2,142.4,United States,3PL_Central,Carrier_C,product_launch,5.87,5.5,5,True,False,none
ORD008249,2025-03-15,Signature Hoodie,4,302.6,United States,3PL_West,Carrier_C,email_drop,9.38,4.3,5,False,False,none
ORD008250,2025-01-11,Cloud Sweatpants,4,312.0,Germany,3PL_International,Passport_Global,none,21.05,5.6,9,False,False,none
ORD008251,2025-03-16,Lounge Set,1,142.0,United States,3PL_West,Carrier_A,none,6.89,5.1,5,True,False,none
ORD008252,2025-01-28,Zip Hoodie,3,288.0,Germany,3PL_International,Passport_Global,none,20.1,4.0,9,False,False,none
ORD008253,2025-05-17,Zip Hoodie,1,96.0,United States,3PL_Central,Carrier_B,none,5.25,3.3,5,False,False,none
ORD008254,2025-06-05,Cloud Sweatpants,3,210.6,Australia,3PL_International,Passport_Global,email_drop,21.12,3.4,9,False,False,none
ORD008255,2025-05-09,Signature Hoodie,4,356.0,United States,3PL_East,Carrier_C,none,8.92,4.6,5,False,False,none
ORD008256,2025-02-10,Zip Hoodie,2,192.0,United States,3PL_West,Carrier_B,none,5.87,5.0,5,False,False,none
ORD008257,2025-05-24,Cloud Sweatpants,2,156.0,United States,3PL_West,Carrier_B,none,5.32,3.3,5,False,False,none
ORD008258,2025-02-20,Signature Hoodie,2,178.0,Germany,3PL_International,Passport_Global,none,18.23,5.2,9,False,False,none
ORD008259,2025-05-23,Zip Hoodie,1,96.0,United States,3PL_East,Carrier_B,none,3.94,4.7,5,False,False,none
ORD008260,2025-04-14,Signature Hoodie,1,80.1,United States,3PL_West,Carrier_A,holiday_sale,5.32,2.9,5,False,False,none
ORD008261,2025-03-12,Signature Hoodie,1,80.1,United Kingdom,3PL_International,Passport_Global,holiday_sale,18.49,6.2,9,False,False,none
ORD008262,2025-01-17,Cloud Sweatpants,3,198.9,United States,3PL_East,Carrier_D,influencer_drop,9.04,3.2,5,False,False,none
ORD008263,2025-06-04,Signature Hoodie,1,89.0,United States,3PL_East,Carrier_A,none,7.43,3.3,5,False,False,none
ORD008264,2025-06-21,Zip Hoodie,2,192.0,United States,3PL_East,Carrier_B,none,5.42,5.1,5,True,False,none
ORD008265,2025-05-04,Signature Hoodie,2,151.3,Canada,3PL_International,Passport_Global,product_launch,19.37,6.8,9,False,False,none
ORD008266,2025-06-25,Lounge Set,1,113.6,United Kingdom,3PL_International,Passport_Global,product_launch,18.15,3.9,9,False,False,none
ORD008267,2025-06-21,Cloud Sweatpants,2,156.0,United States,3PL_East,Carrier_A,none,6.21,4.6,5,False,False,none
ORD008268,2025-02-09,Signature Hoodie,2,151.3,United States,3PL_Central,Carrier_A,email_drop,6.43,3.6,5,False,False,none
ORD008269,2025-05-17,Signature Hoodie,3,267.0,United States,3PL_West,Carrier_B,none,9.03,1.2,5,False,False,none
ORD008270,2025-03-09,Weighted Tee,3,162.0,United States,3PL_Central,Carrier_A,none,8.56,4.3,5,False,False,none
ORD008271,2025-03-30,Cloud Sweatpants,3,210.6,United States,3PL_West,Carrier_A,product_launch,8.45,4.2,5,False,True,quality_issue
ORD008272,2025-02-01,Zip Hoodie,2,172.8,United States,3PL_East,Carrier_A,product_launch,5.8,5.9,5,True,False,none
ORD008273,2025-06-27,Lounge Set,2,255.6,United States,3PL_West,Carrier_C,product_launch,6.95,4.3,5,False,False,none
ORD008274,2025-05-16,Signature Hoodie,1,89.0,United States,3PL_West,Carrier_C,none,6.05,4.5,5,False,False,none
ORD008275,2025-02-23,Cloud Sweatpants,1,78.0,United States,3PL_East,Carrier_C,none,6.09,3.8,5,False,True,changed_mind
ORD008276,2025-03-12,Zip Hoodie,4,326.4,United States,3PL_East,Carrier_A,holiday_sale,7.73,4.6,5,False,False,none
ORD008277,2025-03-20,Lounge Set,2,227.2,Australia,3PL_International,Passport_Global,email_drop,19.22,2.3,9,False,False,none
ORD008278,2025-05-21,Cloud Sweatpants,1,78.0,United Kingdom,3PL_International,Passport_Global,none,18.07,6.7,9,False,False,none
ORD008279,2025-06-19,Weighted Tee,1,54.0,United States,3PL_East,Carrier_A,none,6.3,6.1,5,True,False,none
ORD008280,2025-03-05,Zip Hoodie,4,384.0,United Kingdom,3PL_International,Passport_Global,none,21.04,4.1,9,False,False,none
ORD008281,2025-03-28,Lounge Set,1,142.0,Germany,3PL_International,Passport_Global,none,16.88,4.7,9,False,False,none
ORD008282,2025-04-20,Signature Hoodie,2,142.4,United States,3PL_East,Carrier_A,holiday_sale,5.79,3.8,5,False,False,none
ORD008283,2025-03-16,Cloud Sweatpants,3,234.0,United States,3PL_West,Carrier_B,none,7.99,5.0,5,False,True,duplicate_order
ORD008284,2025-04-02,Signature Hoodie,4,356.0,United States,3PL_East,Carrier_B,none,9.78,3.1,5,False,True,fit_issue
ORD008285,2025-01-22,Lounge Set,1,142.0,Canada,3PL_International,Passport_Global,none,17.51,4.2,9,False,False,none
ORD008286,2025-02-03,Signature Hoodie,4,356.0,United States,3PL_West,Carrier_B,none,9.08,5.4,5,True,False,none
ORD008287,2025-03-17,Zip Hoodie,3,288.0,United States,3PL_West,Carrier_C,none,6.06,2.5,5,False,False,none
ORD008288,2025-06-18,Signature Hoodie,1,89.0,United States,3PL_East,Carrier_C,none,3.7,2.0,5,False,False,none
ORD008289,2025-03-09,Signature Hoodie,3,240.3,United States,3PL_East,Carrier_A,email_drop,8.08,5.0,5,False,False,none
ORD008290,2025-02-20,Signature Hoodie,3,267.0,Canada,3PL_International,Passport_Global,none,20.47,3.8,9,False,False,none
ORD008291,2025-05-20,Lounge Set,1,127.8,United Kingdom,3PL_International,Passport_Global,email_drop,18.37,4.5,9,False,False,none
ORD008292,2025-06-23,Signature Hoodie,1,89.0,United States,3PL_West,Carrier_A,none,3.73,4.9,5,False,False,none
ORD008293,2025-03-26,Lounge Set,3,426.0,United States,3PL_West,Carrier_B,none,8.86,3.4,5,False,False,none
ORD008294,2025-01-02,Lounge Set,1,142.0,Germany,3PL_International,Passport_Global,none,17.35,4.9,9,False,False,none
ORD008295,2025-05-09,Weighted Tee,3,129.6,United States,3PL_Central,Carrier_C,email_drop,7.22,2.3,5,False,False,none
ORD008296,2025-03-19,Zip Hoodie,1,96.0,United States,3PL_Central,Carrier_B,none,5.93,2.8,5,False,False,none
ORD008297,2025-05-06,Zip Hoodie,2,192.0,United States,3PL_East,Carrier_A,none,6.62,4.2,5,False,False,none
ORD008298,2025-02-25,Zip Hoodie,2,192.0,United States,3PL_West,Carrier_C,none,7.9,5.2,5,True,False,none
ORD008299,2025-01-01,Signature Hoodie,1,89.0,United States,3PL_East,Carrier_C,none,5.98,4.6,5,False,False,none
ORD008300,2025-03-08,Cloud Sweatpants,1,78.0,United States,3PL_West,Carrier_D,none,8.43,3.5,5,False,False,none
ORD008301,2025-05-12,Lounge Set,2,284.0,United States,3PL_West,Carrier_C,none,6.22,4.3,5,False,False,none
ORD008302,2025-03-16,Signature Hoodie,2,178.0,United States,3PL_East,Carrier_A,none,7.53,3.3,5,False,False,none
ORD008303,2025-02-14,Signature Hoodie,1,89.0,Canada,3PL_International,Passport_Global,none,16.02,5.0,9,False,False,none
ORD008304,2025-03-26,Zip Hoodie,4,326.4,Germany,3PL_International,Passport_Global,email_drop,21.18,3.3,9,False,False,none
ORD008305,2025-05-22,Lounge Set,1,142.0,Canada,3PL_International,Passport_Global,none,16.72,4.0,9,False,False,none
ORD008306,2025-01-25,Signature Hoodie,4,302.6,United States,3PL_West,Carrier_C,holiday_sale,8.96,5.5,5,True,False,none
ORD008307,2025-05-09,Lounge Set,1,113.6,United States,3PL_Central,Carrier_A,email_drop,5.55,4.5,5,False,False,none
ORD008308,2025-05-04,Signature Hoodie,1,89.0,United States,3PL_West,Carrier_B,none,6.17,3.6,5,False,False,none
ORD008309,2025-03-12,Cloud Sweatpants,2,124.8,United States,3PL_East,Carrier_A,email_drop,6.75,4.4,5,False,False,none
ORD008310,2025-06-26,Weighted Tee,2,108.0,United States,3PL_West,Carrier_C,none,5.97,3.2,5,False,False,none
ORD008311,2025-06-15,Cloud Sweatpants,2,132.6,Canada,3PL_International,Passport_Global,product_launch,18.59,5.4,9,False,False,none
ORD008312,2025-03-04,Cloud Sweatpants,1,66.3,United States,3PL_West,Carrier_C,product_launch,5.57,2.8,5,False,True,quality_issue
ORD008313,2025-01-07,Weighted Tee,1,48.6,United States,3PL_East,Carrier_A,holiday_sale,4.89,6.4,5,True,True,changed_mind
ORD008314,2025-03-03,Signature Hoodie,1,89.0,United States,3PL_West,Carrier_A,none,6.36,3.1,5,False,False,none
ORD008315,2025-02-11,Signature Hoodie,2,142.4,United States,3PL_East,Carrier_A,holiday_sale,6.25,5.2,5,True,False,none
ORD008316,2025-04-11,Weighted Tee,4,183.6,Canada,3PL_International,Passport_Global,email_drop,22.07,5.3,9,False,False,none
ORD008317,2025-06-18,Cloud Sweatpants,2,132.6,United States,3PL_East,Carrier_C,holiday_sale,6.01,2.9,5,False,True,late_delivery
ORD008318,2025-06-11,Weighted Tee,4,216.0,United States,3PL_Central,Carrier_B,none,9.35,4.5,5,False,False,none
ORD008319,2025-03-02,Lounge Set,1,113.6,United States,3PL_Central,Carrier_B,holiday_sale,5.23,5.5,5,True,False,none
ORD008320,2025-03-21,Cloud Sweatpants,1,62.4,United Kingdom,3PL_International,Passport_Global,email_drop,18.73,4.4,9,False,False,none
ORD008321,2025-01-08,Cloud Sweatpants,1,78.0,United States,3PL_Central,Carrier_B,none,6.93,2.9,5,False,False,none
ORD008322,2025-04-10,Cloud Sweatpants,1,66.3,United States,3PL_East,Carrier_B,product_launch,5.57,5.0,5,False,False,none
ORD008323,2025-01-13,Signature Hoodie,1,75.65,United States,3PL_West,Carrier_B,email_drop,6.92,4.8,5,False,False,none
ORD008324,2025-06-21,Cloud Sweatpants,1,62.4,Australia,3PL_International,Passport_Global,holiday_sale,17.68,3.8,9,False,False,none
ORD008325,2025-06-10,Lounge Set,2,284.0,United States,3PL_West,Carrier_A,none,6.71,5.5,5,True,False,none
ORD008326,2025-02-13,Weighted Tee,2,108.0,United States,3PL_West,Carrier_A,none,6.47,4.9,5,False,False,none
ORD008327,2025-05-11,Weighted Tee,2,97.2,United States,3PL_East,Carrier_B,email_drop,5.75,1.2,5,False,False,none
ORD008328,2025-04-14,Weighted Tee,1,54.0,United States,3PL_East,Carrier_C,none,6.57,4.1,5,False,False,none
ORD008329,2025-05-31,Signature Hoodie,4,320.4,Canada,3PL_International,Passport_Global,influencer_drop,21.38,6.0,9,False,False,none
ORD008330,2025-03-28,Cloud Sweatpants,1,66.3,Canada,3PL_International,Passport_Global,email_drop,17.46,4.0,9,False,False,none
ORD008331,2025-02-08,Signature Hoodie,1,89.0,United States,3PL_East,Carrier_A,none,4.83,3.4,5,False,False,none
ORD008332,2025-04-29,Zip Hoodie,1,86.4,United States,3PL_Central,Carrier_B,email_drop,6.92,3.9,5,False,False,none
ORD008333,2025-01-17,Weighted Tee,2,108.0,Canada,3PL_International,Passport_Global,none,18.84,2.5,9,False,False,none
ORD008334,2025-04-18,Lounge Set,1,127.8,Canada,3PL_International,Passport_Global,influencer_drop,17.68,4.4,9,False,False,none
ORD008335,2025-02-12,Lounge Set,1,113.6,United States,3PL_East,Carrier_B,holiday_sale,6.22,4.3,5,False,False,none
ORD008336,2025-05-08,Signature Hoodie,3,267.0,United States,3PL_East,Carrier_A,none,8.94,3.8,5,False,False,none
ORD008337,2025-06-05,Cloud Sweatpants,3,234.0,United States,3PL_East,Carrier_A,none,7.29,2.3,5,False,False,none
ORD008338,2025-01-23,Signature Hoodie,3,267.0,United States,3PL_East,Carrier_A,none,8.2,2.7,5,False,False,none
ORD008339,2025-03-17,Cloud Sweatpants,1,78.0,Australia,3PL_International,Passport_Global,none,18.3,1.9,9,False,False,none
ORD008340,2025-05-18,Signature Hoodie,2,160.2,United States,3PL_Central,Carrier_A,holiday_sale,6.41,3.9,5,False,False,none
ORD008341,2025-02-02,Lounge Set,2,284.0,United States,3PL_East,Carrier_B,none,6.24,3.5,5,False,False,none
ORD008342,2025-04-14,Cloud Sweatpants,2,156.0,United States,3PL_East,Carrier_B,none,6.06,4.5,5,False,False,none
ORD008343,2025-05-05,Zip Hoodie,1,96.0,United States,3PL_West,Carrier_B,none,6.23,6.3,5,True,False,none
ORD008344,2025-03-10,Lounge Set,3,383.4,United States,3PL_East,Carrier_A,email_drop,7.9,3.1,5,False,False,none
ORD008345,2025-06-05,Signature Hoodie,4,320.4,Germany,3PL_International,Passport_Global,influencer_drop,21.31,5.3,9,False,False,none
ORD008346,2025-04-03,Zip Hoodie,1,96.0,United States,3PL_East,Carrier_D,none,6.63,3.8,5,False,False,none
ORD008347,2025-04-26,Lounge Set,2,284.0,United States,3PL_East,Carrier_B,none,7.38,3.3,5,False,True,late_delivery
ORD008348,2025-01-29,Weighted Tee,4,216.0,Canada,3PL_International,Passport_Global,none,21.5,5.1,9,False,False,none
ORD008349,2025-01-05,Signature Hoodie,2,178.0,United States,3PL_East,Carrier_A,none,5.86,3.0,5,False,False,none
ORD008350,2025-01-11,Zip Hoodie,1,96.0,United States,3PL_East,Carrier_A,none,5.12,5.7,5,True,False,none
ORD008351,2025-06-16,Cloud Sweatpants,2,140.4,United States,3PL_Central,Carrier_D,influencer_drop,8.96,3.5,5,False,False,none
ORD008352,2025-06-13,Signature Hoodie,4,356.0,United States,3PL_Central,Carrier_B,none,7.44,3.5,5,False,False,none
ORD008353,2025-06-01,Signature Hoodie,1,89.0,United States,3PL_Central,Carrier_C,none,5.37,3.5,5,False,True,fit_issue
ORD008354,2025-02-09,Cloud Sweatpants,1,62.4,United States,3PL_West,Carrier_B,email_drop,6.07,2.2,5,False,False,none
ORD008355,2025-04-06,Signature Hoodie,1,71.2,Australia,3PL_International,Passport_Global,influencer_drop,18.0,3.9,9,False,True,quality_issue
ORD008356,2025-05-30,Zip Hoodie,3,288.0,United Kingdom,3PL_International,Passport_Global,none,20.69,5.4,9,False,False,none
ORD008357,2025-05-06,Signature Hoodie,2,178.0,United States,3PL_West,Carrier_A,none,4.88,3.8,5,False,False,none
ORD008358,2025-01-24,Signature Hoodie,1,80.1,United States,3PL_East,Carrier_A,influencer_drop,4.36,3.6,5,False,False,none
ORD008359,2025-06-15,Zip Hoodie,2,192.0,United States,3PL_West,Carrier_C,none,7.27,3.8,5,False,False,none
ORD008360,2025-02-02,Signature Hoodie,3,213.6,United States,3PL_West,Carrier_A,influencer_drop,8.02,4.1,5,False,True,late_delivery
ORD008361,2025-02-04,Signature Hoodie,1,75.65,United States,3PL_West,Carrier_B,influencer_drop,5.19,3.6,5,False,False,none
ORD008362,2025-06-15,Signature Hoodie,2,142.4,United States,3PL_Central,Carrier_A,holiday_sale,6.77,5.4,5,True,False,none
ORD008363,2025-03-29,Signature Hoodie,1,89.0,United States,3PL_Central,Carrier_B,none,5.88,2.7,5,False,False,none
ORD008364,2025-03-13,Cloud Sweatpants,1,78.0,United Kingdom,3PL_International,Passport_Global,none,17.41,4.0,9,False,False,none
ORD008365,2025-04-12,Lounge Set,1,127.8,United States,3PL_Central,Carrier_A,holiday_sale,4.85,5.0,5,False,False,none
ORD008366,2025-06-28,Zip Hoodie,3,288.0,United States,3PL_West,Carrier_A,none,6.63,4.0,5,False,False,none
ORD008367,2025-01-25,Signature Hoodie,2,178.0,United Kingdom,3PL_International,Passport_Global,none,20.11,4.2,9,False,False,none
ORD008368,2025-05-23,Signature Hoodie,1,89.0,United Kingdom,3PL_International,Passport_Global,none,17.86,5.1,9,False,False,none
ORD008369,2025-03-07,Lounge Set,1,142.0,United States,3PL_West,Carrier_C,none,6.62,2.7,5,False,False,none
ORD008370,2025-01-24,Signature Hoodie,2,151.3,United States,3PL_East,Carrier_C,email_drop,5.48,2.9,5,False,False,none
ORD008371,2025-03-20,Signature Hoodie,1,75.65,Canada,3PL_International,Passport_Global,product_launch,17.9,5.8,9,False,False,none
ORD008372,2025-04-11,Signature Hoodie,1,71.2,United States,3PL_East,Carrier_B,email_drop,4.45,3.1,5,False,False,none
ORD008373,2025-02-11,Lounge Set,2,284.0,United States,3PL_East,Carrier_C,none,7.96,2.4,5,False,False,none
ORD008374,2025-03-17,Zip Hoodie,3,244.8,United States,3PL_West,Carrier_B,product_launch,9.88,3.7,5,False,False,none
ORD008375,2025-04-28,Signature Hoodie,2,142.4,United States,3PL_Central,Carrier_C,email_drop,7.55,3.7,5,False,False,none
ORD008376,2025-04-16,Signature Hoodie,3,267.0,Australia,3PL_International,Passport_Global,none,19.2,5.1,9,False,False,none
ORD008377,2025-05-16,Lounge Set,1,120.7,Australia,3PL_International,Passport_Global,email_drop,16.87,7.2,9,False,False,none
ORD008378,2025-06-06,Signature Hoodie,2,178.0,United States,3PL_East,Carrier_A,none,6.47,3.3,5,False,False,none
ORD008379,2025-03-18,Cloud Sweatpants,2,156.0,United States,3PL_West,Carrier_A,none,6.66,4.6,5,False,False,none
ORD008380,2025-03-20,Lounge Set,3,426.0,United Kingdom,3PL_International,Passport_Global,none,20.52,4.4,9,False,False,none
ORD008381,2025-03-31,Signature Hoodie,2,178.0,United States,3PL_Central,Carrier_C,none,6.93,4.1,5,False,False,none
ORD008382,2025-04-14,Signature Hoodie,4,356.0,United States,3PL_East,Carrier_A,none,8.86,3.5,5,False,False,none
ORD008383,2025-01-22,Zip Hoodie,3,288.0,United States,3PL_Central,Carrier_D,none,9.32,3.7,5,False,False,none
ORD008384,2025-03-03,Zip Hoodie,2,192.0,United States,3PL_Central,Carrier_C,none,5.89,1.4,5,False,True,quality_issue
ORD008385,2025-02-04,Cloud Sweatpants,1,78.0,United States,3PL_East,Carrier_D,none,7.74,3.7,5,False,False,none
ORD008386,2025-03-14,Cloud Sweatpants,1,78.0,United States,3PL_East,Carrier_B,none,3.5,3.0,5,False,False,none
ORD008387,2025-06-27,Cloud Sweatpants,2,140.4,United Kingdom,3PL_International,Passport_Global,email_drop,19.03,5.4,9,False,False,none
ORD008388,2025-04-18,Cloud Sweatpants,2,132.6,Australia,3PL_International,Passport_Global,holiday_sale,19.13,5.4,9,False,False,none
ORD008389,2025-03-21,Signature Hoodie,1,89.0,United States,3PL_West,Carrier_C,none,5.22,3.8,5,False,False,none
ORD008390,2025-04-14,Signature Hoodie,1,80.1,United States,3PL_East,Carrier_A,influencer_drop,6.05,5.3,5,True,True,fit_issue
ORD008391,2025-05-05,Signature Hoodie,3,267.0,United States,3PL_West,Carrier_D,none,10.29,5.3,5,True,False,none
ORD008392,2025-03-22,Cloud Sweatpants,2,156.0,United States,3PL_East,Carrier_A,none,6.71,3.3,5,False,False,none
ORD008393,2025-03-24,Cloud Sweatpants,4,312.0,United States,3PL_East,Carrier_B,none,10.7,2.7,5,False,False,none
ORD008394,2025-05-11,Cloud Sweatpants,1,78.0,United States,3PL_East,Carrier_B,none,4.84,3.2,5,False,True,fit_issue
ORD008395,2025-01-13,Zip Hoodie,4,384.0,United States,3PL_Central,Carrier_B,none,8.48,3.4,5,False,False,none
ORD008396,2025-04-09,Weighted Tee,3,129.6,Canada,3PL_International,Passport_Global,influencer_drop,19.77,5.3,9,False,False,none
ORD008397,2025-04-11,Zip Hoodie,1,76.8,Canada,3PL_International,Passport_Global,influencer_drop,18.7,3.4,9,False,False,none
ORD008398,2025-05-23,Zip Hoodie,2,163.2,Canada,3PL_International,Passport_Global,product_launch,19.24,5.9,9,False,True,fit_issue
ORD008399,2025-06-28,Signature Hoodie,4,284.8,United States,3PL_East,Carrier_B,product_launch,7.31,5.1,5,True,False,none
ORD008400,2025-05-30,Zip Hoodie,2,192.0,United States,3PL_East,Carrier_B,none,6.29,5.1,5,True,False,none
ORD008401,2025-04-02,Cloud Sweatpants,4,312.0,United States,3PL_West,Carrier_D,none,10.17,2.8,5,False,False,none
ORD008402,2025-02-03,Lounge Set,1,142.0,United States,3PL_East,Carrier_C,none,6.75,4.4,5,False,False,none
ORD008403,2025-04-19,Weighted Tee,1,54.0,United States,3PL_East,Carrier_A,none,4.75,4.4,5,False,False,none
ORD008404,2025-06-06,Signature Hoodie,1,75.65,Canada,3PL_International,Passport_Global,holiday_sale,17.79,5.2,9,False,False,none
ORD008405,2025-06-20,Weighted Tee,1,54.0,Canada,3PL_International,Passport_Global,none,16.54,3.4,9,False,False,none
ORD008406,2025-06-04,Zip Hoodie,3,288.0,United States,3PL_East,Carrier_B,none,7.83,4.0,5,False,False,none
ORD008407,2025-02-07,Zip Hoodie,4,384.0,United States,3PL_East,Carrier_B,none,10.36,3.5,5,False,False,none
ORD008408,2025-05-14,Cloud Sweatpants,2,140.4,United States,3PL_West,Carrier_A,holiday_sale,5.88,4.7,5,False,False,none
ORD008409,2025-06-12,Signature Hoodie,1,89.0,United States,3PL_Central,Carrier_B,none,6.15,4.2,5,False,False,none
ORD008410,2025-05-07,Lounge Set,4,454.4,United States,3PL_East,Carrier_A,email_drop,8.69,2.1,5,False,False,none
ORD008411,2025-05-08,Signature Hoodie,2,178.0,Canada,3PL_International,Passport_Global,none,18.93,4.0,9,False,False,none
ORD008412,2025-04-01,Cloud Sweatpants,2,156.0,Australia,3PL_International,Passport_Global,none,19.45,4.4,9,False,False,none
ORD008413,2025-04-28,Signature Hoodie,1,89.0,United States,3PL_East,Carrier_A,none,4.39,3.5,5,False,False,none
ORD008414,2025-03-01,Signature Hoodie,1,75.65,United Kingdom,3PL_International,Passport_Global,influencer_drop,17.19,5.5,9,False,False,none
ORD008415,2025-01-18,Zip Hoodie,2,153.6,United States,3PL_West,Carrier_B,influencer_drop,5.83,4.8,5,False,False,none
ORD008416,2025-06-04,Zip Hoodie,2,192.0,United States,3PL_East,Carrier_C,none,7.9,4.5,5,False,False,none
ORD008417,2025-06-22,Lounge Set,2,284.0,United States,3PL_East,Carrier_A,none,7.39,4.0,5,False,False,none
ORD008418,2025-06-09,Zip Hoodie,2,192.0,United States,3PL_Central,Carrier_A,none,7.34,5.5,5,True,False,none
ORD008419,2025-03-07,Zip Hoodie,2,192.0,United States,3PL_West,Carrier_C,none,7.36,4.1,5,False,False,none
ORD008420,2025-01-19,Weighted Tee,1,54.0,United States,3PL_West,Carrier_B,none,6.05,3.1,5,False,False,none
ORD008421,2025-02-26,Cloud Sweatpants,3,234.0,United States,3PL_West,Carrier_A,none,6.4,3.1,5,False,False,none
ORD008422,2025-06-07,Zip Hoodie,2,163.2,United States,3PL_West,Carrier_C,email_drop,6.07,7.4,5,True,False,none
ORD008423,2025-05-02,Lounge Set,1,120.7,United States,3PL_West,Carrier_B,influencer_drop,5.23,2.3,5,False,False,none
ORD008424,2025-06-26,Zip Hoodie,1,76.8,United Kingdom,3PL_International,Passport_Global,email_drop,17.91,4.7,9,False,False,none
ORD008425,2025-03-08,Zip Hoodie,4,307.2,United States,3PL_West,Carrier_C,email_drop,8.04,6.6,5,True,False,none
ORD008426,2025-04-11,Cloud Sweatpants,1,66.3,United States,3PL_West,Carrier_B,product_launch,4.29,3.7,5,False,False,none
ORD008427,2025-05-29,Cloud Sweatpants,1,66.3,United States,3PL_West,Carrier_B,product_launch,4.56,5.9,5,True,False,none
ORD008428,2025-02-16,Zip Hoodie,1,96.0,United States,3PL_West,Carrier_C,none,4.79,5.4,5,True,False,none
ORD008429,2025-06-25,Zip Hoodie,1,96.0,United States,3PL_West,Carrier_A,none,5.11,3.5,5,False,False,none
ORD008430,2025-04-19,Cloud Sweatpants,2,156.0,United States,3PL_East,Carrier_B,none,6.89,1.9,5,False,False,none
ORD008431,2025-01-02,Signature Hoodie,2,142.4,United States,3PL_East,Carrier_A,holiday_sale,6.43,4.8,5,False,False,none
ORD008432,2025-01-05,Signature Hoodie,3,267.0,Australia,3PL_International,Passport_Global,none,21.07,5.3,9,False,False,none
ORD008433,2025-06-13,Cloud Sweatpants,1,78.0,United States,3PL_East,Carrier_A,none,5.9,3.0,5,False,False,none
ORD008434,2025-04-30,Signature Hoodie,1,89.0,United States,3PL_East,Carrier_D,none,6.95,3.7,5,False,False,none
ORD008435,2025-05-24,Cloud Sweatpants,1,78.0,United States,3PL_East,Carrier_B,none,5.76,3.6,5,False,False,none
ORD008436,2025-05-28,Signature Hoodie,3,267.0,United States,3PL_East,Carrier_C,none,7.62,1.2,5,False,False,none
ORD008437,2025-03-20,Signature Hoodie,2,160.2,Canada,3PL_International,Passport_Global,influencer_drop,18.48,4.2,9,False,False,none
ORD008438,2025-05-31,Lounge Set,3,426.0,United States,3PL_West,Carrier_A,none,7.75,4.0,5,False,False,none
ORD008439,2025-06-21,Cloud Sweatpants,1,66.3,United States,3PL_West,Carrier_B,holiday_sale,5.73,5.1,5,True,False,none
ORD008440,2025-02-04,Lounge Set,1,142.0,United Kingdom,3PL_International,Passport_Global,none,18.6,5.8,9,False,False,none
ORD008441,2025-05-24,Signature Hoodie,2,160.2,United States,3PL_East,Carrier_A,holiday_sale,8.31,2.6,5,False,False,none
ORD008442,2025-03-02,Signature Hoodie,1,89.0,United States,3PL_West,Carrier_A,none,6.42,4.5,5,False,False,none
ORD008443,2025-03-05,Signature Hoodie,1,89.0,United States,3PL_West,Carrier_C,none,4.6,3.3,5,False,True,late_delivery
ORD008444,2025-03-19,Signature Hoodie,1,80.1,United Kingdom,3PL_International,Passport_Global,product_launch,16.52,5.8,9,False,False,none
ORD008445,2025-06-10,Signature Hoodie,2,160.2,United States,3PL_West,Carrier_B,product_launch,7.58,4.5,5,False,False,none
ORD008446,2025-01-05,Cloud Sweatpants,1,70.2,United States,3PL_East,Carrier_C,holiday_sale,5.3,3.8,5,False,True,quality_issue
ORD008447,2025-03-22,Signature Hoodie,1,71.2,United States,3PL_West,Carrier_A,holiday_sale,4.84,3.3,5,False,False,none
ORD008448,2025-05-07,Lounge Set,4,568.0,United States,3PL_West,Carrier_A,none,10.16,4.4,5,False,False,none
ORD008449,2025-01-23,Cloud Sweatpants,1,78.0,United States,3PL_East,Carrier_B,none,5.25,3.3,5,False,False,none
ORD008450,2025-05-30,Signature Hoodie,3,267.0,United Kingdom,3PL_International,Passport_Global,none,20.01,5.1,9,False,False,none
ORD008451,2025-06-22,Lounge Set,2,227.2,United States,3PL_West,Carrier_A,holiday_sale,6.04,3.3,5,False,False,none
ORD008452,2025-01-19,Cloud Sweatpants,1,70.2,Canada,3PL_International,Passport_Global,influencer_drop,16.17,5.9,9,False,False,none
ORD008453,2025-01-31,Signature Hoodie,1,80.1,United States,3PL_Central,Carrier_A,product_launch,4.66,4.7,5,False,False,none
ORD008454,2025-06-27,Cloud Sweatpants,2,132.6,United States,3PL_West,Carrier_C,holiday_sale,6.04,4.5,5,False,True,changed_mind
ORD008455,2025-02-09,Zip Hoodie,1,86.4,United States,3PL_East,Carrier_A,email_drop,4.09,5.1,5,True,False,none
ORD008456,2025-01-17,Cloud Sweatpants,1,78.0,United States,3PL_West,Carrier_D,none,7.26,3.9,5,False,False,none
ORD008457,2025-06-23,Weighted Tee,2,108.0,United States,3PL_West,Carrier_C,none,6.76,3.5,5,False,False,none
ORD008458,2025-06-14,Signature Hoodie,1,89.0,United States,3PL_West,Carrier_D,none,7.93,4.6,5,False,False,none
ORD008459,2025-05-02,Cloud Sweatpants,4,280.8,United States,3PL_West,Carrier_C,influencer_drop,8.24,4.1,5,False,False,none
ORD008460,2025-04-11,Lounge Set,1,142.0,Canada,3PL_International,Passport_Global,none,16.3,3.6,9,False,False,none
ORD008461,2025-06-18,Zip Hoodie,1,81.6,United States,3PL_Central,Carrier_A,holiday_sale,5.14,2.7,5,False,False,none
ORD008462,2025-05-02,Weighted Tee,1,45.9,United States,3PL_East,Carrier_A,email_drop,4.4,3.1,5,False,False,none
ORD008463,2025-05-03,Lounge Set,4,568.0,United States,3PL_East,Carrier_C,none,8.83,3.1,5,False,False,none
ORD008464,2025-06-07,Cloud Sweatpants,1,62.4,United States,3PL_East,Carrier_B,holiday_sale,6.09,5.0,5,False,False,none
ORD008465,2025-05-02,Zip Hoodie,3,288.0,United States,3PL_West,Carrier_A,none,7.28,3.5,5,False,False,none
ORD008466,2025-04-02,Cloud Sweatpants,1,62.4,United States,3PL_West,Carrier_C,email_drop,5.34,3.6,5,False,False,none
ORD008467,2025-03-15,Signature Hoodie,1,89.0,United States,3PL_East,Carrier_A,none,3.76,5.9,5,True,False,none
ORD008468,2025-04-02,Cloud Sweatpants,1,78.0,United States,3PL_West,Carrier_C,none,5.09,4.3,5,False,False,none
ORD008469,2025-04-05,Signature Hoodie,2,178.0,United States,3PL_Central,Carrier_A,none,7.83,1.9,5,False,False,none
ORD008470,2025-03-11,Zip Hoodie,2,192.0,United States,3PL_West,Carrier_A,none,7.0,5.7,5,True,False,none
ORD008471,2025-03-24,Zip Hoodie,4,345.6,Australia,3PL_International,Passport_Global,influencer_drop,20.62,5.9,9,False,False,none
ORD008472,2025-05-31,Weighted Tee,2,86.4,United States,3PL_East,Carrier_D,product_launch,7.45,4.4,5,False,False,none
ORD008473,2025-03-19,Signature Hoodie,3,213.6,United States,3PL_East,Carrier_B,holiday_sale,7.68,3.6,5,False,False,none
ORD008474,2025-01-05,Cloud Sweatpants,1,78.0,United States,3PL_Central,Carrier_B,none,5.81,2.0,5,False,False,none
ORD008475,2025-02-26,Cloud Sweatpants,1,66.3,United States,3PL_East,Carrier_B,product_launch,4.79,3.1,5,False,False,none
ORD008476,2025-02-16,Cloud Sweatpants,2,156.0,United States,3PL_East,Carrier_B,none,6.39,3.8,5,False,False,none
ORD008477,2025-05-30,Signature Hoodie,2,178.0,United States,3PL_East,Carrier_A,none,5.01,3.4,5,False,True,quality_issue
ORD008478,2025-03-24,Cloud Sweatpants,1,70.2,United States,3PL_East,Carrier_C,email_drop,6.05,2.7,5,False,False,none
ORD008479,2025-02-26,Zip Hoodie,3,259.2,Canada,3PL_International,Passport_Global,holiday_sale,19.41,6.7,9,False,False,none
ORD008480,2025-06-02,Signature Hoodie,4,302.6,United States,3PL_Central,Carrier_B,product_launch,9.36,5.6,5,True,False,none
ORD008481,2025-01-04,Zip Hoodie,1,86.4,United States,3PL_East,Carrier_A,influencer_drop,5.68,4.2,5,False,False,none
ORD008482,2025-02-04,Signature Hoodie,1,89.0,United States,3PL_East,Carrier_C,none,5.77,2.1,5,False,False,none
ORD008483,2025-06-04,Signature Hoodie,1,89.0,Canada,3PL_International,Passport_Global,none,17.59,4.5,9,False,False,none
ORD008484,2025-04-11,Lounge Set,2,284.0,Canada,3PL_International,Passport_Global,none,20.27,3.7,9,False,False,none
ORD008485,2025-05-26,Signature Hoodie,1,89.0,United States,3PL_Central,Carrier_B,none,4.88,6.0,5,True,False,none
ORD008486,2025-06-06,Signature Hoodie,1,89.0,United States,3PL_Central,Carrier_C,none,6.73,3.0,5,False,False,none
ORD008487,2025-06-22,Weighted Tee,1,54.0,Germany,3PL_International,Passport_Global,none,18.0,5.0,9,False,False,none
ORD008488,2025-01-13,Signature Hoodie,1,89.0,United States,3PL_West,Carrier_A,none,5.5,6.5,5,True,False,none
ORD008489,2025-05-31,Cloud Sweatpants,3,234.0,United States,3PL_West,Carrier_A,none,7.52,6.3,5,True,True,fit_issue
ORD008490,2025-05-13,Cloud Sweatpants,2,132.6,United States,3PL_East,Carrier_B,email_drop,6.64,4.0,5,False,False,none
ORD008491,2025-02-11,Zip Hoodie,4,384.0,Canada,3PL_International,Passport_Global,none,21.26,4.1,9,False,False,none
ORD008492,2025-06-20,Zip Hoodie,3,288.0,United States,3PL_West,Carrier_A,none,9.09,2.8,5,False,False,none
ORD008493,2025-03-17,Zip Hoodie,1,76.8,United States,3PL_West,Carrier_A,email_drop,4.43,4.2,5,False,False,none
ORD008494,2025-06-14,Weighted Tee,4,172.8,United States,3PL_East,Carrier_A,email_drop,8.69,2.1,5,False,False,none
ORD008495,2025-04-22,Cloud Sweatpants,3,234.0,United States,3PL_East,Carrier_B,none,6.94,5.9,5,True,False,none
ORD008496,2025-04-06,Cloud Sweatpants,2,156.0,United States,3PL_West,Carrier_B,none,6.09,3.3,5,False,False,none
ORD008497,2025-02-01,Weighted Tee,3,137.7,United States,3PL_East,Carrier_A,product_launch,7.71,4.7,5,False,False,none
ORD008498,2025-06-18,Signature Hoodie,1,75.65,Canada,3PL_International,Passport_Global,influencer_drop,19.0,5.1,9,False,False,none
ORD008499,2025-04-12,Weighted Tee,1,54.0,United States,3PL_West,Carrier_A,none,5.79,3.4,5,False,False,none
ORD008500,2025-01-02,Weighted Tee,3,162.0,United States,3PL_East,Carrier_C,none,6.93,4.4,5,False,False,none
