ticket_id,order_id,created_date,category,channel,agent,first_response_hours,resolution_hours,sla_hours,sla_breached,sentiment,status
TKT000001,ORD000007,2025-05-31,product_question,email,Layla,23.1,30.9,48,False,neutral,closed
TKT000002,ORD000009,2025-01-27,address_change,chat,Zehra,16.5,37.6,48,False,neutral,pending
TKT000003,ORD000012,2025-06-23,where_is_my_order,email,Aylin,19.7,47.1,48,False,positive,closed
TKT000004,ORD000013,2025-05-03,return_request,sms,Layla,40.0,80.5,48,False,negative,open
TKT000005,ORD000014,2025-06-11,where_is_my_order,social,Maya,11.4,48.2,48,False,negative,closed
TKT000006,ORD000018,2025-01-17,where_is_my_order,sms,Layla,16.8,24.0,48,False,negative,closed
TKT000007,ORD000056,2025-06-01,where_is_my_order,chat,Maya,35.2,40.9,48,False,positive,closed
TKT000008,ORD000060,2025-01-26,where_is_my_order,email,Sara,28.2,48.5,48,False,neutral,closed
TKT000009,ORD000064,2025-05-29,return_request,chat,Zehra,40.8,76.7,48,False,positive,closed
TKT000010,ORD000071,2025-02-15,product_question,email,Noor,24.2,45.4,48,False,neutral,pending
TKT000011,ORD000073,2025-06-18,where_is_my_order,email,Zehra,8.1,28.2,48,False,negative,closed
TKT000012,ORD000083,2025-06-09,where_is_my_order,social,Zehra,34.0,74.2,48,False,positive,closed
TKT000013,ORD000084,2025-02-09,cancel_order,chat,Sara,8.1,45.4,24,False,neutral,closed
TKT000014,ORD000089,2025-02-09,where_is_my_order,social,Maya,12.4,21.1,48,False,neutral,closed
TKT000015,ORD000107,2025-03-31,where_is_my_order,chat,Layla,9.5,42.8,48,False,negative,closed
TKT000016,ORD000114,2025-04-18,where_is_my_order,chat,Noor,38.7,70.5,48,False,neutral,closed
TKT000017,ORD000135,2025-04-24,return_request,chat,Zehra,16.4,50.6,48,False,positive,open
TKT000018,ORD000153,2025-02-06,return_request,chat,Maya,16.8,66.3,48,False,positive,closed
TKT000019,ORD000162,2025-06-27,where_is_my_order,email,Layla,11.7,27.3,48,False,neutral,closed
TKT000020,ORD000165,2025-04-23,where_is_my_order,chat,Aylin,29.4,59.9,48,False,positive,open
TKT000021,ORD000170,2025-06-28,product_question,chat,Zehra,33.5,82.3,48,False,neutral,closed
TKT000022,ORD000177,2025-03-27,damaged_item,chat,Aylin,16.0,47.4,24,False,negative,pending
TKT000023,ORD000185,2025-06-03,address_change,email,Sara,18.8,71.1,48,False,neutral,closed
TKT000024,ORD000202,2025-07-02,where_is_my_order,chat,Aylin,15.2,39.8,48,False,neutral,open
TKT000025,ORD000203,2025-04-03,where_is_my_order,email,Zehra,9.8,30.6,48,False,positive,closed
TKT000026,ORD000204,2025-01-31,damaged_item,sms,Layla,19.2,54.5,24,False,negative,closed
TKT000027,ORD000236,2025-06-10,where_is_my_order,chat,Aylin,28.7,54.5,48,False,neutral,closed
TKT000028,ORD000260,2025-04-27,address_change,email,Layla,17.9,40.0,48,False,neutral,open
TKT000029,ORD000261,2025-02-04,return_request,chat,Aylin,22.7,41.4,48,False,neutral,pending
TKT000030,ORD000271,2025-01-21,where_is_my_order,social,Zehra,16.2,18.2,48,False,negative,closed
TKT000031,ORD000278,2025-04-11,where_is_my_order,chat,Maya,36.5,65.5,48,False,neutral,closed
TKT000032,ORD000279,2025-06-15,damaged_item,email,Zehra,42.4,65.2,24,True,negative,closed
TKT000033,ORD000280,2025-06-17,return_request,sms,Noor,26.4,70.3,48,False,neutral,closed
TKT000034,ORD000282,2025-02-15,return_request,sms,Zehra,26.0,47.9,48,False,neutral,closed
TKT000035,ORD000300,2025-05-05,return_request,social,Layla,29.8,67.2,48,False,positive,closed
TKT000036,ORD000312,2025-03-30,where_is_my_order,email,Layla,20.9,43.7,48,False,neutral,closed
TKT000037,ORD000317,2025-03-25,where_is_my_order,email,Layla,23.5,54.3,48,False,positive,closed
TKT000038,ORD000318,2025-05-09,return_request,email,Noor,37.6,50.3,48,False,positive,pending
TKT000039,ORD000323,2025-03-14,return_request,chat,Zehra,12.8,26.6,48,False,neutral,closed
TKT000040,ORD000324,2025-04-14,where_is_my_order,email,Layla,14.2,39.7,48,False,neutral,closed
TKT000041,ORD000337,2025-01-21,where_is_my_order,email,Sara,29.9,62.6,48,False,negative,closed
TKT000042,ORD000343,2025-06-09,where_is_my_order,chat,Zehra,30.4,56.4,48,False,negative,closed
TKT000043,ORD000359,2025-04-10,where_is_my_order,email,Aylin,30.5,32.5,48,False,positive,closed
TKT000044,ORD000361,2025-06-24,damaged_item,email,Noor,17.7,39.7,24,False,negative,closed
TKT000045,ORD000363,2025-02-04,where_is_my_order,social,Noor,36.4,70.9,48,False,neutral,closed
TKT000046,ORD000368,2025-05-12,product_question,email,Layla,21.3,54.1,48,False,neutral,closed
TKT000047,ORD000369,2025-03-14,where_is_my_order,chat,Aylin,32.8,77.2,48,False,positive,open
TKT000048,ORD000384,2025-04-08,where_is_my_order,email,Sara,17.6,54.1,48,False,negative,closed
TKT000049,ORD000393,2025-04-28,cancel_order,chat,Aylin,36.8,53.0,24,True,negative,closed
TKT000050,ORD000396,2025-03-27,where_is_my_order,email,Zehra,20.6,38.2,48,False,negative,closed
TKT000051,ORD000400,2025-03-25,where_is_my_order,email,Aylin,44.1,62.8,48,False,positive,closed
TKT000052,ORD000420,2025-06-26,cancel_order,email,Noor,10.3,32.3,24,False,positive,closed
TKT000053,ORD000425,2025-04-27,where_is_my_order,chat,Zehra,33.2,69.1,48,False,positive,closed
TKT000054,ORD000430,2025-06-07,address_change,sms,Noor,14.5,39.3,48,False,positive,closed
TKT000055,ORD000438,2025-04-04,where_is_my_order,chat,Zehra,5.2,11.4,48,False,negative,closed
TKT000056,ORD000440,2025-04-29,where_is_my_order,chat,Zehra,25.8,42.0,48,False,neutral,closed
TKT000057,ORD000441,2025-06-11,cancel_order,chat,Maya,31.9,66.3,24,True,negative,closed
TKT000058,ORD000451,2025-01-14,product_question,email,Layla,10.6,18.5,48,False,neutral,closed
TKT000059,ORD000457,2025-07-04,product_question,email,Zehra,15.8,36.3,48,False,neutral,closed
TKT000060,ORD000462,2025-02-01,cancel_order,email,Zehra,25.6,85.8,24,True,negative,closed
TKT000061,ORD000466,2025-05-16,return_request,email,Layla,13.1,32.4,48,False,neutral,closed
TKT000062,ORD000471,2025-03-19,where_is_my_order,chat,Noor,16.6,64.2,48,False,neutral,closed
TKT000063,ORD000483,2025-04-21,where_is_my_order,email,Aylin,28.8,35.1,48,False,neutral,open
TKT000064,ORD000498,2025-04-28,cancel_order,sms,Zehra,33.5,74.9,24,True,negative,closed
TKT000065,ORD000502,2025-06-15,product_question,social,Layla,15.4,49.3,48,False,neutral,closed
TKT000066,ORD000504,2025-04-04,where_is_my_order,email,Noor,19.8,24.5,48,False,neutral,closed
TKT000067,ORD000505,2025-04-11,product_question,email,Layla,23.0,60.4,48,False,neutral,closed
TKT000068,ORD000515,2025-03-14,damaged_item,email,Aylin,21.8,50.3,24,False,negative,closed
TKT000069,ORD000517,2025-03-11,return_request,email,Zehra,28.3,60.8,48,False,neutral,closed
TKT000070,ORD000522,2025-03-15,return_request,email,Zehra,17.9,68.9,48,False,neutral,closed
TKT000071,ORD000526,2025-03-18,return_request,email,Sara,25.2,42.7,48,False,negative,open
TKT000072,ORD000544,2025-07-08,where_is_my_order,social,Sara,18.3,30.8,48,False,negative,closed
TKT000073,ORD000546,2025-04-01,damaged_item,social,Zehra,20.6,62.7,24,False,negative,closed
TKT000074,ORD000557,2025-03-04,return_request,social,Maya,27.8,52.1,48,False,neutral,open
TKT000075,ORD000559,2025-04-24,where_is_my_order,social,Zehra,26.2,44.1,48,False,neutral,closed
TKT000076,ORD000569,2025-03-23,product_question,email,Layla,12.4,39.5,48,False,neutral,closed
TKT000077,ORD000570,2025-04-15,cancel_order,chat,Noor,6.9,37.6,24,False,positive,closed
TKT000078,ORD000583,2025-02-02,where_is_my_order,chat,Maya,41.4,67.3,48,False,neutral,closed
TKT000079,ORD000586,2025-05-05,return_request,email,Noor,29.1,35.3,48,False,neutral,closed
TKT000080,ORD000589,2025-02-13,damaged_item,chat,Sara,25.8,60.2,24,True,negative,closed
TKT000081,ORD000611,2025-04-21,return_request,social,Sara,31.1,59.4,48,False,neutral,closed
TKT000082,ORD000615,2025-03-01,where_is_my_order,email,Maya,24.1,54.8,48,False,positive,closed
TKT000083,ORD000618,2025-03-17,where_is_my_order,email,Sara,1.0,27.3,48,False,neutral,closed
TKT000084,ORD000619,2025-02-02,cancel_order,email,Maya,24.1,36.3,24,True,negative,closed
TKT000085,ORD000623,2025-06-29,where_is_my_order,email,Maya,12.7,36.7,48,False,positive,closed
TKT000086,ORD000625,2025-07-08,where_is_my_order,email,Zehra,42.4,47.4,48,False,neutral,closed
TKT000087,ORD000644,2025-02-26,return_request,chat,Zehra,28.1,72.2,48,False,positive,closed
TKT000088,ORD000647,2025-01-08,where_is_my_order,chat,Sara,13.9,31.6,48,False,neutral,closed
TKT000089,ORD000663,2025-02-10,where_is_my_order,social,Maya,16.1,39.3,48,False,neutral,pending
TKT000090,ORD000672,2025-04-23,damaged_item,email,Aylin,12.0,40.9,24,False,negative,closed
TKT000091,ORD000683,2025-01-14,return_request,email,Aylin,23.6,25.6,48,False,neutral,closed
TKT000092,ORD000686,2025-03-09,where_is_my_order,sms,Maya,30.1,43.3,48,False,negative,closed
TKT000093,ORD000687,2025-03-27,where_is_my_order,chat,Sara,9.0,24.3,48,False,positive,closed
TKT000094,ORD000701,2025-02-28,where_is_my_order,social,Layla,13.1,32.9,48,False,negative,closed
TKT000095,ORD000707,2025-06-06,where_is_my_order,social,Zehra,32.0,63.4,48,False,positive,pending
TKT000096,ORD000711,2025-07-06,return_request,email,Aylin,20.9,50.9,48,False,negative,closed
TKT000097,ORD000722,2025-03-25,address_change,chat,Sara,25.7,51.3,48,False,positive,closed
TKT000098,ORD000727,2025-02-28,damaged_item,chat,Maya,28.8,55.1,24,True,negative,closed
TKT000099,ORD000729,2025-03-31,where_is_my_order,social,Maya,15.6,30.9,48,False,neutral,closed
TKT000100,ORD000737,2025-02-15,product_question,chat,Noor,25.4,60.4,48,False,neutral,closed
TKT000101,ORD000744,2025-01-06,where_is_my_order,chat,Sara,27.0,55.5,48,False,negative,open
TKT000102,ORD000752,2025-03-08,damaged_item,email,Maya,23.0,62.1,24,False,negative,closed
TKT000103,ORD000759,2025-01-16,return_request,chat,Noor,29.3,57.0,48,False,neutral,closed
TKT000104,ORD000762,2025-02-01,where_is_my_order,email,Sara,27.1,77.5,48,False,neutral,closed
TKT000105,ORD000773,2025-04-21,return_request,chat,Maya,24.7,73.6,48,False,neutral,closed
TKT000106,ORD000790,2025-05-02,where_is_my_order,email,Noor,14.3,59.5,48,False,positive,closed
TKT000107,ORD000791,2025-02-15,where_is_my_order,email,Noor,12.3,15.1,48,False,negative,closed
TKT000108,ORD000793,2025-03-11,where_is_my_order,email,Sara,6.1,28.5,48,False,neutral,closed
TKT000109,ORD000798,2025-02-10,address_change,chat,Noor,24.4,56.6,48,False,neutral,closed
TKT000110,ORD000803,2025-06-22,return_request,chat,Aylin,24.6,35.5,48,False,positive,closed
TKT000111,ORD000804,2025-04-27,return_request,email,Noor,24.6,63.2,48,False,neutral,closed
TKT000112,ORD000819,2025-05-05,where_is_my_order,email,Maya,29.7,69.6,48,False,neutral,closed
TKT000113,ORD000822,2025-05-01,where_is_my_order,social,Maya,17.8,61.1,48,False,neutral,closed
TKT000114,ORD000841,2025-01-05,return_request,email,Layla,12.5,29.2,48,False,positive,closed
TKT000115,ORD000844,2025-03-27,where_is_my_order,email,Aylin,12.8,24.1,48,False,negative,open
TKT000116,ORD000845,2025-01-29,return_request,social,Layla,28.8,36.2,48,False,neutral,closed
TKT000117,ORD000859,2025-03-21,where_is_my_order,social,Aylin,35.7,73.9,48,False,neutral,closed
TKT000118,ORD000865,2025-02-01,where_is_my_order,email,Sara,43.4,72.9,48,False,neutral,closed
TKT000119,ORD000871,2025-05-23,cancel_order,email,Maya,21.6,54.1,24,False,neutral,closed
TKT000120,ORD000872,2025-01-11,address_change,email,Layla,4.5,25.8,48,False,neutral,closed
TKT000121,ORD000877,2025-03-18,product_question,sms,Layla,20.0,22.0,48,False,neutral,closed
TKT000122,ORD000888,2025-01-28,where_is_my_order,chat,Noor,35.3,71.1,48,False,neutral,closed
TKT000123,ORD000889,2025-02-11,address_change,email,Layla,20.9,43.1,48,False,positive,closed
TKT000124,ORD000902,2025-02-26,damaged_item,sms,Zehra,7.1,45.0,24,False,negative,closed
TKT000125,ORD000914,2025-07-05,where_is_my_order,social,Layla,35.9,62.0,48,False,neutral,open
TKT000126,ORD000925,2025-02-13,where_is_my_order,chat,Sara,1.9,33.2,48,False,positive,closed
TKT000127,ORD000932,2025-03-23,where_is_my_order,email,Maya,7.0,51.2,48,False,neutral,closed
TKT000128,ORD000933,2025-03-28,where_is_my_order,email,Aylin,31.9,44.3,48,False,negative,closed
TKT000129,ORD000951,2025-04-18,product_question,social,Maya,35.3,67.2,48,False,neutral,closed
TKT000130,ORD000953,2025-03-01,return_request,social,Zehra,34.9,59.0,48,False,positive,closed
TKT000131,ORD000982,2025-06-05,product_question,email,Aylin,10.4,34.9,48,False,neutral,closed
TKT000132,ORD000988,2025-01-15,address_change,email,Zehra,24.4,60.4,48,False,positive,closed
TKT000133,ORD000993,2025-06-08,where_is_my_order,chat,Aylin,39.7,63.6,48,False,neutral,closed
TKT000134,ORD001003,2025-01-27,return_request,email,Zehra,36.2,71.6,48,False,negative,closed
TKT000135,ORD001006,2025-03-19,where_is_my_order,email,Noor,1.7,34.8,48,False,neutral,closed
TKT000136,ORD001013,2025-04-02,return_request,social,Layla,33.9,77.1,48,False,neutral,closed
TKT000137,ORD001014,2025-07-04,where_is_my_order,social,Maya,11.9,34.5,48,False,positive,closed
TKT000138,ORD001016,2025-02-11,product_question,social,Maya,39.9,58.2,48,False,neutral,closed
TKT000139,ORD001019,2025-01-20,where_is_my_order,sms,Sara,14.2,50.2,48,False,neutral,closed
TKT000140,ORD001031,2025-04-14,where_is_my_order,email,Zehra,32.1,53.6,48,False,positive,closed
TKT000141,ORD001042,2025-05-09,where_is_my_order,chat,Zehra,33.4,41.2,48,False,neutral,closed
TKT000142,ORD001043,2025-05-11,return_request,chat,Maya,30.7,34.7,48,False,negative,open
TKT000143,ORD001045,2025-01-14,where_is_my_order,email,Noor,18.1,40.2,48,False,neutral,closed
TKT000144,ORD001059,2025-04-13,return_request,sms,Zehra,35.5,64.1,48,False,neutral,closed
TKT000145,ORD001074,2025-06-23,return_request,chat,Layla,17.5,19.5,48,False,negative,closed
TKT000146,ORD001075,2025-06-12,product_question,social,Aylin,19.8,53.2,48,False,neutral,closed
TKT000147,ORD001076,2025-03-11,return_request,chat,Aylin,25.2,52.5,48,False,positive,closed
TKT000148,ORD001077,2025-04-12,damaged_item,chat,Aylin,5.0,23.1,24,False,negative,closed
TKT000149,ORD001088,2025-05-25,where_is_my_order,email,Noor,36.6,62.1,48,False,negative,closed
TKT000150,ORD001095,2025-04-23,product_question,email,Zehra,28.3,56.4,48,False,neutral,closed
TKT000151,ORD001099,2025-06-20,product_question,chat,Layla,12.7,54.3,48,False,neutral,closed
TKT000152,ORD001109,2025-07-09,address_change,email,Aylin,50.5,75.5,48,True,negative,closed
TKT000153,ORD001112,2025-03-31,return_request,chat,Layla,46.5,48.5,48,False,neutral,closed
TKT000154,ORD001115,2025-07-09,where_is_my_order,chat,Maya,32.4,64.4,48,False,positive,closed
TKT000155,ORD001116,2025-01-24,product_question,email,Layla,23.7,54.3,48,False,neutral,closed
TKT000156,ORD001121,2025-05-05,cancel_order,chat,Sara,29.9,70.9,24,True,negative,closed
TKT000157,ORD001122,2025-01-30,return_request,chat,Zehra,33.3,38.6,48,False,neutral,closed
TKT000158,ORD001123,2025-06-15,return_request,chat,Zehra,15.8,43.7,48,False,neutral,closed
TKT000159,ORD001135,2025-07-07,return_request,chat,Aylin,18.4,40.0,48,False,neutral,closed
TKT000160,ORD001136,2025-03-14,cancel_order,sms,Noor,14.8,36.5,24,False,negative,closed
TKT000161,ORD001139,2025-01-19,cancel_order,social,Maya,21.7,41.7,24,False,neutral,closed
TKT000162,ORD001151,2025-01-30,where_is_my_order,social,Noor,12.7,14.7,48,False,negative,closed
TKT000163,ORD001155,2025-04-10,where_is_my_order,email,Zehra,30.5,74.1,48,False,neutral,closed
TKT000164,ORD001157,2025-01-21,where_is_my_order,social,Aylin,25.3,54.7,48,False,positive,closed
TKT000165,ORD001163,2025-06-15,where_is_my_order,chat,Noor,33.3,39.4,48,False,negative,closed
TKT000166,ORD001173,2025-03-04,where_is_my_order,email,Layla,8.7,14.8,48,False,negative,closed
TKT000167,ORD001177,2025-04-01,product_question,social,Noor,22.0,60.7,48,False,neutral,closed
TKT000168,ORD001189,2025-02-04,where_is_my_order,chat,Zehra,13.7,23.0,48,False,positive,closed
TKT000169,ORD001193,2025-06-17,where_is_my_order,chat,Noor,19.5,59.2,48,False,neutral,closed
TKT000170,ORD001195,2025-06-16,where_is_my_order,chat,Noor,7.6,46.9,48,False,neutral,closed
TKT000171,ORD001198,2025-05-09,where_is_my_order,chat,Layla,7.2,40.7,48,False,positive,closed
TKT000172,ORD001199,2025-03-04,address_change,social,Layla,23.0,64.7,48,False,positive,closed
TKT000173,ORD001206,2025-01-16,return_request,chat,Sara,33.4,66.0,48,False,positive,closed
TKT000174,ORD001208,2025-04-08,where_is_my_order,email,Zehra,20.8,69.3,48,False,neutral,open
TKT000175,ORD001215,2025-03-01,where_is_my_order,social,Noor,11.2,41.5,48,False,negative,closed
TKT000176,ORD001217,2025-03-11,product_question,email,Zehra,19.9,37.7,48,False,neutral,closed
TKT000177,ORD001218,2025-04-24,product_question,chat,Layla,13.7,26.8,48,False,neutral,closed
TKT000178,ORD001220,2025-01-19,damaged_item,email,Sara,14.3,46.1,24,False,negative,closed
TKT000179,ORD001227,2025-04-02,where_is_my_order,chat,Noor,29.2,54.9,48,False,positive,closed
TKT000180,ORD001233,2025-02-18,return_request,sms,Noor,32.0,48.7,48,False,neutral,closed
TKT000181,ORD001234,2025-05-15,where_is_my_order,chat,Noor,18.4,34.5,48,False,negative,closed
TKT000182,ORD001236,2025-01-22,damaged_item,chat,Noor,31.0,51.7,24,True,negative,closed
TKT000183,ORD001243,2025-03-18,where_is_my_order,email,Sara,13.4,48.0,48,False,negative,closed
TKT000184,ORD001247,2025-05-01,product_question,email,Layla,7.6,12.0,48,False,neutral,closed
TKT000185,ORD001248,2025-02-20,address_change,chat,Aylin,17.7,38.5,48,False,positive,pending
TKT000186,ORD001253,2025-02-04,where_is_my_order,email,Sara,9.6,33.9,48,False,positive,closed
TKT000187,ORD001271,2025-06-28,cancel_order,email,Zehra,22.6,63.7,24,False,positive,closed
TKT000188,ORD001273,2025-03-23,where_is_my_order,email,Zehra,26.3,35.7,48,False,positive,closed
TKT000189,ORD001284,2025-05-06,return_request,chat,Maya,17.6,29.8,48,False,negative,closed
TKT000190,ORD001287,2025-03-21,where_is_my_order,chat,Sara,18.8,36.1,48,False,positive,closed
TKT000191,ORD001293,2025-04-19,return_request,email,Sara,29.8,45.3,48,False,positive,closed
TKT000192,ORD001296,2025-03-15,address_change,email,Layla,22.4,47.7,48,False,positive,closed
TKT000193,ORD001300,2025-03-22,where_is_my_order,sms,Aylin,28.4,46.9,48,False,positive,closed
TKT000194,ORD001305,2025-06-11,where_is_my_order,email,Sara,13.3,25.2,48,False,positive,open
TKT000195,ORD001306,2025-06-25,address_change,email,Aylin,37.1,52.7,48,False,neutral,closed
TKT000196,ORD001308,2025-05-08,product_question,email,Sara,14.6,31.8,48,False,neutral,closed
TKT000197,ORD001313,2025-04-28,return_request,sms,Layla,33.9,65.6,48,False,positive,closed
TKT000198,ORD001320,2025-06-11,return_request,social,Noor,30.4,39.3,48,False,negative,closed
TKT000199,ORD001324,2025-06-07,address_change,sms,Aylin,14.7,45.1,48,False,positive,closed
TKT000200,ORD001329,2025-03-04,where_is_my_order,chat,Noor,13.0,35.6,48,False,neutral,closed
TKT000201,ORD001334,2025-06-29,where_is_my_order,chat,Layla,21.3,47.2,48,False,neutral,open
TKT000202,ORD001337,2025-02-16,damaged_item,email,Noor,28.9,43.6,24,True,negative,closed
TKT000203,ORD001339,2025-06-18,product_question,chat,Layla,37.0,89.8,48,False,neutral,closed
TKT000204,ORD001343,2025-03-31,where_is_my_order,email,Zehra,16.7,38.5,48,False,positive,closed
TKT000205,ORD001352,2025-06-14,cancel_order,email,Noor,31.2,50.4,24,True,negative,closed
TKT000206,ORD001354,2025-03-03,product_question,sms,Maya,24.5,47.6,48,False,neutral,open
TKT000207,ORD001355,2025-06-18,return_request,chat,Sara,29.4,53.1,48,False,neutral,closed
TKT000208,ORD001360,2025-02-04,return_request,social,Zehra,28.4,83.4,48,False,neutral,closed
TKT000209,ORD001362,2025-03-23,where_is_my_order,chat,Noor,25.6,49.2,48,False,positive,closed
TKT000210,ORD001364,2025-01-16,damaged_item,chat,Sara,16.5,51.7,24,False,negative,closed
TKT000211,ORD001365,2025-04-05,return_request,email,Layla,33.5,35.5,48,False,positive,closed
TKT000212,ORD001387,2025-05-21,return_request,chat,Sara,20.6,29.5,48,False,positive,closed
TKT000213,ORD001388,2025-03-12,return_request,chat,Noor,26.1,50.2,48,False,negative,closed
TKT000214,ORD001428,2025-01-21,return_request,email,Sara,35.0,67.5,48,False,negative,closed
TKT000215,ORD001437,2025-02-18,where_is_my_order,chat,Maya,27.8,44.4,48,False,neutral,closed
TKT000216,ORD001442,2025-01-19,where_is_my_order,sms,Layla,26.4,40.9,48,False,positive,closed
TKT000217,ORD001460,2025-03-15,damaged_item,sms,Aylin,15.7,46.9,24,False,negative,closed
TKT000218,ORD001463,2025-02-12,return_request,email,Zehra,23.4,63.2,48,False,neutral,closed
TKT000219,ORD001474,2025-04-10,product_question,chat,Noor,38.7,74.8,48,False,neutral,closed
TKT000220,ORD001476,2025-04-11,return_request,chat,Aylin,30.2,60.5,48,False,positive,closed
TKT000221,ORD001480,2025-04-07,where_is_my_order,sms,Maya,7.1,34.9,48,False,negative,closed
TKT000222,ORD001486,2025-01-16,address_change,chat,Layla,29.8,67.5,48,False,positive,closed
TKT000223,ORD001495,2025-03-28,where_is_my_order,social,Layla,18.5,40.5,48,False,positive,closed
TKT000224,ORD001510,2025-05-22,return_request,chat,Layla,41.6,64.6,48,False,negative,closed
TKT000225,ORD001517,2025-01-31,where_is_my_order,social,Maya,17.7,38.8,48,False,negative,pending
TKT000226,ORD001518,2025-07-01,where_is_my_order,social,Sara,13.3,20.2,48,False,negative,closed
TKT000227,ORD001519,2025-02-02,return_request,email,Sara,27.8,54.3,48,False,neutral,closed
TKT000228,ORD001521,2025-03-03,product_question,social,Noor,21.0,60.2,48,False,neutral,pending
TKT000229,ORD001524,2025-06-02,return_request,chat,Zehra,30.6,71.9,48,False,neutral,closed
TKT000230,ORD001528,2025-04-08,damaged_item,sms,Layla,28.3,46.4,24,True,negative,closed
TKT000231,ORD001530,2025-02-28,cancel_order,social,Layla,35.7,78.3,24,True,negative,closed
TKT000232,ORD001534,2025-05-23,address_change,email,Noor,22.8,58.5,48,False,neutral,pending
TKT000233,ORD001541,2025-06-10,where_is_my_order,chat,Aylin,45.4,85.1,48,False,positive,closed
TKT000234,ORD001544,2025-02-15,damaged_item,email,Sara,12.3,36.9,24,False,negative,pending
TKT000235,ORD001552,2025-04-01,return_request,sms,Aylin,27.9,57.7,48,False,neutral,closed
TKT000236,ORD001554,2025-03-13,where_is_my_order,chat,Aylin,32.8,43.1,48,False,positive,closed
TKT000237,ORD001555,2025-02-26,where_is_my_order,email,Layla,17.7,52.0,48,False,neutral,closed
TKT000238,ORD001567,2025-01-22,return_request,social,Maya,32.6,56.1,48,False,negative,open
TKT000239,ORD001582,2025-03-11,return_request,chat,Noor,24.9,44.0,48,False,negative,closed
TKT000240,ORD001589,2025-03-08,where_is_my_order,chat,Aylin,33.5,58.7,48,False,neutral,closed
TKT000241,ORD001597,2025-02-15,return_request,email,Sara,23.5,54.1,48,False,neutral,closed
TKT000242,ORD001603,2025-05-17,return_request,chat,Noor,32.3,78.5,48,False,negative,closed
TKT000243,ORD001617,2025-01-03,where_is_my_order,email,Aylin,35.2,70.9,48,False,negative,open
TKT000244,ORD001618,2025-04-25,product_question,email,Layla,37.0,78.8,48,False,neutral,open
TKT000245,ORD001621,2025-02-13,product_question,sms,Aylin,21.1,30.9,48,False,neutral,closed
TKT000246,ORD001622,2025-04-12,return_request,email,Aylin,32.9,65.7,48,False,neutral,closed
TKT000247,ORD001627,2025-03-17,return_request,email,Maya,22.3,44.7,48,False,negative,closed
TKT000248,ORD001629,2025-02-14,return_request,email,Layla,41.7,75.3,48,False,negative,closed
TKT000249,ORD001632,2025-06-17,damaged_item,chat,Noor,7.1,15.0,24,False,negative,closed
TKT000250,ORD001650,2025-06-08,where_is_my_order,email,Layla,25.2,36.7,48,False,neutral,closed
TKT000251,ORD001660,2025-01-13,return_request,email,Zehra,22.7,44.8,48,False,neutral,open
TKT000252,ORD001662,2025-05-07,cancel_order,social,Maya,19.1,31.8,24,False,neutral,open
TKT000253,ORD001685,2025-01-27,damaged_item,email,Aylin,25.4,45.4,24,True,negative,closed
TKT000254,ORD001692,2025-06-21,where_is_my_order,chat,Layla,6.8,55.8,48,False,neutral,closed
TKT000255,ORD001697,2025-02-11,product_question,social,Zehra,1.0,34.8,48,False,neutral,closed
TKT000256,ORD001700,2025-05-19,address_change,email,Maya,24.2,52.3,48,False,neutral,open
TKT000257,ORD001715,2025-03-12,return_request,email,Sara,25.7,69.7,48,False,positive,closed
TKT000258,ORD001717,2025-03-15,address_change,chat,Aylin,13.6,54.0,48,False,neutral,closed
TKT000259,ORD001723,2025-05-14,where_is_my_order,email,Noor,29.6,53.5,48,False,neutral,closed
TKT000260,ORD001726,2025-01-13,return_request,email,Aylin,16.8,50.8,48,False,positive,closed
TKT000261,ORD001746,2025-04-30,where_is_my_order,email,Maya,20.6,47.4,48,False,positive,closed
TKT000262,ORD001750,2025-03-28,damaged_item,sms,Noor,31.0,74.7,24,True,negative,closed
TKT000263,ORD001752,2025-02-17,where_is_my_order,email,Noor,25.1,53.3,48,False,positive,closed
TKT000264,ORD001774,2025-06-23,return_request,chat,Noor,26.6,67.1,48,False,neutral,closed
TKT000265,ORD001782,2025-06-03,where_is_my_order,email,Layla,34.8,52.9,48,False,negative,closed
TKT000266,ORD001786,2025-06-12,damaged_item,email,Maya,10.8,22.7,24,False,negative,closed
TKT000267,ORD001788,2025-05-15,where_is_my_order,social,Aylin,21.2,30.4,48,False,neutral,closed
TKT000268,ORD001797,2025-04-26,return_request,sms,Maya,20.6,38.0,48,False,neutral,closed
TKT000269,ORD001806,2025-05-13,damaged_item,chat,Aylin,15.8,55.1,24,False,negative,closed
TKT000270,ORD001807,2025-01-20,damaged_item,email,Zehra,31.0,70.4,24,True,negative,closed
TKT000271,ORD001808,2025-03-26,where_is_my_order,chat,Layla,23.4,32.7,48,False,negative,closed
TKT000272,ORD001809,2025-03-24,return_request,social,Sara,13.0,41.2,48,False,positive,closed
TKT000273,ORD001814,2025-02-23,return_request,sms,Aylin,22.9,44.2,48,False,neutral,closed
TKT000274,ORD001819,2025-04-04,cancel_order,chat,Zehra,38.3,80.7,24,True,negative,open
TKT000275,ORD001822,2025-04-09,return_request,chat,Maya,50.8,52.8,48,True,negative,closed
TKT000276,ORD001833,2025-04-01,where_is_my_order,social,Maya,36.4,64.2,48,False,positive,closed
TKT000277,ORD001835,2025-02-22,product_question,chat,Zehra,18.7,56.4,48,False,neutral,closed
TKT000278,ORD001842,2025-04-16,return_request,email,Layla,38.6,57.8,48,False,positive,closed
TKT000279,ORD001847,2025-03-14,where_is_my_order,chat,Aylin,32.8,54.6,48,False,neutral,open
TKT000280,ORD001851,2025-02-18,address_change,sms,Aylin,12.7,33.1,48,False,neutral,closed
TKT000281,ORD001854,2025-05-23,product_question,email,Sara,22.2,24.2,48,False,neutral,closed
TKT000282,ORD001862,2025-06-30,damaged_item,email,Maya,25.2,40.1,24,True,negative,closed
TKT000283,ORD001863,2025-07-09,return_request,email,Maya,22.3,42.5,48,False,neutral,closed
TKT000284,ORD001869,2025-04-16,damaged_item,social,Maya,19.1,27.8,24,False,negative,closed
TKT000285,ORD001873,2025-07-03,damaged_item,chat,Maya,15.6,29.7,24,False,negative,closed
TKT000286,ORD001875,2025-06-17,where_is_my_order,social,Layla,28.4,40.5,48,False,neutral,closed
TKT000287,ORD001878,2025-03-16,product_question,email,Zehra,5.7,24.9,48,False,neutral,closed
TKT000288,ORD001879,2025-04-17,where_is_my_order,email,Sara,18.1,23.5,48,False,positive,closed
TKT000289,ORD001887,2025-01-28,return_request,email,Sara,36.6,74.0,48,False,positive,closed
TKT000290,ORD001897,2025-05-08,where_is_my_order,chat,Sara,24.1,49.9,48,False,positive,closed
TKT000291,ORD001904,2025-02-11,return_request,email,Maya,37.6,65.5,48,False,neutral,closed
TKT000292,ORD001906,2025-03-28,damaged_item,chat,Maya,10.0,32.1,24,False,negative,closed
TKT000293,ORD001908,2025-01-19,return_request,email,Zehra,5.6,19.9,48,False,negative,open
TKT000294,ORD001915,2025-02-03,return_request,email,Aylin,20.3,40.3,48,False,neutral,closed
TKT000295,ORD001917,2025-05-13,where_is_my_order,chat,Maya,25.9,52.2,48,False,positive,closed
TKT000296,ORD001927,2025-03-13,return_request,chat,Layla,20.2,46.9,48,False,neutral,closed
TKT000297,ORD001937,2025-04-08,address_change,email,Noor,19.5,41.9,48,False,positive,closed
TKT000298,ORD001943,2025-03-29,return_request,social,Layla,40.1,75.0,48,False,positive,closed
TKT000299,ORD001946,2025-06-27,damaged_item,email,Layla,12.4,33.7,24,False,negative,closed
TKT000300,ORD001959,2025-06-18,return_request,email,Noor,44.1,67.1,48,False,neutral,closed
TKT000301,ORD001962,2025-03-24,cancel_order,chat,Layla,12.9,28.3,24,False,neutral,open
TKT000302,ORD001966,2025-01-25,return_request,email,Zehra,33.5,56.0,48,False,negative,closed
TKT000303,ORD001975,2025-02-14,product_question,sms,Maya,26.1,65.0,48,False,neutral,closed
TKT000304,ORD001980,2025-02-24,where_is_my_order,social,Sara,17.1,37.6,48,False,positive,closed
TKT000305,ORD001984,2025-02-24,where_is_my_order,chat,Maya,16.4,36.9,48,False,positive,pending
TKT000306,ORD002013,2025-02-01,damaged_item,social,Layla,13.1,28.8,24,False,negative,closed
TKT000307,ORD002038,2025-01-13,return_request,chat,Maya,36.3,91.5,48,False,neutral,closed
TKT000308,ORD002041,2025-03-03,return_request,chat,Sara,14.6,36.4,48,False,neutral,closed
TKT000309,ORD002042,2025-06-07,product_question,chat,Layla,24.2,69.0,48,False,neutral,closed
TKT000310,ORD002047,2025-03-27,damaged_item,email,Noor,9.3,33.4,24,False,negative,closed
TKT000311,ORD002050,2025-03-15,return_request,email,Maya,19.2,38.5,48,False,neutral,open
TKT000312,ORD002062,2025-02-25,where_is_my_order,email,Layla,42.0,44.0,48,False,neutral,closed
TKT000313,ORD002084,2025-02-13,where_is_my_order,social,Layla,15.3,30.3,48,False,neutral,closed
TKT000314,ORD002085,2025-05-16,return_request,social,Sara,19.2,52.7,48,False,positive,closed
TKT000315,ORD002093,2025-04-19,product_question,sms,Aylin,23.2,66.1,48,False,neutral,closed
TKT000316,ORD002095,2025-06-19,where_is_my_order,chat,Maya,16.5,41.7,48,False,positive,closed
TKT000317,ORD002096,2025-03-14,where_is_my_order,chat,Maya,36.1,64.5,48,False,negative,closed
TKT000318,ORD002098,2025-04-11,address_change,email,Sara,21.2,69.1,48,False,neutral,closed
TKT000319,ORD002108,2025-07-08,where_is_my_order,email,Maya,25.9,65.5,48,False,positive,closed
TKT000320,ORD002129,2025-01-21,where_is_my_order,chat,Aylin,14.2,31.0,48,False,neutral,closed
TKT000321,ORD002132,2025-05-26,where_is_my_order,sms,Layla,12.1,39.4,48,False,positive,closed
TKT000322,ORD002145,2025-03-07,product_question,social,Aylin,24.3,55.7,48,False,neutral,closed
TKT000323,ORD002151,2025-05-09,product_question,chat,Zehra,22.9,46.2,48,False,neutral,closed
TKT000324,ORD002153,2025-05-27,damaged_item,chat,Zehra,34.6,58.0,24,True,negative,open
TKT000325,ORD002157,2025-01-30,where_is_my_order,chat,Zehra,12.2,27.2,48,False,positive,closed
TKT000326,ORD002160,2025-01-13,return_request,chat,Noor,20.8,63.5,48,False,neutral,closed
TKT000327,ORD002161,2025-04-01,return_request,email,Maya,13.9,22.6,48,False,neutral,closed
TKT000328,ORD002163,2025-03-25,where_is_my_order,sms,Maya,39.9,70.8,48,False,neutral,closed
TKT000329,ORD002164,2025-03-26,product_question,email,Noor,10.1,37.0,48,False,neutral,closed
TKT000330,ORD002166,2025-03-04,address_change,chat,Zehra,14.1,24.8,48,False,neutral,closed
TKT000331,ORD002171,2025-03-27,damaged_item,sms,Sara,14.5,33.0,24,False,negative,closed
TKT000332,ORD002179,2025-02-28,return_request,chat,Layla,47.4,77.5,48,False,positive,closed
TKT000333,ORD002181,2025-06-04,damaged_item,chat,Layla,13.6,54.9,24,False,negative,closed
TKT000334,ORD002184,2025-02-07,where_is_my_order,email,Noor,31.0,69.3,48,False,neutral,closed
TKT000335,ORD002188,2025-04-25,return_request,sms,Noor,24.5,42.5,48,False,neutral,pending
TKT000336,ORD002193,2025-05-23,where_is_my_order,email,Noor,33.6,48.3,48,False,neutral,closed
TKT000337,ORD002199,2025-03-03,where_is_my_order,email,Zehra,31.3,71.8,48,False,neutral,closed
TKT000338,ORD002205,2025-03-06,damaged_item,email,Sara,2.5,19.0,24,False,negative,closed
TKT000339,ORD002208,2025-03-26,where_is_my_order,sms,Layla,40.9,72.4,48,False,positive,closed
TKT000340,ORD002211,2025-07-09,address_change,email,Noor,23.7,40.9,48,False,negative,closed
TKT000341,ORD002219,2025-06-23,return_request,chat,Zehra,22.5,44.4,48,False,negative,closed
TKT000342,ORD002221,2025-03-19,return_request,email,Sara,8.2,27.4,48,False,negative,closed
TKT000343,ORD002222,2025-03-31,where_is_my_order,email,Noor,15.5,49.6,48,False,neutral,closed
TKT000344,ORD002226,2025-02-25,return_request,email,Aylin,30.8,57.3,48,False,neutral,closed
TKT000345,ORD002227,2025-05-15,return_request,chat,Zehra,13.4,66.6,48,False,neutral,closed
TKT000346,ORD002231,2025-03-09,product_question,email,Noor,27.8,48.8,48,False,neutral,closed
TKT000347,ORD002239,2025-03-13,return_request,email,Aylin,22.4,61.7,48,False,neutral,closed
TKT000348,ORD002248,2025-04-30,product_question,chat,Sara,13.1,27.5,48,False,neutral,closed
TKT000349,ORD002250,2025-03-12,address_change,social,Layla,37.2,62.7,48,False,neutral,closed
TKT000350,ORD002279,2025-06-12,product_question,social,Maya,35.0,51.9,48,False,neutral,open
TKT000351,ORD002281,2025-03-25,return_request,chat,Layla,31.3,58.0,48,False,positive,open
TKT000352,ORD002284,2025-05-13,damaged_item,email,Maya,10.5,45.1,24,False,negative,closed
TKT000353,ORD002308,2025-04-01,where_is_my_order,social,Layla,4.0,35.2,48,False,neutral,closed
TKT000354,ORD002310,2025-06-25,where_is_my_order,social,Sara,35.7,64.8,48,False,negative,closed
TKT000355,ORD002316,2025-03-10,where_is_my_order,email,Sara,21.5,23.5,48,False,positive,closed
TKT000356,ORD002319,2025-04-03,return_request,email,Layla,33.6,64.3,48,False,positive,closed
TKT000357,ORD002322,2025-01-18,product_question,email,Maya,26.4,54.5,48,False,neutral,closed
TKT000358,ORD002325,2025-02-25,damaged_item,social,Layla,22.9,37.1,24,False,negative,closed
TKT000359,ORD002336,2025-05-14,where_is_my_order,sms,Zehra,30.9,68.3,48,False,positive,closed
TKT000360,ORD002337,2025-06-13,product_question,chat,Maya,1.0,33.5,48,False,neutral,closed
TKT000361,ORD002340,2025-01-18,return_request,chat,Maya,20.3,30.0,48,False,neutral,closed
TKT000362,ORD002351,2025-01-18,where_is_my_order,chat,Noor,15.9,30.3,48,False,neutral,closed
TKT000363,ORD002357,2025-04-08,damaged_item,email,Zehra,23.7,53.5,24,False,negative,closed
TKT000364,ORD002370,2025-04-08,where_is_my_order,email,Aylin,23.6,57.3,48,False,positive,open
TKT000365,ORD002374,2025-03-01,return_request,email,Maya,11.1,32.4,48,False,positive,closed
TKT000366,ORD002378,2025-05-01,where_is_my_order,social,Aylin,29.7,58.6,48,False,positive,closed
TKT000367,ORD002386,2025-05-29,where_is_my_order,email,Noor,21.6,41.6,48,False,neutral,closed
TKT000368,ORD002399,2025-02-05,where_is_my_order,social,Layla,27.4,50.5,48,False,neutral,open
TKT000369,ORD002401,2025-04-23,return_request,sms,Zehra,39.8,52.1,48,False,neutral,closed
TKT000370,ORD002411,2025-05-13,product_question,email,Sara,38.8,75.9,48,False,neutral,closed
TKT000371,ORD002415,2025-04-02,product_question,sms,Aylin,32.8,69.2,48,False,neutral,open
TKT000372,ORD002416,2025-01-26,where_is_my_order,sms,Layla,41.6,62.3,48,False,neutral,closed
TKT000373,ORD002417,2025-02-19,return_request,chat,Maya,29.2,47.0,48,False,positive,closed
TKT000374,ORD002422,2025-02-17,where_is_my_order,email,Zehra,15.5,66.5,48,False,negative,closed
TKT000375,ORD002424,2025-01-27,address_change,email,Maya,19.0,30.8,48,False,neutral,closed
TKT000376,ORD002426,2025-05-20,return_request,chat,Sara,34.2,65.6,48,False,negative,closed
TKT000377,ORD002429,2025-05-02,cancel_order,email,Layla,23.0,60.3,24,False,neutral,closed
TKT000378,ORD002431,2025-06-13,return_request,sms,Layla,50.2,70.7,48,True,negative,closed
TKT000379,ORD002440,2025-05-28,damaged_item,chat,Aylin,30.1,54.5,24,True,negative,pending
TKT000380,ORD002451,2025-05-13,where_is_my_order,email,Maya,28.7,60.7,48,False,neutral,closed
TKT000381,ORD002455,2025-04-28,where_is_my_order,social,Sara,11.4,35.6,48,False,positive,open
TKT000382,ORD002456,2025-04-11,where_is_my_order,email,Layla,20.4,59.2,48,False,neutral,open
TKT000383,ORD002463,2025-01-26,damaged_item,chat,Sara,25.0,52.4,24,True,negative,closed
TKT000384,ORD002464,2025-04-24,return_request,chat,Maya,33.7,62.6,48,False,neutral,closed
TKT000385,ORD002494,2025-06-21,where_is_my_order,chat,Sara,30.1,64.3,48,False,positive,closed
TKT000386,ORD002497,2025-04-17,where_is_my_order,chat,Aylin,29.8,72.9,48,False,negative,closed
TKT000387,ORD002498,2025-02-17,where_is_my_order,chat,Noor,12.2,47.9,48,False,neutral,closed
TKT000388,ORD002510,2025-05-01,damaged_item,chat,Sara,15.9,28.9,24,False,negative,closed
TKT000389,ORD002522,2025-04-14,where_is_my_order,email,Maya,14.8,49.2,48,False,negative,closed
TKT000390,ORD002524,2025-05-01,cancel_order,chat,Zehra,24.2,59.0,24,True,negative,closed
TKT000391,ORD002532,2025-04-30,return_request,chat,Maya,21.2,42.8,48,False,positive,closed
TKT000392,ORD002537,2025-06-06,cancel_order,chat,Aylin,3.4,20.1,24,False,negative,closed
TKT000393,ORD002542,2025-03-30,product_question,chat,Aylin,15.9,38.6,48,False,neutral,closed
TKT000394,ORD002546,2025-03-15,where_is_my_order,email,Zehra,12.1,37.4,48,False,negative,closed
TKT000395,ORD002562,2025-05-09,where_is_my_order,chat,Sara,1.0,47.7,48,False,positive,closed
TKT000396,ORD002564,2025-04-08,where_is_my_order,chat,Aylin,19.9,40.3,48,False,neutral,closed
TKT000397,ORD002570,2025-07-10,return_request,email,Sara,21.9,48.5,48,False,negative,closed
TKT000398,ORD002575,2025-04-18,return_request,email,Sara,14.8,42.5,48,False,neutral,pending
TKT000399,ORD002577,2025-05-20,return_request,chat,Zehra,16.1,44.8,48,False,negative,closed
TKT000400,ORD002579,2025-02-04,where_is_my_order,chat,Noor,28.3,67.8,48,False,neutral,closed
TKT000401,ORD002580,2025-06-28,cancel_order,email,Zehra,18.0,52.7,24,False,positive,closed
TKT000402,ORD002583,2025-01-18,where_is_my_order,chat,Maya,30.5,44.0,48,False,negative,closed
TKT000403,ORD002585,2025-01-06,cancel_order,email,Maya,12.2,44.1,24,False,neutral,closed
TKT000404,ORD002588,2025-02-11,address_change,email,Maya,9.7,34.4,48,False,neutral,closed
TKT000405,ORD002596,2025-06-26,where_is_my_order,email,Sara,32.8,58.0,48,False,neutral,closed
TKT000406,ORD002602,2025-05-11,product_question,email,Zehra,24.8,62.6,48,False,neutral,closed
TKT000407,ORD002607,2025-05-01,where_is_my_order,chat,Layla,20.3,54.9,48,False,neutral,closed
TKT000408,ORD002609,2025-05-15,where_is_my_order,email,Aylin,17.6,50.2,48,False,positive,closed
TKT000409,ORD002618,2025-06-20,damaged_item,social,Maya,34.6,61.1,24,True,negative,closed
TKT000410,ORD002624,2025-06-29,cancel_order,chat,Aylin,21.5,36.4,24,False,positive,closed
TKT000411,ORD002628,2025-03-18,return_request,email,Maya,24.5,42.6,48,False,negative,closed
TKT000412,ORD002629,2025-03-01,return_request,sms,Aylin,22.9,27.2,48,False,neutral,open
TKT000413,ORD002636,2025-03-22,where_is_my_order,email,Sara,18.2,66.7,48,False,neutral,closed
TKT000414,ORD002641,2025-05-16,product_question,email,Aylin,20.8,34.1,48,False,neutral,closed
TKT000415,ORD002656,2025-06-27,product_question,chat,Zehra,12.7,33.4,48,False,neutral,closed
TKT000416,ORD002660,2025-02-19,where_is_my_order,email,Layla,15.1,32.7,48,False,neutral,closed
TKT000417,ORD002673,2025-03-24,where_is_my_order,sms,Layla,24.9,85.8,48,False,positive,closed
TKT000418,ORD002674,2025-04-06,where_is_my_order,email,Noor,29.7,56.8,48,False,neutral,closed
TKT000419,ORD002692,2025-03-20,where_is_my_order,email,Maya,15.6,42.7,48,False,positive,open
TKT000420,ORD002695,2025-06-16,where_is_my_order,chat,Noor,15.2,45.9,48,False,neutral,closed
TKT000421,ORD002705,2025-05-19,where_is_my_order,email,Maya,36.8,71.2,48,False,neutral,open
TKT000422,ORD002706,2025-04-03,where_is_my_order,email,Layla,23.3,70.1,48,False,positive,pending
TKT000423,ORD002709,2025-02-13,return_request,sms,Maya,21.6,47.1,48,False,neutral,closed
TKT000424,ORD002715,2025-06-20,return_request,email,Zehra,33.2,79.9,48,False,positive,closed
TKT000425,ORD002718,2025-07-02,where_is_my_order,email,Noor,19.1,40.8,48,False,positive,closed
TKT000426,ORD002722,2025-06-07,product_question,email,Zehra,12.1,47.2,48,False,neutral,closed
TKT000427,ORD002729,2025-03-19,return_request,email,Aylin,26.3,54.5,48,False,negative,closed
TKT000428,ORD002730,2025-06-17,return_request,email,Zehra,32.0,57.6,48,False,neutral,pending
TKT000429,ORD002733,2025-04-20,return_request,social,Aylin,21.8,40.8,48,False,positive,closed
TKT000430,ORD002753,2025-06-12,cancel_order,email,Layla,17.3,28.6,24,False,positive,closed
TKT000431,ORD002754,2025-01-23,where_is_my_order,chat,Aylin,37.9,77.9,48,False,neutral,closed
TKT000432,ORD002755,2025-06-18,where_is_my_order,chat,Zehra,13.8,51.0,48,False,negative,pending
TKT000433,ORD002769,2025-06-15,product_question,email,Noor,20.4,33.2,48,False,neutral,closed
TKT000434,ORD002771,2025-02-03,damaged_item,email,Maya,17.0,25.8,24,False,negative,closed
TKT000435,ORD002775,2025-05-27,where_is_my_order,email,Aylin,17.5,39.9,48,False,neutral,closed
TKT000436,ORD002780,2025-02-08,product_question,social,Layla,12.7,30.2,48,False,neutral,closed
TKT000437,ORD002790,2025-03-21,where_is_my_order,email,Maya,7.8,53.7,48,False,positive,closed
TKT000438,ORD002800,2025-05-29,where_is_my_order,chat,Aylin,18.6,39.3,48,False,positive,closed
TKT000439,ORD002803,2025-01-19,where_is_my_order,chat,Maya,27.3,51.2,48,False,negative,closed
TKT000440,ORD002804,2025-04-28,where_is_my_order,chat,Sara,33.7,70.1,48,False,negative,closed
TKT000441,ORD002826,2025-05-27,product_question,sms,Aylin,21.6,36.1,48,False,neutral,closed
TKT000442,ORD002835,2025-05-11,return_request,chat,Aylin,22.0,50.5,48,False,positive,open
TKT000443,ORD002839,2025-03-18,where_is_my_order,email,Sara,25.7,66.4,48,False,positive,closed
TKT000444,ORD002843,2025-04-01,damaged_item,social,Layla,24.7,61.8,24,True,negative,closed
TKT000445,ORD002851,2025-03-19,damaged_item,social,Noor,37.6,71.2,24,True,negative,closed
TKT000446,ORD002868,2025-04-18,product_question,email,Aylin,23.8,37.2,48,False,neutral,open
TKT000447,ORD002874,2025-02-28,address_change,social,Zehra,24.5,60.3,48,False,neutral,closed
TKT000448,ORD002875,2025-02-02,where_is_my_order,email,Aylin,15.0,48.5,48,False,positive,closed
TKT000449,ORD002883,2025-04-17,where_is_my_order,email,Aylin,21.3,37.0,48,False,positive,closed
TKT000450,ORD002888,2025-06-27,where_is_my_order,social,Zehra,18.9,30.9,48,False,neutral,closed
TKT000451,ORD002892,2025-07-07,damaged_item,social,Sara,24.7,48.8,24,True,negative,closed
TKT000452,ORD002898,2025-02-21,return_request,chat,Aylin,18.4,51.8,48,False,neutral,closed
TKT000453,ORD002910,2025-04-17,where_is_my_order,email,Noor,17.8,28.0,48,False,negative,closed
TKT000454,ORD002918,2025-06-19,where_is_my_order,chat,Maya,28.0,46.9,48,False,positive,closed
TKT000455,ORD002919,2025-01-15,return_request,email,Sara,14.4,45.2,48,False,positive,pending
TKT000456,ORD002920,2025-05-21,where_is_my_order,chat,Noor,36.9,53.9,48,False,neutral,closed
TKT000457,ORD002923,2025-02-10,address_change,social,Zehra,38.4,53.2,48,False,positive,closed
TKT000458,ORD002929,2025-03-13,where_is_my_order,chat,Layla,7.8,29.6,48,False,positive,closed
TKT000459,ORD002945,2025-03-05,where_is_my_order,chat,Maya,26.4,57.1,48,False,positive,open
TKT000460,ORD002949,2025-06-26,damaged_item,chat,Maya,19.8,26.7,24,False,negative,open
TKT000461,ORD002952,2025-06-04,where_is_my_order,sms,Maya,28.4,48.0,48,False,neutral,closed
TKT000462,ORD002954,2025-06-23,where_is_my_order,social,Layla,29.5,56.4,48,False,neutral,closed
TKT000463,ORD002955,2025-04-13,return_request,sms,Layla,25.2,32.4,48,False,negative,closed
TKT000464,ORD002958,2025-01-14,where_is_my_order,sms,Sara,39.6,76.1,48,False,negative,closed
TKT000465,ORD002963,2025-01-23,where_is_my_order,social,Aylin,14.6,40.6,48,False,negative,closed
TKT000466,ORD002969,2025-04-24,damaged_item,email,Noor,35.6,59.6,24,True,negative,closed
TKT000467,ORD002976,2025-06-12,where_is_my_order,email,Aylin,28.3,50.5,48,False,positive,closed
TKT000468,ORD002978,2025-05-17,return_request,email,Maya,26.7,56.4,48,False,neutral,closed
TKT000469,ORD002986,2025-02-28,where_is_my_order,sms,Maya,6.5,31.0,48,False,positive,closed
TKT000470,ORD002987,2025-01-20,cancel_order,email,Maya,20.3,45.1,24,False,neutral,closed
TKT000471,ORD002993,2025-03-07,damaged_item,chat,Sara,17.4,48.0,24,False,negative,closed
TKT000472,ORD002998,2025-02-14,product_question,chat,Sara,22.4,40.6,48,False,neutral,closed
TKT000473,ORD003000,2025-01-29,return_request,sms,Sara,18.6,77.8,48,False,negative,closed
TKT000474,ORD003009,2025-01-23,where_is_my_order,social,Noor,20.0,46.0,48,False,neutral,closed
TKT000475,ORD003010,2025-06-01,where_is_my_order,email,Sara,31.6,50.6,48,False,positive,closed
TKT000476,ORD003017,2025-06-29,where_is_my_order,email,Zehra,23.4,53.6,48,False,positive,closed
TKT000477,ORD003036,2025-05-15,return_request,email,Aylin,4.6,44.2,48,False,positive,closed
TKT000478,ORD003042,2025-06-23,where_is_my_order,chat,Zehra,27.4,51.3,48,False,negative,closed
TKT000479,ORD003053,2025-05-06,where_is_my_order,chat,Aylin,16.4,51.0,48,False,neutral,closed
TKT000480,ORD003059,2025-02-15,where_is_my_order,chat,Sara,35.3,77.4,48,False,positive,closed
TKT000481,ORD003067,2025-03-25,return_request,chat,Maya,33.5,66.2,48,False,positive,closed
TKT000482,ORD003075,2025-06-20,where_is_my_order,email,Zehra,33.8,65.3,48,False,neutral,closed
TKT000483,ORD003076,2025-06-23,where_is_my_order,social,Zehra,4.6,24.4,48,False,neutral,closed
TKT000484,ORD003082,2025-02-02,damaged_item,email,Aylin,17.8,51.5,24,False,negative,closed
TKT000485,ORD003083,2025-05-07,where_is_my_order,email,Maya,20.3,42.7,48,False,neutral,closed
TKT000486,ORD003089,2025-04-20,cancel_order,chat,Aylin,18.3,36.0,24,False,positive,closed
TKT000487,ORD003098,2025-03-22,where_is_my_order,chat,Maya,13.4,20.5,48,False,neutral,closed
TKT000488,ORD003103,2025-06-29,product_question,social,Aylin,31.8,81.1,48,False,neutral,closed
TKT000489,ORD003104,2025-05-24,product_question,chat,Layla,4.8,42.5,48,False,neutral,closed
TKT000490,ORD003119,2025-03-07,where_is_my_order,email,Noor,21.9,51.9,48,False,negative,closed
TKT000491,ORD003122,2025-03-14,return_request,chat,Zehra,24.3,68.1,48,False,negative,closed
TKT000492,ORD003124,2025-03-28,where_is_my_order,email,Aylin,7.8,31.4,48,False,negative,open
TKT000493,ORD003126,2025-02-15,return_request,email,Aylin,17.4,53.4,48,False,neutral,closed
TKT000494,ORD003127,2025-04-18,where_is_my_order,chat,Noor,9.6,19.0,48,False,neutral,closed
TKT000495,ORD003131,2025-03-24,where_is_my_order,email,Maya,13.9,42.6,48,False,neutral,closed
TKT000496,ORD003133,2025-01-23,address_change,chat,Noor,16.7,52.6,48,False,positive,closed
TKT000497,ORD003140,2025-03-24,address_change,social,Sara,12.7,48.5,48,False,neutral,open
TKT000498,ORD003171,2025-07-02,where_is_my_order,email,Zehra,34.7,72.3,48,False,neutral,closed
TKT000499,ORD003178,2025-03-19,where_is_my_order,email,Layla,16.1,26.5,48,False,neutral,closed
TKT000500,ORD003181,2025-06-24,return_request,email,Layla,8.0,29.9,48,False,neutral,pending
TKT000501,ORD003192,2025-01-11,return_request,chat,Sara,18.9,48.9,48,False,neutral,closed
TKT000502,ORD003195,2025-05-06,where_is_my_order,chat,Layla,36.4,77.8,48,False,negative,closed
TKT000503,ORD003196,2025-03-20,return_request,chat,Zehra,42.4,64.5,48,False,neutral,closed
TKT000504,ORD003202,2025-06-24,address_change,chat,Noor,11.6,33.6,48,False,neutral,closed
TKT000505,ORD003215,2025-01-31,where_is_my_order,chat,Noor,24.2,56.0,48,False,positive,closed
TKT000506,ORD003223,2025-05-27,return_request,social,Aylin,17.7,47.8,48,False,negative,closed
TKT000507,ORD003243,2025-06-24,where_is_my_order,chat,Zehra,36.2,76.2,48,False,neutral,closed
TKT000508,ORD003244,2025-03-08,return_request,social,Zehra,33.4,72.1,48,False,neutral,closed
TKT000509,ORD003246,2025-04-13,cancel_order,email,Aylin,23.6,54.2,24,False,neutral,closed
TKT000510,ORD003263,2025-01-25,where_is_my_order,email,Sara,24.6,59.1,48,False,neutral,closed
TKT000511,ORD003265,2025-03-08,return_request,email,Maya,42.4,53.9,48,False,neutral,closed
TKT000512,ORD003277,2025-04-09,damaged_item,email,Maya,8.8,24.0,24,False,negative,closed
TKT000513,ORD003281,2025-05-12,return_request,chat,Layla,25.5,39.5,48,False,neutral,closed
TKT000514,ORD003285,2025-02-10,return_request,sms,Layla,23.2,46.6,48,False,negative,closed
TKT000515,ORD003297,2025-06-01,where_is_my_order,email,Noor,25.2,68.8,48,False,neutral,closed
TKT000516,ORD003305,2025-05-17,return_request,chat,Noor,30.6,69.1,48,False,positive,closed
TKT000517,ORD003306,2025-01-21,where_is_my_order,email,Noor,12.2,14.2,48,False,positive,closed
TKT000518,ORD003308,2025-01-10,return_request,email,Sara,27.2,43.6,48,False,neutral,closed
TKT000519,ORD003313,2025-04-11,product_question,chat,Aylin,24.0,42.8,48,False,neutral,closed
TKT000520,ORD003320,2025-03-13,return_request,email,Aylin,35.4,39.1,48,False,neutral,closed
TKT000521,ORD003342,2025-06-07,cancel_order,chat,Noor,26.9,48.2,24,True,negative,closed
TKT000522,ORD003343,2025-02-02,damaged_item,email,Sara,28.0,37.7,24,True,negative,closed
TKT000523,ORD003344,2025-01-31,product_question,chat,Maya,21.5,76.2,48,False,neutral,closed
TKT000524,ORD003350,2025-03-17,where_is_my_order,chat,Sara,27.5,84.9,48,False,neutral,closed
TKT000525,ORD003352,2025-01-27,where_is_my_order,email,Layla,31.7,45.2,48,False,negative,closed
TKT000526,ORD003354,2025-03-13,product_question,email,Zehra,11.0,28.5,48,False,neutral,closed
TKT000527,ORD003362,2025-03-15,where_is_my_order,email,Sara,9.2,58.3,48,False,positive,pending
TKT000528,ORD003367,2025-05-18,where_is_my_order,email,Zehra,16.2,35.4,48,False,negative,closed
TKT000529,ORD003376,2025-03-25,where_is_my_order,email,Aylin,25.8,59.6,48,False,positive,closed
TKT000530,ORD003387,2025-04-18,where_is_my_order,email,Sara,44.5,68.0,48,False,positive,closed
TKT000531,ORD003390,2025-03-02,return_request,email,Zehra,34.7,81.6,48,False,neutral,closed
TKT000532,ORD003402,2025-06-09,damaged_item,email,Layla,23.2,51.3,24,False,negative,closed
TKT000533,ORD003404,2025-06-19,return_request,chat,Zehra,11.3,23.9,48,False,positive,closed
TKT000534,ORD003405,2025-06-20,address_change,chat,Layla,36.3,41.4,48,False,neutral,closed
TKT000535,ORD003416,2025-02-26,where_is_my_order,chat,Zehra,20.1,61.4,48,False,neutral,closed
TKT000536,ORD003422,2025-03-15,where_is_my_order,social,Aylin,45.1,61.2,48,False,neutral,closed
TKT000537,ORD003426,2025-04-13,address_change,social,Zehra,32.5,56.2,48,False,positive,closed
TKT000538,ORD003428,2025-06-15,return_request,chat,Maya,21.2,43.6,48,False,negative,closed
TKT000539,ORD003429,2025-06-26,where_is_my_order,email,Layla,6.4,32.4,48,False,neutral,closed
TKT000540,ORD003430,2025-06-14,where_is_my_order,sms,Sara,31.7,60.3,48,False,positive,closed
TKT000541,ORD003436,2025-04-16,where_is_my_order,email,Sara,28.9,61.5,48,False,neutral,pending
TKT000542,ORD003437,2025-03-08,where_is_my_order,sms,Noor,25.5,55.9,48,False,neutral,closed
TKT000543,ORD003441,2025-03-03,damaged_item,chat,Layla,37.1,66.7,24,True,negative,closed
TKT000544,ORD003451,2025-05-18,damaged_item,chat,Zehra,25.1,52.6,24,True,negative,closed
TKT000545,ORD003455,2025-07-07,where_is_my_order,email,Noor,19.8,43.8,48,False,neutral,closed
TKT000546,ORD003462,2025-06-03,where_is_my_order,chat,Maya,41.8,71.7,48,False,neutral,pending
TKT000547,ORD003468,2025-03-03,where_is_my_order,email,Zehra,8.6,38.0,48,False,negative,closed
TKT000548,ORD003469,2025-03-07,return_request,chat,Noor,21.8,51.6,48,False,neutral,closed
TKT000549,ORD003494,2025-04-29,product_question,email,Zehra,41.8,50.7,48,False,neutral,closed
TKT000550,ORD003495,2025-01-29,where_is_my_order,email,Layla,12.7,37.0,48,False,positive,closed
TKT000551,ORD003499,2025-03-19,address_change,email,Noor,9.8,12.7,48,False,positive,closed
TKT000552,ORD003503,2025-01-03,where_is_my_order,chat,Aylin,21.1,38.6,48,False,neutral,closed
TKT000553,ORD003507,2025-04-05,damaged_item,social,Aylin,32.2,41.4,24,True,negative,closed
TKT000554,ORD003516,2025-05-28,where_is_my_order,chat,Layla,9.5,63.6,48,False,positive,closed
TKT000555,ORD003522,2025-06-15,where_is_my_order,email,Noor,29.5,51.1,48,False,neutral,closed
TKT000556,ORD003525,2025-04-06,cancel_order,email,Zehra,29.8,38.2,24,True,negative,closed
TKT000557,ORD003531,2025-01-12,product_question,chat,Aylin,12.5,28.6,48,False,neutral,open
TKT000558,ORD003538,2025-04-25,return_request,sms,Noor,18.8,60.5,48,False,negative,closed
TKT000559,ORD003543,2025-06-23,address_change,email,Layla,23.2,36.3,48,False,positive,closed
TKT000560,ORD003546,2025-04-05,where_is_my_order,email,Sara,28.6,54.2,48,False,neutral,closed
TKT000561,ORD003549,2025-01-27,cancel_order,email,Noor,17.8,21.6,24,False,neutral,pending
TKT000562,ORD003550,2025-06-18,return_request,social,Zehra,18.2,39.0,48,False,positive,closed
TKT000563,ORD003561,2025-05-14,cancel_order,social,Aylin,22.3,40.8,24,False,positive,closed
TKT000564,ORD003562,2025-04-08,where_is_my_order,chat,Noor,25.9,50.8,48,False,neutral,closed
TKT000565,ORD003566,2025-06-13,where_is_my_order,social,Layla,7.6,52.8,48,False,negative,closed
TKT000566,ORD003580,2025-01-18,where_is_my_order,chat,Aylin,29.6,61.3,48,False,positive,closed
TKT000567,ORD003586,2025-06-08,where_is_my_order,email,Sara,10.4,37.6,48,False,neutral,closed
TKT000568,ORD003595,2025-01-21,where_is_my_order,chat,Maya,13.3,42.7,48,False,positive,closed
TKT000569,ORD003596,2025-07-02,where_is_my_order,chat,Sara,25.0,58.2,48,False,negative,closed
TKT000570,ORD003599,2025-06-27,product_question,chat,Maya,16.2,46.7,48,False,neutral,open
TKT000571,ORD003602,2025-01-31,product_question,email,Sara,17.0,56.2,48,False,neutral,open
TKT000572,ORD003607,2025-02-04,where_is_my_order,chat,Zehra,29.2,42.3,48,False,neutral,closed
TKT000573,ORD003615,2025-04-22,where_is_my_order,email,Maya,29.0,49.6,48,False,neutral,closed
TKT000574,ORD003619,2025-03-13,cancel_order,chat,Zehra,8.3,36.6,24,False,positive,open
TKT000575,ORD003624,2025-06-09,damaged_item,sms,Maya,28.2,43.3,24,True,negative,pending
TKT000576,ORD003629,2025-05-07,where_is_my_order,email,Zehra,30.3,39.3,48,False,neutral,pending
TKT000577,ORD003634,2025-03-28,return_request,sms,Sara,32.9,47.7,48,False,positive,closed
TKT000578,ORD003638,2025-02-15,where_is_my_order,sms,Aylin,11.3,31.6,48,False,neutral,closed
TKT000579,ORD003646,2025-05-28,where_is_my_order,email,Maya,33.8,55.5,48,False,neutral,closed
TKT000580,ORD003647,2025-03-15,where_is_my_order,social,Zehra,34.2,37.7,48,False,neutral,closed
TKT000581,ORD003659,2025-06-15,cancel_order,email,Sara,32.5,62.1,24,True,negative,closed
TKT000582,ORD003661,2025-02-22,product_question,email,Noor,21.7,57.0,48,False,neutral,closed
TKT000583,ORD003664,2025-05-11,product_question,chat,Sara,16.1,37.4,48,False,neutral,closed
TKT000584,ORD003668,2025-02-01,where_is_my_order,email,Noor,21.8,25.9,48,False,negative,closed
TKT000585,ORD003673,2025-03-06,where_is_my_order,email,Zehra,12.2,33.3,48,False,positive,closed
TKT000586,ORD003676,2025-06-15,where_is_my_order,chat,Noor,26.1,65.4,48,False,negative,closed
TKT000587,ORD003690,2025-03-19,where_is_my_order,social,Maya,19.9,44.3,48,False,positive,closed
TKT000588,ORD003695,2025-06-01,where_is_my_order,chat,Maya,23.1,28.1,48,False,neutral,closed
TKT000589,ORD003696,2025-03-28,where_is_my_order,chat,Maya,10.5,31.2,48,False,neutral,closed
TKT000590,ORD003698,2025-01-14,where_is_my_order,email,Noor,23.4,62.3,48,False,positive,closed
TKT000591,ORD003700,2025-03-23,where_is_my_order,chat,Sara,36.2,45.3,48,False,neutral,closed
TKT000592,ORD003702,2025-03-01,return_request,email,Maya,52.2,96.7,48,True,negative,closed
TKT000593,ORD003706,2025-02-11,return_request,sms,Layla,30.5,58.4,48,False,positive,closed
TKT000594,ORD003712,2025-05-28,where_is_my_order,chat,Zehra,18.0,46.6,48,False,neutral,closed
TKT000595,ORD003714,2025-05-28,cancel_order,chat,Noor,26.6,65.2,24,True,negative,closed
TKT000596,ORD003719,2025-06-26,damaged_item,chat,Zehra,24.8,43.2,24,True,negative,closed
TKT000597,ORD003727,2025-06-30,where_is_my_order,email,Layla,31.6,48.9,48,False,negative,closed
TKT000598,ORD003733,2025-04-22,product_question,email,Sara,32.6,59.8,48,False,neutral,closed
TKT000599,ORD003734,2025-04-19,where_is_my_order,chat,Maya,19.6,51.9,48,False,neutral,closed
TKT000600,ORD003736,2025-07-08,where_is_my_order,sms,Layla,20.3,43.1,48,False,positive,closed
TKT000601,ORD003742,2025-02-18,damaged_item,chat,Noor,13.5,42.5,24,False,negative,closed
TKT000602,ORD003745,2025-01-26,where_is_my_order,chat,Aylin,13.5,39.6,48,False,neutral,closed
TKT000603,ORD003748,2025-06-17,where_is_my_order,email,Maya,19.4,44.8,48,False,negative,closed
TKT000604,ORD003754,2025-05-26,where_is_my_order,chat,Noor,36.9,67.0,48,False,positive,closed
TKT000605,ORD003756,2025-03-09,return_request,sms,Noor,30.5,54.6,48,False,positive,closed
TKT000606,ORD003768,2025-03-18,return_request,sms,Zehra,30.6,68.0,48,False,neutral,closed
TKT000607,ORD003776,2025-04-05,damaged_item,chat,Layla,8.5,23.0,24,False,negative,open
TKT000608,ORD003777,2025-05-19,return_request,chat,Sara,30.1,44.1,48,False,neutral,closed
TKT000609,ORD003790,2025-05-19,return_request,chat,Noor,14.2,35.5,48,False,neutral,closed
TKT000610,ORD003796,2025-05-05,product_question,social,Sara,20.7,65.3,48,False,neutral,closed
TKT000611,ORD003800,2025-02-26,product_question,sms,Maya,24.3,46.1,48,False,neutral,closed
TKT000612,ORD003802,2025-02-12,where_is_my_order,email,Sara,29.3,59.9,48,False,positive,closed
TKT000613,ORD003804,2025-02-16,where_is_my_order,chat,Aylin,27.3,45.8,48,False,negative,closed
TKT000614,ORD003808,2025-05-04,where_is_my_order,social,Zehra,24.3,42.8,48,False,negative,closed
TKT000615,ORD003811,2025-04-19,address_change,email,Maya,3.7,20.2,48,False,neutral,pending
TKT000616,ORD003818,2025-03-08,return_request,social,Aylin,12.3,40.1,48,False,positive,closed
TKT000617,ORD003825,2025-05-18,where_is_my_order,chat,Aylin,29.0,69.4,48,False,neutral,closed
TKT000618,ORD003826,2025-04-20,cancel_order,email,Zehra,29.1,56.8,24,True,negative,closed
TKT000619,ORD003829,2025-06-27,product_question,chat,Zehra,38.1,68.3,48,False,neutral,closed
TKT000620,ORD003835,2025-03-01,where_is_my_order,social,Zehra,17.2,21.2,48,False,positive,closed
TKT000621,ORD003841,2025-05-18,damaged_item,chat,Aylin,13.0,42.5,24,False,negative,closed
TKT000622,ORD003844,2025-04-26,where_is_my_order,chat,Maya,19.5,38.7,48,False,positive,closed
TKT000623,ORD003849,2025-02-19,damaged_item,email,Layla,21.5,38.0,24,False,negative,closed
TKT000624,ORD003856,2025-02-18,where_is_my_order,social,Layla,5.7,12.0,48,False,positive,closed
TKT000625,ORD003864,2025-03-18,return_request,social,Sara,12.7,23.1,48,False,positive,pending
TKT000626,ORD003870,2025-03-30,where_is_my_order,social,Sara,17.5,63.4,48,False,positive,closed
TKT000627,ORD003880,2025-03-30,where_is_my_order,sms,Maya,17.7,47.9,48,False,negative,closed
TKT000628,ORD003881,2025-05-17,return_request,chat,Maya,27.1,49.3,48,False,positive,closed
TKT000629,ORD003893,2025-04-11,where_is_my_order,email,Maya,11.2,34.9,48,False,positive,closed
TKT000630,ORD003894,2025-04-14,where_is_my_order,email,Layla,8.3,30.6,48,False,neutral,closed
TKT000631,ORD003900,2025-02-12,damaged_item,sms,Maya,14.1,32.1,24,False,negative,closed
TKT000632,ORD003902,2025-06-06,where_is_my_order,chat,Zehra,18.6,46.8,48,False,positive,closed
TKT000633,ORD003916,2025-03-07,where_is_my_order,social,Sara,25.5,38.6,48,False,negative,closed
TKT000634,ORD003919,2025-05-08,product_question,social,Zehra,48.7,58.6,48,True,negative,closed
TKT000635,ORD003920,2025-03-24,product_question,email,Zehra,40.5,46.9,48,False,neutral,open
TKT000636,ORD003923,2025-03-10,where_is_my_order,chat,Aylin,20.7,48.4,48,False,positive,closed
TKT000637,ORD003926,2025-04-18,where_is_my_order,email,Zehra,17.8,29.6,48,False,negative,closed
TKT000638,ORD003932,2025-04-23,where_is_my_order,sms,Noor,35.3,70.3,48,False,neutral,closed
TKT000639,ORD003936,2025-03-05,damaged_item,email,Layla,27.2,57.0,24,True,negative,closed
TKT000640,ORD003942,2025-02-08,where_is_my_order,chat,Maya,15.7,37.3,48,False,negative,pending
TKT000641,ORD003950,2025-03-06,return_request,sms,Aylin,10.6,53.9,48,False,positive,closed
TKT000642,ORD003958,2025-07-03,where_is_my_order,chat,Zehra,14.8,39.0,48,False,positive,closed
TKT000643,ORD003963,2025-05-14,where_is_my_order,email,Maya,23.4,45.6,48,False,neutral,closed
TKT000644,ORD003972,2025-01-31,where_is_my_order,email,Noor,1.0,41.6,48,False,neutral,closed
TKT000645,ORD003978,2025-02-03,return_request,email,Maya,31.8,57.9,48,False,neutral,closed
TKT000646,ORD003979,2025-04-08,damaged_item,chat,Layla,20.7,45.6,24,False,negative,closed
TKT000647,ORD003987,2025-02-24,where_is_my_order,social,Aylin,30.3,67.6,48,False,positive,closed
TKT000648,ORD003994,2025-03-13,cancel_order,chat,Zehra,21.6,26.1,24,False,positive,closed
TKT000649,ORD003999,2025-03-09,product_question,email,Aylin,10.6,27.0,48,False,neutral,open
TKT000650,ORD004003,2025-06-09,damaged_item,email,Layla,18.1,39.6,24,False,negative,closed
TKT000651,ORD004007,2025-04-10,where_is_my_order,chat,Zehra,34.0,55.8,48,False,negative,closed
TKT000652,ORD004008,2025-02-10,where_is_my_order,email,Maya,33.0,58.9,48,False,negative,closed
TKT000653,ORD004016,2025-04-18,where_is_my_order,email,Layla,18.1,44.6,48,False,neutral,closed
TKT000654,ORD004025,2025-06-03,where_is_my_order,sms,Zehra,35.9,61.6,48,False,positive,closed
TKT000655,ORD004027,2025-05-06,address_change,email,Layla,11.6,41.5,48,False,neutral,closed
TKT000656,ORD004028,2025-05-13,where_is_my_order,chat,Aylin,17.6,45.0,48,False,neutral,closed
TKT000657,ORD004034,2025-04-14,return_request,chat,Sara,21.5,23.8,48,False,positive,closed
TKT000658,ORD004036,2025-03-25,where_is_my_order,social,Noor,42.3,84.4,48,False,negative,closed
TKT000659,ORD004043,2025-02-03,address_change,sms,Sara,14.6,70.4,48,False,neutral,closed
TKT000660,ORD004053,2025-04-12,return_request,social,Maya,34.6,69.2,48,False,neutral,closed
TKT000661,ORD004057,2025-03-09,where_is_my_order,email,Maya,14.0,44.1,48,False,positive,closed
TKT000662,ORD004060,2025-06-03,where_is_my_order,email,Sara,39.6,83.3,48,False,neutral,open
TKT000663,ORD004061,2025-07-01,cancel_order,email,Sara,22.3,41.8,24,False,positive,closed
TKT000664,ORD004062,2025-05-13,product_question,email,Sara,12.7,37.1,48,False,neutral,closed
TKT000665,ORD004067,2025-03-02,product_question,chat,Zehra,23.1,71.1,48,False,neutral,closed
TKT000666,ORD004072,2025-05-06,cancel_order,email,Aylin,6.4,31.8,24,False,neutral,closed
TKT000667,ORD004076,2025-03-25,where_is_my_order,chat,Maya,13.1,28.7,48,False,negative,closed
TKT000668,ORD004091,2025-01-31,where_is_my_order,email,Noor,13.5,41.8,48,False,positive,closed
TKT000669,ORD004092,2025-05-28,where_is_my_order,chat,Zehra,18.4,40.9,48,False,positive,closed
TKT000670,ORD004097,2025-04-23,where_is_my_order,social,Noor,13.3,38.2,48,False,positive,closed
TKT000671,ORD004098,2025-05-02,return_request,chat,Sara,18.3,33.6,48,False,positive,closed
TKT000672,ORD004101,2025-03-07,where_is_my_order,email,Sara,15.9,17.9,48,False,neutral,closed
TKT000673,ORD004108,2025-05-20,where_is_my_order,email,Layla,33.4,52.0,48,False,positive,open
TKT000674,ORD004118,2025-06-16,where_is_my_order,email,Noor,19.3,31.7,48,False,positive,closed
TKT000675,ORD004121,2025-06-30,where_is_my_order,email,Layla,16.3,36.2,48,False,positive,closed
TKT000676,ORD004126,2025-02-10,return_request,chat,Maya,17.3,32.3,48,False,neutral,open
TKT000677,ORD004134,2025-04-05,product_question,email,Aylin,37.0,79.3,48,False,neutral,closed
TKT000678,ORD004139,2025-05-24,cancel_order,sms,Noor,12.1,49.1,24,False,negative,closed
TKT000679,ORD004140,2025-05-31,where_is_my_order,social,Zehra,21.9,33.9,48,False,positive,closed
TKT000680,ORD004143,2025-01-17,where_is_my_order,email,Aylin,1.0,50.8,48,False,positive,closed
TKT000681,ORD004147,2025-01-13,return_request,email,Sara,24.8,49.8,48,False,neutral,closed
TKT000682,ORD004151,2025-02-23,return_request,email,Aylin,29.3,62.2,48,False,positive,pending
TKT000683,ORD004152,2025-04-16,return_request,sms,Sara,31.8,75.0,48,False,neutral,closed
TKT000684,ORD004154,2025-03-29,damaged_item,email,Sara,14.0,42.4,24,False,negative,closed
TKT000685,ORD004156,2025-01-06,where_is_my_order,email,Noor,15.7,49.0,48,False,neutral,closed
TKT000686,ORD004157,2025-06-27,where_is_my_order,chat,Aylin,23.3,63.4,48,False,positive,closed
TKT000687,ORD004163,2025-06-10,damaged_item,chat,Noor,1.0,17.3,24,False,negative,closed
TKT000688,ORD004177,2025-04-25,product_question,chat,Aylin,33.9,53.5,48,False,neutral,closed
TKT000689,ORD004179,2025-05-11,where_is_my_order,chat,Layla,11.1,48.1,48,False,negative,open
TKT000690,ORD004187,2025-01-25,where_is_my_order,social,Aylin,34.5,58.0,48,False,neutral,closed
TKT000691,ORD004188,2025-01-30,product_question,email,Aylin,31.5,67.5,48,False,neutral,closed
TKT000692,ORD004195,2025-03-08,where_is_my_order,chat,Noor,31.1,56.4,48,False,negative,closed
TKT000693,ORD004196,2025-04-16,where_is_my_order,chat,Zehra,12.3,26.9,48,False,neutral,closed
TKT000694,ORD004198,2025-06-24,product_question,social,Layla,38.2,51.0,48,False,neutral,closed
TKT000695,ORD004200,2025-01-24,return_request,email,Noor,33.9,62.5,48,False,positive,closed
TKT000696,ORD004212,2025-03-11,damaged_item,social,Noor,17.9,31.4,24,False,negative,closed
TKT000697,ORD004232,2025-01-13,where_is_my_order,email,Layla,49.3,81.2,48,True,negative,closed
TKT000698,ORD004234,2025-06-01,return_request,email,Layla,19.2,33.9,48,False,positive,closed
TKT000699,ORD004236,2025-02-13,where_is_my_order,email,Aylin,31.6,46.2,48,False,neutral,closed
TKT000700,ORD004240,2025-05-13,address_change,email,Layla,11.9,54.9,48,False,positive,closed
TKT000701,ORD004250,2025-06-01,address_change,social,Sara,25.4,51.4,48,False,positive,closed
TKT000702,ORD004268,2025-06-09,address_change,chat,Layla,14.0,44.4,48,False,positive,closed
TKT000703,ORD004269,2025-06-02,where_is_my_order,email,Noor,21.1,26.2,48,False,positive,closed
TKT000704,ORD004270,2025-06-01,return_request,chat,Noor,40.3,66.7,48,False,neutral,closed
TKT000705,ORD004282,2025-03-17,where_is_my_order,email,Layla,32.9,45.5,48,False,positive,closed
TKT000706,ORD004285,2025-06-20,where_is_my_order,sms,Aylin,13.2,53.7,48,False,positive,closed
TKT000707,ORD004288,2025-02-18,where_is_my_order,email,Zehra,1.5,20.6,48,False,positive,closed
TKT000708,ORD004293,2025-01-26,return_request,sms,Zehra,25.2,64.1,48,False,positive,closed
TKT000709,ORD004337,2025-01-14,damaged_item,email,Zehra,31.6,63.9,24,True,negative,closed
TKT000710,ORD004340,2025-06-04,damaged_item,email,Layla,19.9,49.5,24,False,negative,closed
TKT000711,ORD004349,2025-04-12,product_question,chat,Sara,12.3,37.1,48,False,neutral,closed
TKT000712,ORD004359,2025-04-08,where_is_my_order,email,Aylin,11.0,32.8,48,False,positive,closed
TKT000713,ORD004360,2025-05-26,product_question,email,Aylin,40.8,67.7,48,False,neutral,closed
TKT000714,ORD004364,2025-07-03,where_is_my_order,chat,Layla,23.6,63.4,48,False,neutral,closed
TKT000715,ORD004365,2025-05-26,return_request,social,Aylin,14.7,19.7,48,False,positive,closed
TKT000716,ORD004367,2025-04-06,return_request,email,Zehra,29.6,44.9,48,False,positive,closed
TKT000717,ORD004368,2025-04-22,cancel_order,chat,Aylin,23.8,30.9,24,False,negative,closed
TKT000718,ORD004370,2025-04-01,where_is_my_order,email,Aylin,26.8,65.5,48,False,neutral,closed
TKT000719,ORD004374,2025-02-06,where_is_my_order,social,Zehra,49.6,81.1,48,True,negative,closed
TKT000720,ORD004376,2025-02-10,where_is_my_order,chat,Maya,27.1,51.0,48,False,neutral,closed
TKT000721,ORD004385,2025-06-12,return_request,sms,Noor,16.1,46.5,48,False,positive,closed
TKT000722,ORD004387,2025-03-13,damaged_item,chat,Sara,23.5,56.2,24,False,negative,closed
TKT000723,ORD004394,2025-05-09,return_request,chat,Noor,7.0,43.7,48,False,neutral,closed
TKT000724,ORD004404,2025-03-04,damaged_item,chat,Layla,22.2,39.4,24,False,negative,closed
TKT000725,ORD004406,2025-04-23,where_is_my_order,chat,Layla,20.1,42.3,48,False,negative,closed
TKT000726,ORD004421,2025-03-12,where_is_my_order,email,Aylin,9.1,22.2,48,False,neutral,closed
TKT000727,ORD004429,2025-02-23,damaged_item,sms,Zehra,25.9,49.4,24,True,negative,closed
TKT000728,ORD004432,2025-06-19,return_request,chat,Maya,32.2,60.8,48,False,neutral,closed
TKT000729,ORD004434,2025-03-13,return_request,social,Maya,13.9,30.2,48,False,neutral,closed
TKT000730,ORD004454,2025-05-14,return_request,email,Sara,1.6,32.9,48,False,neutral,closed
TKT000731,ORD004458,2025-04-22,where_is_my_order,social,Layla,20.2,26.4,48,False,positive,closed
TKT000732,ORD004460,2025-06-07,return_request,social,Noor,37.2,52.5,48,False,neutral,closed
TKT000733,ORD004466,2025-02-05,return_request,email,Maya,33.6,35.6,48,False,neutral,closed
TKT000734,ORD004481,2025-04-06,return_request,email,Sara,19.3,34.1,48,False,positive,closed
TKT000735,ORD004486,2025-03-06,return_request,social,Sara,18.5,43.0,48,False,neutral,closed
TKT000736,ORD004499,2025-06-14,product_question,email,Layla,29.6,39.1,48,False,neutral,open
TKT000737,ORD004501,2025-01-05,product_question,social,Aylin,27.1,51.3,48,False,neutral,closed
TKT000738,ORD004511,2025-04-30,address_change,chat,Aylin,11.9,45.5,48,False,neutral,closed
TKT000739,ORD004513,2025-06-21,where_is_my_order,email,Maya,35.7,93.1,48,False,negative,closed
TKT000740,ORD004536,2025-01-21,return_request,social,Layla,13.1,61.1,48,False,negative,closed
TKT000741,ORD004537,2025-05-11,product_question,email,Aylin,37.3,64.9,48,False,neutral,closed
TKT000742,ORD004546,2025-02-26,where_is_my_order,chat,Zehra,29.9,47.8,48,False,positive,closed
TKT000743,ORD004564,2025-06-11,return_request,sms,Sara,20.4,59.0,48,False,negative,pending
TKT000744,ORD004566,2025-05-10,damaged_item,email,Layla,21.2,60.1,24,False,negative,closed
TKT000745,ORD004567,2025-05-27,cancel_order,email,Layla,32.3,67.6,24,True,negative,closed
TKT000746,ORD004569,2025-04-19,product_question,email,Zehra,17.9,44.5,48,False,neutral,closed
TKT000747,ORD004574,2025-03-22,return_request,chat,Aylin,20.1,66.5,48,False,neutral,closed
TKT000748,ORD004575,2025-06-16,where_is_my_order,chat,Maya,10.4,14.5,48,False,neutral,open
TKT000749,ORD004580,2025-01-25,where_is_my_order,email,Noor,13.8,15.8,48,False,positive,closed
TKT000750,ORD004588,2025-06-25,damaged_item,email,Maya,15.5,33.8,24,False,negative,open
TKT000751,ORD004598,2025-02-10,where_is_my_order,email,Maya,15.1,26.5,48,False,positive,pending
TKT000752,ORD004599,2025-03-11,return_request,email,Zehra,25.6,64.7,48,False,positive,closed
TKT000753,ORD004602,2025-06-20,where_is_my_order,social,Zehra,9.3,66.5,48,False,positive,closed
TKT000754,ORD004607,2025-06-17,where_is_my_order,chat,Zehra,28.6,65.7,48,False,neutral,closed
TKT000755,ORD004625,2025-01-26,where_is_my_order,chat,Layla,27.7,62.8,48,False,positive,closed
TKT000756,ORD004626,2025-04-30,return_request,chat,Noor,44.6,60.4,48,False,positive,open
TKT000757,ORD004636,2025-01-21,where_is_my_order,social,Layla,19.2,37.5,48,False,negative,closed
TKT000758,ORD004639,2025-02-09,where_is_my_order,chat,Layla,22.6,49.7,48,False,positive,closed
TKT000759,ORD004650,2025-03-31,damaged_item,social,Aylin,16.4,37.4,24,False,negative,closed
TKT000760,ORD004654,2025-01-27,address_change,chat,Maya,19.4,38.6,48,False,neutral,closed
TKT000761,ORD004667,2025-06-05,damaged_item,email,Aylin,23.2,50.5,24,False,negative,closed
TKT000762,ORD004673,2025-01-18,cancel_order,chat,Maya,27.4,29.4,24,True,negative,closed
TKT000763,ORD004681,2025-06-29,return_request,email,Sara,40.0,77.6,48,False,negative,closed
TKT000764,ORD004683,2025-06-03,cancel_order,email,Layla,32.2,58.9,24,True,negative,closed
TKT000765,ORD004688,2025-04-04,damaged_item,sms,Zehra,16.7,40.3,24,False,negative,closed
TKT000766,ORD004690,2025-05-21,return_request,chat,Noor,19.1,51.7,48,False,neutral,closed
TKT000767,ORD004703,2025-03-14,address_change,chat,Maya,12.8,66.3,48,False,positive,closed
TKT000768,ORD004708,2025-03-25,where_is_my_order,chat,Maya,25.6,44.8,48,False,neutral,closed
TKT000769,ORD004714,2025-06-23,product_question,social,Layla,29.7,47.3,48,False,neutral,closed
TKT000770,ORD004715,2025-04-20,where_is_my_order,email,Sara,32.1,63.2,48,False,positive,closed
TKT000771,ORD004716,2025-02-11,where_is_my_order,email,Maya,34.3,61.5,48,False,positive,closed
TKT000772,ORD004723,2025-02-28,address_change,social,Aylin,15.1,20.0,48,False,neutral,closed
TKT000773,ORD004730,2025-03-28,damaged_item,chat,Maya,15.3,72.6,24,False,negative,closed
TKT000774,ORD004738,2025-01-21,where_is_my_order,chat,Maya,30.5,65.3,48,False,neutral,closed
TKT000775,ORD004742,2025-02-26,damaged_item,email,Sara,25.0,35.4,24,True,negative,closed
TKT000776,ORD004764,2025-04-11,where_is_my_order,social,Noor,17.9,26.4,48,False,positive,closed
TKT000777,ORD004769,2025-02-21,return_request,chat,Zehra,9.9,46.8,48,False,neutral,closed
TKT000778,ORD004776,2025-01-20,where_is_my_order,sms,Noor,26.0,40.0,48,False,negative,closed
TKT000779,ORD004781,2025-03-08,address_change,chat,Aylin,24.0,56.0,48,False,positive,closed
TKT000780,ORD004783,2025-06-19,where_is_my_order,chat,Maya,29.9,42.1,48,False,positive,closed
TKT000781,ORD004793,2025-02-26,where_is_my_order,email,Zehra,13.0,36.9,48,False,positive,closed
TKT000782,ORD004812,2025-05-15,return_request,chat,Noor,27.0,46.1,48,False,positive,closed
TKT000783,ORD004825,2025-03-26,where_is_my_order,email,Noor,23.6,52.8,48,False,negative,closed
TKT000784,ORD004827,2025-02-13,where_is_my_order,chat,Maya,33.8,80.3,48,False,negative,closed
TKT000785,ORD004840,2025-02-07,cancel_order,chat,Aylin,38.9,45.6,24,True,negative,open
TKT000786,ORD004857,2025-04-03,where_is_my_order,email,Sara,18.3,37.1,48,False,neutral,closed
TKT000787,ORD004868,2025-02-20,return_request,email,Sara,17.2,19.2,48,False,neutral,open
TKT000788,ORD004870,2025-05-07,cancel_order,social,Sara,14.0,51.4,24,False,neutral,closed
TKT000789,ORD004880,2025-03-13,where_is_my_order,email,Aylin,25.4,41.2,48,False,positive,closed
TKT000790,ORD004888,2025-05-19,return_request,chat,Maya,24.9,58.0,48,False,negative,closed
TKT000791,ORD004892,2025-03-04,return_request,social,Noor,24.9,42.9,48,False,neutral,open
TKT000792,ORD004898,2025-04-11,cancel_order,chat,Noor,22.0,55.9,24,False,neutral,closed
TKT000793,ORD004904,2025-06-15,where_is_my_order,chat,Layla,33.0,65.6,48,False,positive,closed
TKT000794,ORD004911,2025-02-04,where_is_my_order,email,Layla,26.2,38.9,48,False,negative,closed
TKT000795,ORD004913,2025-03-24,where_is_my_order,chat,Aylin,25.3,27.3,48,False,neutral,closed
TKT000796,ORD004930,2025-03-03,product_question,social,Layla,30.3,71.4,48,False,neutral,closed
TKT000797,ORD004931,2025-05-28,address_change,chat,Aylin,27.4,38.8,48,False,positive,closed
TKT000798,ORD004937,2025-03-16,return_request,chat,Layla,21.9,44.9,48,False,neutral,closed
TKT000799,ORD004943,2025-04-24,where_is_my_order,chat,Sara,18.6,73.0,48,False,negative,closed
TKT000800,ORD004977,2025-04-05,damaged_item,social,Noor,29.0,40.3,24,True,negative,closed
TKT000801,ORD004988,2025-02-14,where_is_my_order,social,Layla,10.9,25.4,48,False,neutral,open
TKT000802,ORD005002,2025-05-10,return_request,email,Aylin,31.6,33.6,48,False,neutral,closed
TKT000803,ORD005012,2025-04-17,where_is_my_order,email,Zehra,43.4,77.0,48,False,neutral,closed
TKT000804,ORD005013,2025-02-14,where_is_my_order,chat,Zehra,20.6,55.5,48,False,negative,closed
TKT000805,ORD005018,2025-04-01,where_is_my_order,chat,Zehra,11.7,43.2,48,False,positive,closed
TKT000806,ORD005024,2025-05-04,where_is_my_order,social,Sara,24.7,76.1,48,False,positive,closed
TKT000807,ORD005041,2025-02-21,product_question,chat,Sara,11.2,44.4,48,False,neutral,closed
TKT000808,ORD005042,2025-02-05,damaged_item,sms,Sara,30.2,59.1,24,True,negative,closed
TKT000809,ORD005044,2025-03-17,address_change,email,Aylin,17.5,51.0,48,False,positive,closed
TKT000810,ORD005059,2025-04-30,where_is_my_order,social,Noor,24.0,63.3,48,False,negative,closed
TKT000811,ORD005068,2025-03-12,return_request,chat,Zehra,29.9,61.7,48,False,positive,closed
TKT000812,ORD005069,2025-03-03,return_request,email,Layla,28.2,79.7,48,False,neutral,closed
TKT000813,ORD005076,2025-02-18,damaged_item,email,Zehra,35.6,64.4,24,True,negative,closed
TKT000814,ORD005077,2025-04-09,where_is_my_order,chat,Aylin,37.0,77.6,48,False,positive,pending
TKT000815,ORD005087,2025-06-07,address_change,email,Maya,15.2,43.5,48,False,neutral,closed
TKT000816,ORD005088,2025-03-25,return_request,sms,Zehra,20.5,42.9,48,False,positive,closed
TKT000817,ORD005096,2025-04-21,where_is_my_order,chat,Maya,38.7,63.6,48,False,neutral,closed
TKT000818,ORD005105,2025-06-07,where_is_my_order,email,Aylin,11.8,21.3,48,False,negative,closed
TKT000819,ORD005124,2025-04-16,damaged_item,sms,Noor,20.3,49.0,24,False,negative,closed
TKT000820,ORD005126,2025-01-10,return_request,email,Aylin,28.1,47.2,48,False,positive,closed
TKT000821,ORD005132,2025-02-07,where_is_my_order,social,Noor,36.7,66.1,48,False,negative,closed
TKT000822,ORD005141,2025-04-30,return_request,chat,Noor,6.5,45.0,48,False,neutral,closed
TKT000823,ORD005142,2025-04-19,return_request,chat,Aylin,19.3,21.3,48,False,neutral,closed
TKT000824,ORD005147,2025-06-16,return_request,social,Layla,33.7,53.0,48,False,negative,open
TKT000825,ORD005150,2025-03-03,return_request,chat,Maya,20.8,22.8,48,False,positive,closed
TKT000826,ORD005167,2025-03-21,product_question,email,Maya,19.1,58.6,48,False,neutral,closed
TKT000827,ORD005170,2025-03-12,damaged_item,chat,Layla,29.9,61.9,24,True,negative,closed
TKT000828,ORD005178,2025-01-08,product_question,social,Sara,19.8,32.1,48,False,neutral,closed
TKT000829,ORD005184,2025-05-17,return_request,email,Layla,35.1,82.4,48,False,neutral,open
TKT000830,ORD005188,2025-04-10,where_is_my_order,chat,Aylin,26.1,61.8,48,False,neutral,closed
TKT000831,ORD005201,2025-03-02,address_change,email,Noor,23.8,43.0,48,False,positive,pending
TKT000832,ORD005202,2025-02-13,return_request,email,Maya,22.0,55.3,48,False,neutral,closed
TKT000833,ORD005205,2025-02-14,where_is_my_order,sms,Maya,11.7,36.1,48,False,neutral,closed
TKT000834,ORD005213,2025-07-04,address_change,email,Zehra,19.2,52.2,48,False,neutral,closed
TKT000835,ORD005238,2025-01-24,where_is_my_order,email,Maya,18.1,43.1,48,False,positive,closed
TKT000836,ORD005256,2025-06-21,return_request,email,Layla,26.0,44.9,48,False,neutral,closed
TKT000837,ORD005267,2025-03-13,where_is_my_order,email,Aylin,18.8,43.2,48,False,positive,closed
TKT000838,ORD005277,2025-04-18,address_change,social,Aylin,11.5,32.2,48,False,neutral,closed
TKT000839,ORD005279,2025-02-08,product_question,email,Sara,23.4,40.4,48,False,neutral,closed
TKT000840,ORD005298,2025-02-28,where_is_my_order,sms,Layla,32.1,55.1,48,False,neutral,closed
TKT000841,ORD005299,2025-03-03,damaged_item,email,Maya,37.0,69.5,24,True,negative,open
TKT000842,ORD005301,2025-04-21,where_is_my_order,email,Aylin,18.7,53.4,48,False,neutral,closed
TKT000843,ORD005302,2025-04-27,return_request,social,Layla,24.2,43.0,48,False,positive,closed
TKT000844,ORD005320,2025-03-10,where_is_my_order,email,Sara,19.9,39.3,48,False,neutral,closed
TKT000845,ORD005322,2025-04-30,return_request,chat,Maya,22.1,46.3,48,False,negative,closed
TKT000846,ORD005328,2025-06-25,where_is_my_order,sms,Zehra,12.4,22.4,48,False,negative,closed
TKT000847,ORD005332,2025-05-20,cancel_order,chat,Noor,18.2,31.1,24,False,positive,closed
TKT000848,ORD005334,2025-02-13,where_is_my_order,chat,Zehra,16.2,34.1,48,False,negative,closed
TKT000849,ORD005335,2025-03-13,cancel_order,email,Zehra,19.7,28.2,24,False,neutral,closed
TKT000850,ORD005336,2025-05-31,address_change,chat,Noor,40.4,61.8,48,False,neutral,closed
TKT000851,ORD005338,2025-05-13,product_question,email,Aylin,25.1,60.7,48,False,neutral,closed
TKT000852,ORD005343,2025-06-19,cancel_order,email,Sara,20.1,39.5,24,False,neutral,closed
TKT000853,ORD005348,2025-05-24,where_is_my_order,chat,Sara,10.3,45.9,48,False,positive,closed
TKT000854,ORD005351,2025-06-22,product_question,email,Aylin,15.6,37.0,48,False,neutral,closed
TKT000855,ORD005356,2025-06-26,where_is_my_order,email,Noor,29.6,82.2,48,False,neutral,closed
TKT000856,ORD005359,2025-03-13,where_is_my_order,email,Noor,23.3,54.9,48,False,positive,closed
TKT000857,ORD005380,2025-06-16,where_is_my_order,email,Maya,22.3,40.8,48,False,neutral,closed
TKT000858,ORD005381,2025-02-16,where_is_my_order,chat,Layla,18.8,43.8,48,False,neutral,open
TKT000859,ORD005382,2025-05-12,product_question,chat,Aylin,32.0,72.7,48,False,neutral,closed
TKT000860,ORD005394,2025-03-27,return_request,chat,Aylin,26.7,61.6,48,False,negative,closed
TKT000861,ORD005401,2025-05-14,return_request,chat,Noor,23.6,59.8,48,False,neutral,closed
TKT000862,ORD005406,2025-05-19,where_is_my_order,email,Layla,22.2,72.9,48,False,neutral,closed
TKT000863,ORD005408,2025-02-03,where_is_my_order,email,Layla,27.3,31.1,48,False,neutral,closed
TKT000864,ORD005409,2025-02-23,return_request,chat,Zehra,48.3,81.1,48,True,negative,open
TKT000865,ORD005415,2025-05-28,where_is_my_order,social,Sara,35.8,65.1,48,False,neutral,closed
TKT000866,ORD005419,2025-02-06,where_is_my_order,social,Noor,30.4,54.0,48,False,neutral,closed
TKT000867,ORD005426,2025-05-03,where_is_my_order,chat,Zehra,42.3,60.6,48,False,positive,closed
TKT000868,ORD005438,2025-02-18,where_is_my_order,social,Layla,18.9,47.0,48,False,neutral,pending
TKT000869,ORD005466,2025-06-09,where_is_my_order,email,Zehra,31.6,50.2,48,False,neutral,open
TKT000870,ORD005474,2025-02-17,where_is_my_order,email,Sara,18.4,44.7,48,False,neutral,open
TKT000871,ORD005475,2025-05-09,where_is_my_order,chat,Maya,21.1,30.3,48,False,positive,pending
TKT000872,ORD005479,2025-04-19,where_is_my_order,email,Sara,21.8,41.4,48,False,negative,closed
TKT000873,ORD005499,2025-01-11,where_is_my_order,email,Maya,29.0,37.4,48,False,neutral,closed
TKT000874,ORD005500,2025-02-26,product_question,social,Maya,15.2,55.1,48,False,neutral,closed
TKT000875,ORD005505,2025-06-15,where_is_my_order,email,Aylin,9.6,36.1,48,False,neutral,closed
TKT000876,ORD005509,2025-06-06,where_is_my_order,social,Sara,16.0,27.8,48,False,neutral,closed
TKT000877,ORD005510,2025-04-23,return_request,email,Sara,32.5,53.8,48,False,neutral,closed
TKT000878,ORD005521,2025-04-02,where_is_my_order,social,Noor,20.8,25.7,48,False,neutral,closed
TKT000879,ORD005523,2025-03-31,product_question,chat,Sara,22.9,56.7,48,False,neutral,closed
TKT000880,ORD005527,2025-03-12,where_is_my_order,chat,Sara,35.7,79.2,48,False,negative,closed
TKT000881,ORD005541,2025-07-04,where_is_my_order,email,Noor,28.0,57.9,48,False,positive,closed
TKT000882,ORD005546,2025-03-09,product_question,chat,Aylin,27.6,35.1,48,False,neutral,pending
TKT000883,ORD005550,2025-04-04,where_is_my_order,email,Noor,17.5,37.0,48,False,neutral,closed
TKT000884,ORD005568,2025-02-10,where_is_my_order,chat,Zehra,26.3,59.1,48,False,negative,closed
TKT000885,ORD005572,2025-01-07,where_is_my_order,chat,Layla,13.7,43.0,48,False,neutral,closed
TKT000886,ORD005576,2025-01-29,cancel_order,chat,Aylin,13.2,79.1,24,False,positive,closed
TKT000887,ORD005585,2025-05-15,product_question,chat,Sara,29.7,78.4,48,False,neutral,pending
TKT000888,ORD005587,2025-04-17,where_is_my_order,email,Layla,21.4,50.8,48,False,positive,closed
TKT000889,ORD005597,2025-06-26,where_is_my_order,chat,Noor,15.0,22.8,48,False,neutral,closed
TKT000890,ORD005599,2025-04-26,where_is_my_order,email,Zehra,19.7,53.1,48,False,positive,closed
TKT000891,ORD005600,2025-04-07,where_is_my_order,sms,Layla,30.4,66.0,48,False,positive,closed
TKT000892,ORD005601,2025-04-13,where_is_my_order,chat,Zehra,45.8,78.8,48,False,negative,closed
TKT000893,ORD005624,2025-04-25,product_question,email,Maya,22.9,54.1,48,False,neutral,closed
TKT000894,ORD005628,2025-05-31,product_question,social,Aylin,9.0,51.2,48,False,neutral,closed
TKT000895,ORD005630,2025-03-09,return_request,social,Zehra,34.6,47.3,48,False,positive,closed
TKT000896,ORD005631,2025-03-23,product_question,social,Layla,30.4,67.5,48,False,neutral,closed
TKT000897,ORD005632,2025-02-11,damaged_item,email,Sara,37.1,46.9,24,True,negative,closed
TKT000898,ORD005646,2025-02-19,where_is_my_order,chat,Maya,18.4,56.2,48,False,positive,closed
TKT000899,ORD005651,2025-06-18,product_question,chat,Noor,10.1,50.2,48,False,neutral,closed
TKT000900,ORD005652,2025-03-26,return_request,chat,Layla,12.1,22.9,48,False,neutral,closed
TKT000901,ORD005659,2025-01-28,address_change,email,Zehra,31.3,70.3,48,False,negative,closed
TKT000902,ORD005663,2025-04-17,where_is_my_order,email,Layla,23.3,63.6,48,False,neutral,closed
TKT000903,ORD005666,2025-05-11,return_request,social,Zehra,18.3,20.3,48,False,positive,closed
TKT000904,ORD005670,2025-06-06,where_is_my_order,chat,Zehra,8.4,19.1,48,False,negative,closed
TKT000905,ORD005672,2025-06-20,address_change,sms,Aylin,14.8,38.4,48,False,positive,closed
TKT000906,ORD005684,2025-04-19,damaged_item,social,Maya,40.7,62.3,24,True,negative,closed
TKT000907,ORD005687,2025-01-26,damaged_item,social,Maya,13.4,46.7,24,False,negative,pending
TKT000908,ORD005698,2025-06-25,return_request,sms,Aylin,35.1,75.0,48,False,neutral,closed
TKT000909,ORD005704,2025-05-27,damaged_item,chat,Sara,18.1,34.5,24,False,negative,closed
TKT000910,ORD005709,2025-01-14,address_change,email,Zehra,33.8,71.8,48,False,neutral,closed
TKT000911,ORD005722,2025-01-15,where_is_my_order,email,Noor,1.0,26.5,48,False,positive,closed
TKT000912,ORD005729,2025-06-27,product_question,email,Layla,14.6,39.4,48,False,neutral,closed
TKT000913,ORD005731,2025-03-04,return_request,email,Sara,24.6,47.5,48,False,neutral,closed
TKT000914,ORD005742,2025-05-06,product_question,email,Zehra,5.2,31.6,48,False,neutral,open
TKT000915,ORD005747,2025-02-13,where_is_my_order,email,Aylin,12.2,34.1,48,False,neutral,pending
TKT000916,ORD005749,2025-06-30,where_is_my_order,chat,Aylin,21.9,23.9,48,False,negative,closed
TKT000917,ORD005761,2025-01-24,product_question,chat,Maya,25.9,63.5,48,False,neutral,closed
TKT000918,ORD005778,2025-04-14,where_is_my_order,social,Zehra,23.4,28.7,48,False,neutral,closed
TKT000919,ORD005779,2025-05-24,return_request,chat,Sara,15.6,30.7,48,False,neutral,closed
TKT000920,ORD005801,2025-03-30,where_is_my_order,social,Layla,13.4,37.1,48,False,positive,closed
TKT000921,ORD005806,2025-05-21,return_request,email,Noor,36.9,53.5,48,False,negative,closed
TKT000922,ORD005815,2025-04-13,where_is_my_order,email,Aylin,7.6,24.7,48,False,negative,open
TKT000923,ORD005818,2025-02-17,where_is_my_order,chat,Sara,17.5,37.2,48,False,neutral,closed
TKT000924,ORD005831,2025-05-14,where_is_my_order,sms,Aylin,23.4,62.1,48,False,neutral,closed
TKT000925,ORD005837,2025-06-15,return_request,email,Sara,28.2,76.7,48,False,neutral,closed
TKT000926,ORD005838,2025-04-05,product_question,email,Sara,18.3,60.9,48,False,neutral,closed
TKT000927,ORD005844,2025-04-25,return_request,email,Layla,21.4,53.7,48,False,neutral,closed
TKT000928,ORD005846,2025-06-23,damaged_item,chat,Zehra,30.1,49.6,24,True,negative,closed
TKT000929,ORD005847,2025-06-26,cancel_order,chat,Maya,28.2,61.1,24,True,negative,closed
TKT000930,ORD005853,2025-01-13,damaged_item,sms,Maya,30.4,63.4,24,True,negative,closed
TKT000931,ORD005860,2025-03-02,where_is_my_order,email,Zehra,11.4,13.4,48,False,neutral,closed
TKT000932,ORD005862,2025-01-14,damaged_item,chat,Aylin,25.0,44.9,24,True,negative,closed
TKT000933,ORD005865,2025-05-12,address_change,email,Sara,27.4,54.3,48,False,positive,pending
TKT000934,ORD005873,2025-01-29,where_is_my_order,email,Maya,18.9,36.2,48,False,neutral,closed
TKT000935,ORD005875,2025-02-05,address_change,chat,Aylin,20.5,44.6,48,False,neutral,closed
TKT000936,ORD005876,2025-04-01,where_is_my_order,email,Aylin,39.6,76.3,48,False,neutral,closed
TKT000937,ORD005879,2025-05-21,where_is_my_order,chat,Zehra,24.7,46.2,48,False,neutral,closed
TKT000938,ORD005888,2025-02-02,return_request,social,Layla,28.6,46.1,48,False,neutral,closed
TKT000939,ORD005896,2025-06-03,return_request,email,Maya,31.5,53.5,48,False,positive,open
TKT000940,ORD005899,2025-04-18,damaged_item,email,Layla,16.8,47.7,24,False,negative,closed
TKT000941,ORD005903,2025-01-29,where_is_my_order,chat,Zehra,33.4,61.3,48,False,neutral,closed
TKT000942,ORD005922,2025-01-11,return_request,email,Maya,22.7,57.9,48,False,neutral,closed
TKT000943,ORD005944,2025-06-07,damaged_item,email,Sara,27.5,65.7,24,True,negative,closed
TKT000944,ORD005948,2025-05-08,where_is_my_order,email,Sara,28.2,61.3,48,False,neutral,closed
TKT000945,ORD005949,2025-03-17,return_request,chat,Aylin,20.9,36.1,48,False,positive,closed
TKT000946,ORD005953,2025-03-26,return_request,chat,Aylin,23.1,52.1,48,False,neutral,closed
TKT000947,ORD005954,2025-01-20,product_question,email,Aylin,27.5,35.5,48,False,neutral,closed
TKT000948,ORD005956,2025-05-02,where_is_my_order,email,Aylin,26.9,55.1,48,False,neutral,closed
TKT000949,ORD005963,2025-04-10,where_is_my_order,social,Sara,26.2,52.9,48,False,negative,closed
TKT000950,ORD005966,2025-02-27,cancel_order,chat,Noor,24.8,42.7,24,True,negative,closed
TKT000951,ORD005972,2025-01-18,return_request,sms,Aylin,26.2,52.0,48,False,neutral,closed
TKT000952,ORD005973,2025-04-09,product_question,chat,Noor,20.1,28.9,48,False,neutral,closed
TKT000953,ORD005975,2025-07-01,where_is_my_order,email,Layla,38.4,50.9,48,False,neutral,closed
TKT000954,ORD005976,2025-02-20,return_request,chat,Aylin,17.5,41.9,48,False,positive,pending
TKT000955,ORD005978,2025-03-12,where_is_my_order,chat,Maya,20.1,52.2,48,False,neutral,closed
TKT000956,ORD005979,2025-02-03,return_request,sms,Layla,31.4,74.5,48,False,negative,closed
TKT000957,ORD005980,2025-05-08,product_question,email,Layla,23.9,62.0,48,False,neutral,closed
TKT000958,ORD005988,2025-03-19,where_is_my_order,email,Sara,27.8,55.6,48,False,neutral,pending
TKT000959,ORD005999,2025-06-15,return_request,chat,Zehra,35.0,62.7,48,False,neutral,closed
TKT000960,ORD006018,2025-06-10,damaged_item,email,Maya,25.5,51.6,24,True,negative,closed
TKT000961,ORD006027,2025-02-01,where_is_my_order,email,Aylin,4.2,36.2,48,False,neutral,closed
TKT000962,ORD006030,2025-02-13,where_is_my_order,email,Aylin,22.9,64.4,48,False,positive,closed
TKT000963,ORD006039,2025-02-16,where_is_my_order,email,Zehra,41.6,78.2,48,False,positive,closed
TKT000964,ORD006045,2025-04-07,return_request,chat,Aylin,29.9,44.9,48,False,positive,closed
TKT000965,ORD006047,2025-03-16,return_request,chat,Noor,33.5,68.7,48,False,neutral,closed
TKT000966,ORD006065,2025-03-11,return_request,email,Layla,30.5,54.6,48,False,neutral,closed
TKT000967,ORD006079,2025-01-23,where_is_my_order,chat,Sara,14.3,42.4,48,False,neutral,closed
TKT000968,ORD006092,2025-02-04,product_question,social,Layla,7.4,39.3,48,False,neutral,closed
TKT000969,ORD006101,2025-04-19,address_change,chat,Maya,19.4,21.4,48,False,negative,closed
TKT000970,ORD006112,2025-03-19,address_change,chat,Sara,25.1,41.2,48,False,neutral,closed
TKT000971,ORD006118,2025-02-05,where_is_my_order,social,Zehra,19.2,34.8,48,False,negative,closed
TKT000972,ORD006120,2025-01-11,return_request,chat,Noor,41.7,43.7,48,False,neutral,closed
TKT000973,ORD006123,2025-05-20,where_is_my_order,chat,Sara,10.2,37.4,48,False,neutral,closed
TKT000974,ORD006136,2025-03-02,where_is_my_order,social,Aylin,36.9,74.5,48,False,neutral,closed
TKT000975,ORD006137,2025-07-04,where_is_my_order,email,Aylin,34.2,61.5,48,False,neutral,closed
TKT000976,ORD006138,2025-02-15,product_question,social,Maya,25.2,57.6,48,False,neutral,closed
TKT000977,ORD006156,2025-01-28,return_request,social,Zehra,33.5,45.7,48,False,negative,closed
TKT000978,ORD006159,2025-01-03,damaged_item,social,Zehra,11.2,41.9,24,False,negative,closed
TKT000979,ORD006161,2025-05-15,where_is_my_order,social,Zehra,19.3,32.7,48,False,neutral,closed
TKT000980,ORD006162,2025-04-17,cancel_order,email,Maya,16.4,23.2,24,False,negative,closed
TKT000981,ORD006164,2025-04-26,damaged_item,sms,Zehra,11.9,39.7,24,False,negative,closed
TKT000982,ORD006171,2025-07-08,where_is_my_order,social,Aylin,10.5,18.9,48,False,neutral,closed
TKT000983,ORD006184,2025-05-07,address_change,chat,Noor,36.8,59.1,48,False,neutral,closed
TKT000984,ORD006193,2025-02-13,damaged_item,email,Aylin,15.1,35.3,24,False,negative,closed
TKT000985,ORD006201,2025-04-13,where_is_my_order,email,Noor,46.8,66.9,48,False,positive,closed
TKT000986,ORD006203,2025-04-20,return_request,email,Maya,37.9,72.1,48,False,neutral,closed
TKT000987,ORD006210,2025-06-16,where_is_my_order,email,Sara,6.8,22.3,48,False,positive,closed
TKT000988,ORD006225,2025-04-08,damaged_item,email,Noor,19.8,43.8,24,False,negative,closed
TKT000989,ORD006239,2025-06-12,where_is_my_order,chat,Zehra,26.7,56.4,48,False,negative,open
TKT000990,ORD006253,2025-03-30,where_is_my_order,email,Zehra,26.3,70.5,48,False,positive,closed
TKT000991,ORD006254,2025-03-11,where_is_my_order,sms,Aylin,31.7,60.4,48,False,neutral,closed
TKT000992,ORD006257,2025-05-08,return_request,sms,Layla,13.2,31.1,48,False,neutral,closed
TKT000993,ORD006263,2025-01-18,where_is_my_order,email,Zehra,18.4,54.5,48,False,positive,closed
TKT000994,ORD006269,2025-01-17,product_question,chat,Sara,16.3,40.3,48,False,neutral,closed
TKT000995,ORD006275,2025-01-17,return_request,chat,Noor,11.5,30.8,48,False,positive,closed
TKT000996,ORD006282,2025-02-26,damaged_item,email,Layla,7.8,29.7,24,False,negative,closed
TKT000997,ORD006288,2025-06-30,where_is_my_order,chat,Noor,31.5,63.0,48,False,positive,closed
TKT000998,ORD006292,2025-06-30,product_question,email,Aylin,23.2,67.3,48,False,neutral,closed
TKT000999,ORD006293,2025-06-26,where_is_my_order,email,Aylin,10.1,53.8,48,False,negative,closed
TKT001000,ORD006314,2025-02-06,where_is_my_order,email,Layla,8.9,37.1,48,False,neutral,closed
TKT001001,ORD006317,2025-04-14,where_is_my_order,email,Aylin,2.0,37.4,48,False,negative,closed
TKT001002,ORD006327,2025-06-15,return_request,email,Aylin,9.2,31.5,48,False,positive,closed
TKT001003,ORD006328,2025-04-20,where_is_my_order,sms,Layla,13.4,31.6,48,False,positive,closed
TKT001004,ORD006332,2025-07-05,where_is_my_order,chat,Noor,22.6,55.5,48,False,negative,closed
TKT001005,ORD006343,2025-06-16,where_is_my_order,email,Layla,17.7,46.5,48,False,neutral,closed
TKT001006,ORD006348,2025-05-28,where_is_my_order,email,Sara,19.7,52.4,48,False,positive,pending
TKT001007,ORD006361,2025-03-12,where_is_my_order,social,Sara,21.1,67.0,48,False,neutral,open
TKT001008,ORD006363,2025-04-10,where_is_my_order,email,Sara,13.1,34.8,48,False,positive,closed
TKT001009,ORD006364,2025-02-01,where_is_my_order,chat,Sara,33.7,50.6,48,False,positive,closed
TKT001010,ORD006373,2025-07-04,where_is_my_order,social,Noor,22.8,37.8,48,False,neutral,closed
TKT001011,ORD006375,2025-03-03,where_is_my_order,email,Zehra,8.6,39.3,48,False,neutral,closed
TKT001012,ORD006393,2025-03-11,product_question,social,Sara,3.1,36.2,48,False,neutral,closed
TKT001013,ORD006396,2025-05-31,cancel_order,chat,Zehra,15.7,38.4,24,False,positive,closed
TKT001014,ORD006417,2025-03-29,cancel_order,email,Aylin,4.7,28.5,24,False,positive,closed
TKT001015,ORD006419,2025-06-13,where_is_my_order,email,Aylin,21.0,45.4,48,False,neutral,closed
TKT001016,ORD006420,2025-05-10,return_request,social,Aylin,39.5,55.1,48,False,neutral,closed
TKT001017,ORD006438,2025-03-13,cancel_order,email,Maya,11.2,43.4,24,False,neutral,closed
TKT001018,ORD006446,2025-02-11,return_request,chat,Zehra,17.4,57.5,48,False,neutral,closed
TKT001019,ORD006449,2025-05-18,where_is_my_order,chat,Sara,4.4,37.1,48,False,neutral,closed
TKT001020,ORD006455,2025-05-07,return_request,email,Maya,28.6,72.7,48,False,negative,closed
TKT001021,ORD006477,2025-06-01,product_question,email,Zehra,33.6,56.7,48,False,neutral,closed
TKT001022,ORD006478,2025-03-29,where_is_my_order,email,Sara,29.1,41.7,48,False,neutral,closed
TKT001023,ORD006481,2025-06-03,where_is_my_order,email,Maya,21.0,55.2,48,False,negative,closed
TKT001024,ORD006482,2025-04-04,address_change,social,Maya,17.8,49.8,48,False,neutral,closed
TKT001025,ORD006483,2025-06-21,cancel_order,email,Layla,27.3,45.6,24,True,negative,closed
TKT001026,ORD006496,2025-01-14,where_is_my_order,chat,Sara,15.6,31.9,48,False,neutral,closed
TKT001027,ORD006504,2025-06-18,where_is_my_order,email,Aylin,19.2,47.8,48,False,neutral,closed
TKT001028,ORD006512,2025-02-09,where_is_my_order,chat,Maya,40.7,67.5,48,False,positive,closed
TKT001029,ORD006515,2025-02-07,where_is_my_order,sms,Aylin,11.9,26.2,48,False,neutral,closed
TKT001030,ORD006535,2025-04-01,return_request,sms,Layla,11.8,29.1,48,False,positive,closed
TKT001031,ORD006553,2025-06-13,product_question,chat,Noor,24.4,71.9,48,False,neutral,closed
TKT001032,ORD006559,2025-06-23,address_change,chat,Layla,23.1,32.7,48,False,neutral,closed
TKT001033,ORD006560,2025-02-25,where_is_my_order,sms,Zehra,24.5,36.8,48,False,negative,closed
TKT001034,ORD006574,2025-04-23,return_request,email,Noor,21.1,48.7,48,False,neutral,closed
TKT001035,ORD006576,2025-05-05,product_question,chat,Sara,20.5,42.1,48,False,neutral,closed
TKT001036,ORD006591,2025-02-28,where_is_my_order,email,Layla,27.7,51.3,48,False,negative,closed
TKT001037,ORD006594,2025-06-07,where_is_my_order,chat,Sara,36.9,52.7,48,False,negative,closed
TKT001038,ORD006597,2025-02-24,where_is_my_order,email,Maya,19.8,62.3,48,False,neutral,closed
TKT001039,ORD006609,2025-01-29,where_is_my_order,chat,Zehra,26.0,68.7,48,False,positive,closed
TKT001040,ORD006616,2025-02-01,where_is_my_order,sms,Aylin,46.8,56.2,48,False,positive,closed
TKT001041,ORD006626,2025-06-21,product_question,chat,Sara,41.1,60.1,48,False,neutral,open
TKT001042,ORD006631,2025-05-13,where_is_my_order,email,Zehra,21.2,48.7,48,False,neutral,closed
TKT001043,ORD006633,2025-06-18,return_request,email,Sara,24.9,39.9,48,False,neutral,closed
TKT001044,ORD006635,2025-06-02,where_is_my_order,social,Zehra,13.0,48.8,48,False,positive,closed
TKT001045,ORD006647,2025-01-19,product_question,chat,Zehra,39.4,83.8,48,False,neutral,closed
TKT001046,ORD006650,2025-03-05,cancel_order,chat,Zehra,17.4,40.6,24,False,negative,closed
TKT001047,ORD006655,2025-04-11,where_is_my_order,chat,Zehra,30.1,63.7,48,False,neutral,pending
TKT001048,ORD006674,2025-03-29,address_change,email,Layla,11.9,44.8,48,False,neutral,closed
TKT001049,ORD006675,2025-05-16,return_request,email,Aylin,25.0,50.3,48,False,neutral,closed
TKT001050,ORD006680,2025-04-02,where_is_my_order,email,Maya,11.2,61.3,48,False,positive,closed
TKT001051,ORD006688,2025-06-17,where_is_my_order,sms,Maya,21.6,35.7,48,False,neutral,closed
TKT001052,ORD006689,2025-04-21,where_is_my_order,email,Maya,20.4,35.0,48,False,negative,closed
TKT001053,ORD006715,2025-04-30,return_request,social,Aylin,24.8,29.6,48,False,neutral,closed
TKT001054,ORD006717,2025-05-20,where_is_my_order,chat,Aylin,29.2,67.2,48,False,positive,closed
TKT001055,ORD006726,2025-03-23,where_is_my_order,chat,Layla,24.6,41.3,48,False,positive,closed
TKT001056,ORD006733,2025-06-16,where_is_my_order,social,Layla,34.1,56.1,48,False,neutral,closed
TKT001057,ORD006734,2025-06-04,where_is_my_order,sms,Aylin,10.9,47.9,48,False,negative,closed
TKT001058,ORD006737,2025-01-08,return_request,chat,Maya,11.1,13.1,48,False,neutral,closed
TKT001059,ORD006741,2025-04-30,damaged_item,email,Layla,15.7,53.3,24,False,negative,closed
TKT001060,ORD006745,2025-01-23,where_is_my_order,sms,Sara,25.9,42.4,48,False,neutral,closed
TKT001061,ORD006747,2025-04-24,address_change,email,Noor,14.9,64.6,48,False,positive,closed
TKT001062,ORD006748,2025-04-17,where_is_my_order,chat,Layla,1.0,35.1,48,False,negative,closed
TKT001063,ORD006756,2025-01-21,cancel_order,social,Aylin,7.2,36.8,24,False,positive,closed
TKT001064,ORD006768,2025-04-05,cancel_order,email,Aylin,26.7,65.6,24,True,negative,pending
TKT001065,ORD006769,2025-06-04,where_is_my_order,email,Aylin,29.0,51.4,48,False,positive,closed
TKT001066,ORD006773,2025-04-03,damaged_item,email,Sara,22.3,50.4,24,False,negative,closed
TKT001067,ORD006780,2025-05-22,where_is_my_order,email,Layla,52.2,79.2,48,True,negative,closed
TKT001068,ORD006782,2025-03-15,return_request,social,Maya,19.1,56.3,48,False,neutral,closed
TKT001069,ORD006785,2025-05-09,cancel_order,chat,Layla,1.0,30.7,24,False,neutral,closed
TKT001070,ORD006789,2025-05-24,return_request,social,Maya,16.6,45.8,48,False,neutral,closed
TKT001071,ORD006794,2025-04-28,damaged_item,social,Sara,24.7,44.2,24,True,negative,closed
TKT001072,ORD006795,2025-05-07,return_request,email,Noor,29.6,50.8,48,False,positive,closed
TKT001073,ORD006807,2025-04-08,where_is_my_order,email,Aylin,23.3,26.5,48,False,negative,closed
TKT001074,ORD006811,2025-02-05,where_is_my_order,chat,Maya,8.1,29.3,48,False,neutral,closed
TKT001075,ORD006815,2025-04-02,return_request,chat,Noor,32.0,45.2,48,False,positive,closed
TKT001076,ORD006816,2025-02-17,where_is_my_order,chat,Aylin,9.5,40.1,48,False,positive,closed
TKT001077,ORD006817,2025-05-08,product_question,social,Noor,23.9,25.9,48,False,neutral,closed
TKT001078,ORD006820,2025-06-29,where_is_my_order,chat,Aylin,21.0,78.7,48,False,negative,closed
TKT001079,ORD006821,2025-05-10,return_request,chat,Aylin,24.7,45.2,48,False,neutral,closed
TKT001080,ORD006822,2025-07-02,product_question,sms,Sara,28.5,55.2,48,False,neutral,closed
TKT001081,ORD006827,2025-01-09,address_change,email,Layla,32.8,55.8,48,False,positive,closed
TKT001082,ORD006828,2025-06-18,damaged_item,chat,Aylin,8.9,52.5,24,False,negative,closed
TKT001083,ORD006833,2025-02-23,where_is_my_order,social,Aylin,7.2,39.5,48,False,neutral,closed
TKT001084,ORD006838,2025-05-09,where_is_my_order,email,Aylin,16.4,34.9,48,False,neutral,closed
TKT001085,ORD006847,2025-02-19,product_question,chat,Maya,23.0,27.5,48,False,neutral,closed
TKT001086,ORD006852,2025-03-16,address_change,chat,Layla,16.6,48.3,48,False,neutral,closed
TKT001087,ORD006858,2025-03-17,product_question,email,Maya,4.9,38.2,48,False,neutral,closed
TKT001088,ORD006870,2025-04-17,where_is_my_order,sms,Layla,21.6,59.0,48,False,neutral,closed
TKT001089,ORD006882,2025-05-08,where_is_my_order,chat,Aylin,16.1,44.3,48,False,neutral,closed
TKT001090,ORD006886,2025-06-30,where_is_my_order,email,Noor,36.1,53.8,48,False,negative,closed
TKT001091,ORD006887,2025-03-24,product_question,social,Layla,17.4,54.4,48,False,neutral,closed
TKT001092,ORD006891,2025-04-29,where_is_my_order,chat,Sara,20.5,33.6,48,False,positive,closed
TKT001093,ORD006903,2025-05-14,damaged_item,email,Maya,1.0,39.0,24,False,negative,closed
TKT001094,ORD006919,2025-03-07,cancel_order,social,Zehra,7.2,45.5,24,False,positive,closed
TKT001095,ORD006941,2025-05-14,return_request,chat,Aylin,29.5,52.4,48,False,negative,closed
TKT001096,ORD006944,2025-04-28,return_request,email,Zehra,21.0,45.0,48,False,neutral,closed
TKT001097,ORD006946,2025-05-30,return_request,email,Sara,24.1,36.2,48,False,positive,closed
TKT001098,ORD006962,2025-02-06,address_change,email,Sara,30.4,52.1,48,False,neutral,closed
TKT001099,ORD006967,2025-04-16,return_request,chat,Layla,25.5,40.7,48,False,neutral,closed
TKT001100,ORD006969,2025-05-01,where_is_my_order,email,Maya,19.6,27.6,48,False,neutral,closed
TKT001101,ORD006971,2025-06-03,damaged_item,sms,Zehra,16.0,49.3,24,False,negative,pending
TKT001102,ORD006982,2025-07-05,product_question,chat,Layla,16.0,53.9,48,False,neutral,closed
TKT001103,ORD006997,2025-05-24,where_is_my_order,email,Layla,7.4,26.3,48,False,positive,closed
TKT001104,ORD006999,2025-06-20,where_is_my_order,chat,Zehra,31.2,51.4,48,False,neutral,closed
TKT001105,ORD007002,2025-06-18,damaged_item,social,Maya,22.5,47.2,24,False,negative,closed
TKT001106,ORD007003,2025-04-28,damaged_item,chat,Layla,30.1,52.1,24,True,negative,closed
TKT001107,ORD007006,2025-03-26,damaged_item,email,Zehra,27.2,56.3,24,True,negative,closed
TKT001108,ORD007007,2025-06-13,return_request,email,Noor,29.2,44.6,48,False,positive,closed
TKT001109,ORD007012,2025-06-28,address_change,chat,Aylin,36.1,52.3,48,False,positive,closed
TKT001110,ORD007013,2025-01-04,where_is_my_order,email,Maya,31.2,35.4,48,False,positive,closed
TKT001111,ORD007015,2025-03-01,damaged_item,email,Maya,21.6,47.9,24,False,negative,closed
TKT001112,ORD007019,2025-01-15,return_request,email,Aylin,26.4,71.5,48,False,neutral,closed
TKT001113,ORD007030,2025-06-19,where_is_my_order,social,Maya,23.8,60.1,48,False,neutral,closed
TKT001114,ORD007036,2025-04-28,product_question,social,Noor,1.0,3.0,48,False,neutral,closed
TKT001115,ORD007041,2025-05-08,where_is_my_order,chat,Maya,15.8,36.5,48,False,neutral,closed
TKT001116,ORD007044,2025-02-21,where_is_my_order,chat,Aylin,27.0,35.6,48,False,neutral,closed
TKT001117,ORD007046,2025-07-03,where_is_my_order,chat,Zehra,5.5,28.8,48,False,neutral,closed
TKT001118,ORD007047,2025-03-24,damaged_item,social,Aylin,16.6,54.1,24,False,negative,closed
TKT001119,ORD007052,2025-02-20,where_is_my_order,email,Noor,13.5,19.5,48,False,negative,closed
TKT001120,ORD007057,2025-06-17,product_question,chat,Aylin,19.8,37.4,48,False,neutral,closed
TKT001121,ORD007064,2025-01-19,where_is_my_order,social,Layla,32.4,55.4,48,False,negative,closed
TKT001122,ORD007072,2025-02-20,return_request,chat,Maya,23.4,65.3,48,False,positive,closed
TKT001123,ORD007083,2025-06-08,return_request,chat,Aylin,25.2,64.5,48,False,positive,closed
TKT001124,ORD007096,2025-03-01,where_is_my_order,email,Layla,28.9,69.6,48,False,negative,closed
TKT001125,ORD007099,2025-02-22,cancel_order,email,Zehra,12.0,43.4,24,False,neutral,open
TKT001126,ORD007101,2025-03-15,product_question,email,Layla,25.3,45.7,48,False,neutral,closed
TKT001127,ORD007109,2025-03-15,damaged_item,chat,Aylin,12.3,29.6,24,False,negative,closed
TKT001128,ORD007114,2025-04-17,return_request,chat,Zehra,20.7,36.7,48,False,negative,closed
TKT001129,ORD007115,2025-06-07,return_request,chat,Layla,38.8,76.9,48,False,neutral,closed
TKT001130,ORD007123,2025-06-29,return_request,chat,Layla,18.9,34.5,48,False,neutral,closed
TKT001131,ORD007136,2025-05-12,where_is_my_order,chat,Noor,11.9,32.7,48,False,neutral,closed
TKT001132,ORD007142,2025-05-23,where_is_my_order,sms,Zehra,33.8,50.4,48,False,negative,closed
TKT001133,ORD007149,2025-05-27,damaged_item,email,Zehra,10.5,50.5,24,False,negative,closed
TKT001134,ORD007154,2025-04-22,return_request,email,Maya,17.0,34.1,48,False,positive,closed
TKT001135,ORD007157,2025-06-20,where_is_my_order,email,Zehra,26.1,28.1,48,False,neutral,closed
TKT001136,ORD007159,2025-02-10,product_question,social,Maya,25.0,28.5,48,False,neutral,closed
TKT001137,ORD007160,2025-02-08,product_question,chat,Layla,15.7,52.9,48,False,neutral,closed
TKT001138,ORD007164,2025-06-09,product_question,social,Layla,29.0,50.3,48,False,neutral,closed
TKT001139,ORD007171,2025-04-06,where_is_my_order,chat,Noor,10.7,38.6,48,False,negative,pending
TKT001140,ORD007190,2025-05-10,damaged_item,email,Maya,22.2,52.5,24,False,negative,open
TKT001141,ORD007196,2025-06-26,damaged_item,email,Zehra,2.6,15.9,24,False,negative,closed
TKT001142,ORD007199,2025-05-22,where_is_my_order,sms,Noor,26.0,57.1,48,False,positive,closed
TKT001143,ORD007202,2025-03-17,address_change,chat,Maya,19.6,23.7,48,False,negative,closed
TKT001144,ORD007203,2025-01-11,where_is_my_order,email,Aylin,34.8,54.6,48,False,neutral,closed
TKT001145,ORD007207,2025-04-11,where_is_my_order,social,Layla,22.7,51.6,48,False,neutral,closed
TKT001146,ORD007216,2025-01-19,damaged_item,chat,Zehra,19.8,38.4,24,False,negative,closed
TKT001147,ORD007219,2025-03-07,product_question,social,Maya,35.7,61.9,48,False,neutral,closed
TKT001148,ORD007220,2025-02-18,address_change,chat,Aylin,9.6,20.8,48,False,positive,closed
TKT001149,ORD007235,2025-04-30,where_is_my_order,chat,Zehra,24.0,58.5,48,False,negative,closed
TKT001150,ORD007238,2025-05-02,where_is_my_order,social,Noor,21.1,44.1,48,False,neutral,closed
TKT001151,ORD007253,2025-06-15,where_is_my_order,chat,Sara,16.3,48.5,48,False,positive,closed
TKT001152,ORD007256,2025-01-15,address_change,chat,Maya,6.2,41.3,48,False,neutral,closed
TKT001153,ORD007257,2025-04-04,damaged_item,chat,Zehra,14.6,57.1,24,False,negative,closed
TKT001154,ORD007263,2025-04-14,return_request,email,Layla,25.9,53.0,48,False,neutral,closed
TKT001155,ORD007268,2025-05-08,cancel_order,social,Aylin,8.2,37.7,24,False,neutral,closed
TKT001156,ORD007298,2025-01-26,address_change,chat,Zehra,7.2,42.4,48,False,positive,closed
TKT001157,ORD007301,2025-04-02,where_is_my_order,email,Maya,18.9,50.1,48,False,negative,closed
TKT001158,ORD007306,2025-04-04,address_change,chat,Maya,31.0,77.1,48,False,neutral,closed
TKT001159,ORD007314,2025-04-29,where_is_my_order,email,Layla,23.5,55.0,48,False,positive,closed
TKT001160,ORD007316,2025-02-10,where_is_my_order,email,Sara,13.9,34.3,48,False,positive,pending
TKT001161,ORD007319,2025-04-01,product_question,email,Aylin,23.0,51.8,48,False,neutral,closed
TKT001162,ORD007320,2025-03-14,damaged_item,chat,Aylin,34.1,70.4,24,True,negative,closed
TKT001163,ORD007322,2025-01-10,where_is_my_order,email,Aylin,18.8,49.6,48,False,positive,closed
TKT001164,ORD007329,2025-02-28,where_is_my_order,chat,Layla,17.5,57.6,48,False,neutral,open
TKT001165,ORD007330,2025-03-26,damaged_item,email,Aylin,30.4,84.9,24,True,negative,closed
TKT001166,ORD007339,2025-02-07,where_is_my_order,email,Zehra,12.6,51.3,48,False,neutral,closed
TKT001167,ORD007343,2025-06-13,return_request,chat,Sara,30.2,68.4,48,False,negative,closed
TKT001168,ORD007346,2025-04-19,address_change,social,Sara,29.4,45.0,48,False,positive,open
TKT001169,ORD007347,2025-03-13,product_question,chat,Zehra,24.7,47.7,48,False,neutral,closed
TKT001170,ORD007358,2025-02-05,where_is_my_order,chat,Layla,31.6,70.7,48,False,positive,closed
TKT001171,ORD007363,2025-06-23,damaged_item,chat,Sara,17.6,39.7,24,False,negative,closed
TKT001172,ORD007364,2025-06-08,where_is_my_order,chat,Zehra,22.5,58.6,48,False,neutral,closed
TKT001173,ORD007365,2025-02-15,product_question,chat,Aylin,13.3,38.4,48,False,neutral,closed
TKT001174,ORD007366,2025-01-25,product_question,email,Noor,22.0,53.7,48,False,neutral,closed
TKT001175,ORD007377,2025-01-27,return_request,email,Sara,14.7,68.9,48,False,positive,closed
TKT001176,ORD007382,2025-03-24,product_question,email,Sara,24.2,55.7,48,False,neutral,closed
TKT001177,ORD007385,2025-02-01,return_request,social,Layla,36.3,47.1,48,False,positive,closed
TKT001178,ORD007389,2025-01-17,address_change,chat,Aylin,25.8,67.6,48,False,positive,closed
TKT001179,ORD007391,2025-02-28,where_is_my_order,sms,Maya,13.7,41.1,48,False,positive,closed
TKT001180,ORD007397,2025-03-18,product_question,email,Zehra,26.2,45.8,48,False,neutral,closed
TKT001181,ORD007405,2025-04-10,where_is_my_order,chat,Layla,24.6,44.5,48,False,positive,closed
TKT001182,ORD007409,2025-04-29,cancel_order,email,Sara,21.3,48.4,24,False,negative,closed
TKT001183,ORD007427,2025-07-07,damaged_item,social,Sara,30.9,76.9,24,True,negative,closed
TKT001184,ORD007429,2025-04-23,where_is_my_order,chat,Sara,27.4,46.4,48,False,neutral,closed
TKT001185,ORD007433,2025-05-18,where_is_my_order,chat,Layla,7.8,36.4,48,False,positive,closed
TKT001186,ORD007436,2025-04-02,where_is_my_order,social,Maya,21.0,41.9,48,False,neutral,pending
TKT001187,ORD007442,2025-06-05,where_is_my_order,email,Sara,22.6,59.6,48,False,positive,closed
TKT001188,ORD007447,2025-05-09,return_request,chat,Maya,24.0,53.5,48,False,neutral,closed
TKT001189,ORD007450,2025-04-09,where_is_my_order,chat,Sara,15.8,39.7,48,False,negative,closed
TKT001190,ORD007463,2025-01-14,where_is_my_order,email,Zehra,22.2,57.6,48,False,neutral,closed
TKT001191,ORD007466,2025-01-07,where_is_my_order,chat,Layla,30.8,50.1,48,False,neutral,closed
TKT001192,ORD007469,2025-06-06,where_is_my_order,email,Sara,45.8,65.9,48,False,positive,closed
TKT001193,ORD007474,2025-03-27,product_question,email,Zehra,20.9,43.0,48,False,neutral,closed
TKT001194,ORD007483,2025-04-14,return_request,sms,Sara,8.7,50.3,48,False,neutral,closed
TKT001195,ORD007485,2025-03-08,return_request,social,Layla,17.3,36.8,48,False,neutral,closed
TKT001196,ORD007492,2025-07-08,where_is_my_order,email,Zehra,17.4,23.9,48,False,neutral,closed
TKT001197,ORD007520,2025-01-10,where_is_my_order,sms,Sara,33.5,59.0,48,False,positive,closed
TKT001198,ORD007528,2025-06-02,where_is_my_order,email,Noor,20.4,61.3,48,False,neutral,closed
TKT001199,ORD007533,2025-03-25,damaged_item,email,Aylin,10.6,43.9,24,False,negative,closed
TKT001200,ORD007540,2025-03-06,where_is_my_order,chat,Aylin,14.2,53.5,48,False,neutral,closed
TKT001201,ORD007542,2025-03-25,damaged_item,email,Zehra,14.7,40.7,24,False,negative,closed
TKT001202,ORD007549,2025-01-30,where_is_my_order,email,Noor,22.3,29.8,48,False,neutral,closed
TKT001203,ORD007551,2025-06-18,product_question,email,Sara,15.2,51.1,48,False,neutral,closed
TKT001204,ORD007552,2025-05-15,return_request,chat,Layla,19.6,42.7,48,False,positive,open
TKT001205,ORD007561,2025-06-29,return_request,email,Zehra,10.8,20.7,48,False,positive,closed
TKT001206,ORD007570,2025-07-05,where_is_my_order,chat,Maya,23.4,41.4,48,False,positive,closed
TKT001207,ORD007573,2025-01-26,return_request,chat,Zehra,21.5,55.6,48,False,positive,closed
TKT001208,ORD007578,2025-01-09,where_is_my_order,chat,Zehra,12.5,33.9,48,False,positive,closed
TKT001209,ORD007579,2025-01-15,damaged_item,email,Zehra,34.9,75.0,24,True,negative,closed
TKT001210,ORD007601,2025-07-06,where_is_my_order,social,Aylin,26.2,49.6,48,False,negative,closed
TKT001211,ORD007604,2025-04-27,return_request,email,Layla,37.0,69.6,48,False,positive,closed
TKT001212,ORD007611,2025-05-30,product_question,chat,Zehra,8.9,34.9,48,False,neutral,closed
TKT001213,ORD007615,2025-03-21,address_change,email,Aylin,12.1,41.7,48,False,neutral,closed
TKT001214,ORD007622,2025-05-20,where_is_my_order,email,Layla,25.9,50.0,48,False,positive,closed
TKT001215,ORD007623,2025-02-01,damaged_item,email,Noor,25.8,49.1,24,True,negative,closed
TKT001216,ORD007624,2025-02-02,return_request,email,Maya,19.0,42.6,48,False,neutral,closed
TKT001217,ORD007628,2025-06-17,where_is_my_order,email,Sara,6.8,39.4,48,False,positive,closed
TKT001218,ORD007634,2025-04-24,return_request,email,Noor,26.6,41.3,48,False,positive,closed
TKT001219,ORD007639,2025-04-21,product_question,email,Aylin,25.4,32.2,48,False,neutral,closed
TKT001220,ORD007643,2025-03-15,where_is_my_order,email,Aylin,10.3,37.8,48,False,neutral,closed
TKT001221,ORD007644,2025-05-19,where_is_my_order,email,Maya,42.1,76.3,48,False,positive,closed
TKT001222,ORD007653,2025-04-10,address_change,sms,Maya,5.1,15.5,48,False,neutral,open
TKT001223,ORD007659,2025-02-02,where_is_my_order,email,Sara,28.7,55.2,48,False,positive,closed
TKT001224,ORD007662,2025-07-01,product_question,email,Layla,9.5,35.9,48,False,neutral,closed
TKT001225,ORD007667,2025-06-04,where_is_my_order,chat,Layla,10.2,28.0,48,False,positive,closed
TKT001226,ORD007695,2025-02-27,product_question,email,Noor,30.2,58.2,48,False,neutral,closed
TKT001227,ORD007697,2025-03-15,damaged_item,email,Noor,35.1,51.8,24,True,negative,closed
TKT001228,ORD007704,2025-05-08,return_request,email,Maya,38.2,67.0,48,False,neutral,closed
TKT001229,ORD007710,2025-05-14,where_is_my_order,email,Aylin,5.9,55.0,48,False,neutral,closed
TKT001230,ORD007713,2025-03-26,return_request,chat,Aylin,15.4,37.6,48,False,neutral,closed
TKT001231,ORD007716,2025-01-16,where_is_my_order,chat,Aylin,18.6,62.5,48,False,neutral,closed
TKT001232,ORD007720,2025-03-23,product_question,social,Aylin,24.4,36.7,48,False,neutral,pending
TKT001233,ORD007753,2025-06-27,cancel_order,chat,Zehra,21.3,40.9,24,False,negative,closed
TKT001234,ORD007765,2025-05-03,return_request,chat,Sara,41.6,62.4,48,False,negative,closed
TKT001235,ORD007766,2025-01-09,where_is_my_order,email,Noor,10.9,34.6,48,False,positive,closed
TKT001236,ORD007775,2025-05-10,where_is_my_order,email,Aylin,42.6,50.5,48,False,negative,closed
TKT001237,ORD007779,2025-02-15,address_change,social,Zehra,19.7,45.2,48,False,positive,closed
TKT001238,ORD007792,2025-04-10,where_is_my_order,chat,Sara,11.0,29.8,48,False,positive,closed
TKT001239,ORD007797,2025-02-28,return_request,social,Noor,20.5,43.2,48,False,negative,closed
TKT001240,ORD007810,2025-01-09,return_request,chat,Maya,23.7,58.5,48,False,positive,open
TKT001241,ORD007829,2025-06-02,where_is_my_order,social,Aylin,53.7,65.1,48,True,negative,closed
TKT001242,ORD007835,2025-04-29,damaged_item,email,Sara,10.2,28.5,24,False,negative,closed
TKT001243,ORD007841,2025-06-14,where_is_my_order,chat,Noor,23.2,41.4,48,False,neutral,closed
TKT001244,ORD007855,2025-03-05,return_request,email,Sara,18.1,28.4,48,False,positive,closed
TKT001245,ORD007859,2025-06-12,where_is_my_order,email,Noor,28.4,61.0,48,False,neutral,pending
TKT001246,ORD007881,2025-02-25,where_is_my_order,social,Zehra,20.5,70.7,48,False,positive,closed
TKT001247,ORD007882,2025-01-11,where_is_my_order,chat,Layla,21.4,59.3,48,False,negative,closed
TKT001248,ORD007899,2025-06-29,where_is_my_order,email,Noor,30.8,48.4,48,False,negative,closed
TKT001249,ORD007902,2025-04-30,product_question,chat,Sara,31.8,68.2,48,False,neutral,closed
TKT001250,ORD007914,2025-06-12,where_is_my_order,sms,Maya,29.2,55.4,48,False,neutral,pending
TKT001251,ORD007917,2025-06-24,return_request,email,Maya,18.3,26.2,48,False,neutral,closed
TKT001252,ORD007918,2025-01-19,where_is_my_order,email,Zehra,30.0,63.8,48,False,neutral,closed
TKT001253,ORD007921,2025-05-07,where_is_my_order,chat,Aylin,21.8,41.0,48,False,neutral,closed
TKT001254,ORD007925,2025-06-12,return_request,social,Maya,12.0,54.3,48,False,negative,closed
TKT001255,ORD007941,2025-02-06,where_is_my_order,chat,Maya,17.7,51.9,48,False,negative,open
TKT001256,ORD007942,2025-03-16,where_is_my_order,social,Aylin,22.6,42.2,48,False,negative,open
TKT001257,ORD007944,2025-04-10,where_is_my_order,email,Noor,17.5,42.9,48,False,neutral,closed
TKT001258,ORD007948,2025-03-22,return_request,chat,Noor,26.4,59.4,48,False,negative,closed
TKT001259,ORD007951,2025-05-06,return_request,sms,Aylin,23.2,56.7,48,False,positive,closed
TKT001260,ORD007955,2025-06-16,return_request,email,Zehra,32.7,62.1,48,False,positive,closed
TKT001261,ORD007957,2025-03-21,damaged_item,email,Aylin,15.5,35.9,24,False,negative,closed
TKT001262,ORD007970,2025-01-16,cancel_order,sms,Maya,4.0,36.4,24,False,positive,closed
TKT001263,ORD007976,2025-06-19,return_request,chat,Layla,22.3,46.2,48,False,neutral,closed
TKT001264,ORD007982,2025-06-16,where_is_my_order,social,Noor,36.8,59.2,48,False,positive,closed
TKT001265,ORD007983,2025-06-30,where_is_my_order,email,Maya,14.3,51.6,48,False,neutral,open
TKT001266,ORD007986,2025-02-11,where_is_my_order,chat,Layla,28.0,46.7,48,False,neutral,closed
TKT001267,ORD007989,2025-05-10,return_request,chat,Zehra,22.1,40.7,48,False,positive,closed
TKT001268,ORD007994,2025-06-15,product_question,email,Noor,30.2,47.1,48,False,neutral,closed
TKT001269,ORD007995,2025-01-23,where_is_my_order,social,Sara,31.9,38.9,48,False,negative,closed
TKT001270,ORD007999,2025-02-27,where_is_my_order,chat,Noor,25.4,73.0,48,False,negative,closed
TKT001271,ORD008003,2025-03-02,where_is_my_order,email,Sara,21.2,41.2,48,False,neutral,closed
TKT001272,ORD008013,2025-05-08,address_change,email,Maya,39.1,73.1,48,False,neutral,closed
TKT001273,ORD008014,2025-03-12,address_change,email,Maya,30.8,64.6,48,False,neutral,closed
TKT001274,ORD008015,2025-01-09,where_is_my_order,email,Noor,14.4,36.4,48,False,neutral,closed
TKT001275,ORD008021,2025-02-14,product_question,sms,Layla,18.8,20.8,48,False,neutral,closed
TKT001276,ORD008028,2025-05-23,return_request,social,Sara,33.5,75.1,48,False,neutral,open
TKT001277,ORD008035,2025-01-07,address_change,chat,Layla,11.7,27.6,48,False,positive,closed
TKT001278,ORD008037,2025-03-28,return_request,social,Layla,34.8,42.9,48,False,negative,closed
TKT001279,ORD008041,2025-02-15,return_request,email,Aylin,25.4,42.0,48,False,neutral,closed
TKT001280,ORD008059,2025-05-17,damaged_item,chat,Maya,29.9,59.2,24,True,negative,closed
TKT001281,ORD008060,2025-06-15,address_change,chat,Maya,6.9,43.1,48,False,positive,closed
TKT001282,ORD008066,2025-02-08,product_question,email,Noor,12.3,33.2,48,False,neutral,closed
TKT001283,ORD008068,2025-03-24,where_is_my_order,sms,Noor,17.2,74.9,48,False,neutral,closed
TKT001284,ORD008084,2025-04-27,where_is_my_order,chat,Maya,14.6,16.6,48,False,neutral,closed
TKT001285,ORD008088,2025-02-10,product_question,social,Layla,20.7,23.3,48,False,neutral,closed
TKT001286,ORD008095,2025-01-14,where_is_my_order,email,Aylin,22.5,67.5,48,False,positive,closed
TKT001287,ORD008099,2025-03-25,product_question,chat,Maya,5.4,35.5,48,False,neutral,closed
TKT001288,ORD008101,2025-02-11,return_request,email,Maya,34.8,64.4,48,False,neutral,closed
TKT001289,ORD008102,2025-02-10,damaged_item,social,Layla,22.3,49.4,24,False,negative,closed
TKT001290,ORD008110,2025-04-30,where_is_my_order,email,Noor,19.1,68.1,48,False,negative,closed
TKT001291,ORD008114,2025-05-24,where_is_my_order,email,Layla,18.4,29.1,48,False,neutral,closed
TKT001292,ORD008124,2025-02-17,where_is_my_order,email,Noor,32.7,42.5,48,False,neutral,closed
TKT001293,ORD008126,2025-03-20,where_is_my_order,email,Aylin,15.5,52.2,48,False,negative,closed
TKT001294,ORD008165,2025-03-23,where_is_my_order,chat,Maya,28.1,60.5,48,False,positive,closed
TKT001295,ORD008185,2025-03-26,where_is_my_order,chat,Sara,14.3,58.4,48,False,positive,closed
TKT001296,ORD008195,2025-06-23,product_question,chat,Layla,22.5,58.2,48,False,neutral,closed
TKT001297,ORD008197,2025-04-28,where_is_my_order,social,Zehra,15.9,31.3,48,False,positive,closed
TKT001298,ORD008204,2025-04-21,return_request,email,Maya,18.6,56.2,48,False,positive,closed
TKT001299,ORD008208,2025-03-08,cancel_order,chat,Layla,18.8,46.6,24,False,neutral,closed
TKT001300,ORD008210,2025-06-29,return_request,chat,Maya,16.7,32.2,48,False,positive,closed
TKT001301,ORD008226,2025-01-29,where_is_my_order,email,Aylin,3.6,46.7,48,False,neutral,closed
TKT001302,ORD008229,2025-07-03,where_is_my_order,email,Sara,26.6,48.7,48,False,neutral,closed
TKT001303,ORD008237,2025-06-27,return_request,chat,Sara,28.7,62.0,48,False,neutral,closed
TKT001304,ORD008251,2025-03-27,return_request,chat,Aylin,43.9,81.5,48,False,positive,closed
TKT001305,ORD008264,2025-06-28,return_request,email,Maya,35.9,72.3,48,False,negative,closed
TKT001306,ORD008270,2025-03-18,damaged_item,chat,Layla,27.1,46.0,24,True,negative,closed
TKT001307,ORD008272,2025-02-09,where_is_my_order,email,Aylin,28.6,58.3,48,False,negative,closed
TKT001308,ORD008275,2025-03-04,return_request,email,Layla,28.7,47.2,48,False,negative,closed
TKT001309,ORD008276,2025-03-17,return_request,social,Layla,40.7,52.7,48,False,neutral,closed
TKT001310,ORD008280,2025-03-10,address_change,email,Aylin,30.4,54.9,48,False,positive,closed
TKT001311,ORD008286,2025-02-09,address_change,chat,Aylin,33.0,57.5,48,False,neutral,closed
TKT001312,ORD008293,2025-04-01,return_request,email,Layla,33.5,74.9,48,False,neutral,open
TKT001313,ORD008296,2025-03-27,where_is_my_order,chat,Layla,3.1,31.6,48,False,negative,closed
TKT001314,ORD008297,2025-05-10,where_is_my_order,email,Layla,10.5,38.9,48,False,neutral,closed
TKT001315,ORD008298,2025-03-06,address_change,chat,Noor,25.7,27.7,48,False,negative,closed
TKT001316,ORD008301,2025-05-16,product_question,chat,Sara,16.9,53.7,48,False,neutral,closed
TKT001317,ORD008307,2025-05-14,damaged_item,email,Aylin,20.6,51.8,24,False,negative,closed
TKT001318,ORD008312,2025-03-09,product_question,email,Aylin,17.2,19.6,48,False,neutral,closed
TKT001319,ORD008320,2025-03-27,product_question,chat,Aylin,3.7,41.2,48,False,neutral,closed
TKT001320,ORD008327,2025-05-15,address_change,chat,Sara,21.3,47.6,48,False,neutral,closed
TKT001321,ORD008331,2025-02-19,return_request,social,Zehra,27.2,79.7,48,False,neutral,closed
TKT001322,ORD008343,2025-05-14,where_is_my_order,email,Noor,21.1,35.0,48,False,neutral,closed
TKT001323,ORD008347,2025-05-03,product_question,chat,Aylin,19.0,55.5,48,False,neutral,closed
TKT001324,ORD008348,2025-02-06,return_request,sms,Aylin,32.8,48.4,48,False,positive,closed
TKT001325,ORD008353,2025-06-02,return_request,sms,Maya,29.8,45.8,48,False,neutral,closed
TKT001326,ORD008355,2025-04-10,where_is_my_order,email,Zehra,21.1,29.5,48,False,negative,closed
TKT001327,ORD008366,2025-06-30,where_is_my_order,social,Layla,23.0,48.7,48,False,neutral,closed
TKT001328,ORD008368,2025-06-02,where_is_my_order,chat,Aylin,20.7,36.8,48,False,neutral,closed
TKT001329,ORD008375,2025-05-06,where_is_my_order,social,Layla,7.1,39.6,48,False,positive,closed
TKT001330,ORD008380,2025-03-25,return_request,chat,Maya,19.7,41.8,48,False,negative,closed
TKT001331,ORD008384,2025-03-07,return_request,chat,Sara,36.3,55.6,48,False,positive,closed
TKT001332,ORD008395,2025-01-20,return_request,social,Layla,46.3,69.2,48,False,neutral,closed
TKT001333,ORD008397,2025-04-12,where_is_my_order,email,Maya,33.2,68.1,48,False,neutral,closed
TKT001334,ORD008400,2025-06-05,where_is_my_order,email,Maya,47.4,66.4,48,False,positive,closed
TKT001335,ORD008408,2025-05-19,where_is_my_order,chat,Maya,17.4,51.6,48,False,neutral,closed
TKT001336,ORD008414,2025-03-09,return_request,email,Noor,16.2,46.9,48,False,neutral,closed
TKT001337,ORD008415,2025-01-23,where_is_my_order,email,Sara,8.1,48.7,48,False,neutral,closed
TKT001338,ORD008420,2025-01-21,return_request,chat,Aylin,20.9,28.6,48,False,neutral,closed
TKT001339,ORD008422,2025-06-16,where_is_my_order,social,Aylin,25.4,50.4,48,False,neutral,closed
TKT001340,ORD008427,2025-06-09,cancel_order,social,Maya,19.3,48.6,24,False,positive,closed
TKT001341,ORD008431,2025-01-04,return_request,email,Maya,12.0,45.8,48,False,neutral,closed
TKT001342,ORD008434,2025-05-07,product_question,email,Maya,20.9,51.5,48,False,neutral,closed
TKT001343,ORD008439,2025-06-25,where_is_my_order,chat,Layla,21.5,23.5,48,False,neutral,closed
TKT001344,ORD008453,2025-02-11,where_is_my_order,email,Zehra,9.1,44.3,48,False,neutral,closed
TKT001345,ORD008454,2025-07-07,cancel_order,email,Noor,20.1,47.4,24,False,neutral,closed
TKT001346,ORD008462,2025-05-07,where_is_my_order,email,Noor,5.5,38.2,48,False,neutral,pending
TKT001347,ORD008468,2025-04-03,where_is_my_order,email,Maya,7.8,17.3,48,False,positive,closed
TKT001348,ORD008470,2025-03-21,where_is_my_order,social,Aylin,25.3,46.3,48,False,neutral,open
TKT001349,ORD008472,2025-06-01,where_is_my_order,chat,Noor,30.7,64.1,48,False,neutral,closed
TKT001350,ORD008480,2025-06-09,damaged_item,chat,Aylin,31.8,65.1,24,True,negative,closed
TKT001351,ORD008489,2025-06-08,where_is_my_order,social,Layla,10.5,23.0,48,False,neutral,closed
TKT001352,ORD008495,2025-04-28,damaged_item,chat,Sara,27.3,40.5,24,True,negative,closed
